NaN,NaN,NaN,NaN,NaN,NaN,-0.000128,-0.000569,-0.000166,-0.002119,-0.001990,-0.000446,0.001092,-0.000938,-0.000998,-0.000084,0.000101,0.000974,0.000345,0.000784,-0.000651,-0.000021,-0.001229,-0.000671,-0.000365,0.000612,0.000295,-0.001015,0.001126,-0.000391,0.001323,-0.001180,NaN,-0.001255,0.000048,-0.000325,0.000641,-0.000151,-0.000235,0.000026,-0.000500,0.000107,0.000997,0.002455,-0.000087,-0.000245,0.000072,0.000956,0.000820,0.000619,0.000812,0.001118,0.000883,0.000396,-0.000095,0.000032,0.001174,0.000478,-0.000321,NaN,NaN,NaN,NaN,NaN
NaN,NaN,NaN,NaN,NaN,NaN,-0.000149,-0.001452,-0.000484,-0.001418,-0.000978,0.000470,0.000102,0.000613,0.000421,-0.000511,-0.000356,0.000036,0.000044,-0.000238,-0.000264,0.001511,-0.000193,0.000863,0.002770,0.000304,-0.000120,-0.001408,0.000763,-0.000120,0.000080,-0.000242,NaN,0.002486,-0.000319,0.000227,-0.000218,-0.000356,0.000215,-0.000229,0.000053,-0.000334,-0.000020,0.000404,-0.000357,0.000790,-0.000365,0.000143,0.000126,0.001088,0.000095,-0.000007,0.000515,0.001718,0.000201,-0.000916,-0.000321,0.000023,-0.000499,NaN,NaN,NaN,NaN,NaN
NaN,NaN,NaN,NaN,NaN,NaN,NaN,NaN,NaN,NaN,NaN,NaN,NaN,NaN,NaN,NaN,NaN,NaN,NaN,NaN,NaN,NaN,NaN,NaN,NaN,NaN,NaN,NaN,NaN,NaN,NaN,NaN,NaN,NaN,NaN,NaN,NaN,NaN,NaN,NaN,NaN,NaN,NaN,NaN,NaN,NaN,NaN,NaN,NaN,NaN,NaN,NaN,NaN,NaN,NaN,NaN,NaN,NaN,NaN,NaN,NaN,NaN,NaN,NaN
NaN,NaN,NaN,NaN,NaN,NaN,NaN,NaN,NaN,NaN,NaN,NaN,NaN,NaN,NaN,NaN,NaN,NaN,NaN,NaN,NaN,NaN,NaN,NaN,NaN,NaN,NaN,NaN,NaN,NaN,NaN,NaN,NaN,NaN,NaN,NaN,NaN,NaN,NaN,NaN,NaN,NaN,NaN,NaN,NaN,NaN,NaN,NaN,NaN,NaN,NaN,NaN,NaN,NaN,NaN,NaN,NaN,NaN,NaN,NaN,NaN,NaN,NaN,NaN
NaN,NaN,NaN,NaN,NaN,NaN,0.007775,0.001716,-0.007631,-0.014778,-0.023919,-0.028119,-0.030130,-0.029990,-0.024115,-0.016739,-0.002207,0.008697,0.023412,0.032110,0.036969,0.043427,0.041760,0.034363,0.019667,0.008990,-0.009803,-0.021109,-0.036882,-0.044997,-0.045701,-0.042743,NaN,-0.024593,-0.010111,0.006020,0.023318,0.032838,0.040649,0.041669,0.041071,0.034862,0.023886,0.008211,-0.004991,-0.018434,-0.025160,-0.033647,-0.035519,-0.032054,-0.025649,-0.017281,-0.006452,0.002491,0.009757,0.015237,0.018759,0.018187,0.015487,NaN,NaN,NaN,NaN,NaN
NaN,NaN,NaN,NaN,NaN,NaN,0.014517,0.010739,0.003202,-0.006223,-0.015248,-0.024572,-0.029220,-0.032596,-0.031246,-0.025942,-0.015408,-0.002804,0.010371,0.024650,0.034280,0.041676,0.044050,0.040458,0.030131,0.017428,0.002503,-0.013353,-0.028014,-0.037713,-0.044349,-0.044313,NaN,-0.028892,-0.016372,-0.000431,0.017589,0.028755,0.038007,0.043547,0.041369,0.034818,0.025277,0.010111,-0.001916,-0.014309,-0.025640,-0.032529,-0.033912,-0.032445,-0.025594,-0.018004,-0.006375,0.003181,0.010326,0.016310,0.019052,0.019719,0.014321,NaN,NaN,NaN,NaN,NaN
NaN,NaN,NaN,NaN,NaN,NaN,0.012460,0.006918,-0.000038,-0.008836,-0.019778,-0.026034,-0.031381,-0.031149,-0.027509,-0.018546,-0.007161,0.006100,0.019226,0.032120,0.037767,0.045695,0.041000,0.033009,0.016267,0.001548,-0.013310,-0.026107,-0.042222,-0.046368,-0.045392,-0.037949,NaN,-0.011099,0.003598,0.017760,0.034370,0.040379,0.043342,0.040562,0.033558,0.021830,0.007008,-0.009866,-0.020781,-0.029655,-0.033748,-0.038087,-0.029125,-0.023475,-0.010487,0.000035,0.011295,0.018131,0.021750,0.021351,0.018834,0.015108,0.009107,NaN,NaN,NaN,NaN,NaN
NaN,NaN,NaN,NaN,NaN,NaN,-0.003528,-0.011225,-0.017371,-0.023054,-0.028297,-0.031059,-0.027684,-0.022587,-0.013649,-0.004525,0.006869,0.018422,0.028221,0.038569,0.041933,0.042634,0.038436,0.029396,0.016855,0.005816,-0.008776,-0.021846,-0.035716,-0.041486,-0.046324,-0.047501,NaN,-0.028803,-0.020687,-0.004193,0.010340,0.021820,0.031612,0.040359,0.041590,0.038913,0.035373,0.027709,0.017392,0.004136,-0.007960,-0.017754,-0.026021,-0.030178,-0.030321,-0.030391,-0.025028,-0.016322,-0.009397,-0.001223,0.005819,0.010984,0.013042,NaN,NaN,NaN,NaN,NaN
NaN,NaN,NaN,NaN,NaN,NaN,-0.001338,-0.007355,-0.015008,-0.021099,-0.025925,-0.030089,-0.029379,-0.024491,-0.017831,-0.007347,0.005061,0.017551,0.026774,0.035830,0.040405,0.045535,0.038929,0.029383,0.016637,0.003259,-0.012299,-0.022634,-0.038504,-0.043003,-0.046271,-0.043734,NaN,-0.026671,-0.013241,-0.000452,0.015451,0.027865,0.036094,0.041760,0.042436,0.038633,0.031417,0.020329,0.006678,-0.005139,-0.016789,-0.025377,-0.030789,-0.032992,-0.030421,-0.025572,-0.018395,-0.009305,-0.003272,0.005337,0.010683,0.014921,0.015929,NaN,NaN,NaN,NaN,NaN
NaN,NaN,NaN,NaN,NaN,NaN,0.010667,0.005167,-0.002927,-0.010308,-0.021361,-0.026806,-0.032922,-0.032670,-0.026658,-0.018982,-0.006505,0.007306,0.018986,0.029792,0.036444,0.045665,0.039411,0.034407,0.022193,0.008245,-0.009709,-0.023440,-0.038645,-0.044993,-0.045734,-0.041223,NaN,-0.017250,-0.003986,0.009266,0.026033,0.035627,0.041234,0.041937,0.037118,0.028787,0.016231,0.001409,-0.010746,-0.023087,-0.029676,-0.036743,-0.032916,-0.029877,-0.020150,-0.010919,0.000206,0.008698,0.015411,0.020222,0.021438,0.018021,0.013416,NaN,NaN,NaN,NaN,NaN
NaN,NaN,NaN,NaN,NaN,NaN,-0.014445,-0.019848,-0.023576,-0.025094,-0.025648,-0.020632,-0.017097,-0.008567,0.000957,0.010566,0.022127,0.030264,0.036725,0.041555,0.040515,0.038363,0.028957,0.019342,0.007615,-0.005665,-0.018055,-0.028710,-0.040449,-0.044424,-0.045758,-0.041955,NaN,-0.024984,-0.015702,-0.001689,0.010115,0.022407,0.032628,0.038727,0.043422,0.041466,0.037768,0.029751,0.019743,0.009419,-0.001684,-0.012151,-0.020796,-0.026567,-0.029833,-0.031051,-0.026704,-0.023375,-0.016153,-0.008807,-0.002426,0.003162,0.007873,NaN,NaN,NaN,NaN,NaN
NaN,NaN,NaN,NaN,NaN,NaN,0.004527,-0.002815,-0.010435,-0.016466,-0.024267,-0.028262,-0.031593,-0.028998,-0.022326,-0.013825,-0.002368,0.011435,0.022456,0.033263,0.039241,0.043798,0.039914,0.033484,0.021597,0.007391,-0.008455,-0.022075,-0.034377,-0.043329,-0.046290,-0.043571,NaN,-0.025695,-0.013071,0.003533,0.017716,0.029282,0.036767,0.041595,0.041952,0.036976,0.029186,0.015910,0.002244,-0.010827,-0.019538,-0.028289,-0.031184,-0.031858,-0.028614,-0.023252,-0.014030,-0.004628,0.002988,0.010508,0.016384,0.018346,0.016921,NaN,NaN,NaN,NaN,NaN
NaN,NaN,NaN,NaN,NaN,NaN,-0.018842,-0.022851,-0.023715,-0.022852,-0.021039,-0.015595,-0.009002,-0.000063,0.007037,0.018174,0.029309,0.034479,0.038839,0.039694,0.037547,0.037411,0.028435,0.017394,0.004928,-0.005265,-0.018294,-0.029163,-0.040006,-0.044013,-0.045397,-0.044345,NaN,-0.031257,-0.022232,-0.010232,0.001616,0.011535,0.025122,0.031805,0.038448,0.040444,0.043298,0.037955,0.029182,0.023286,0.011210,0.002749,-0.008223,-0.014610,-0.021147,-0.026641,-0.027606,-0.026330,-0.023604,-0.019267,-0.012885,-0.006663,-0.002633,NaN,NaN,NaN,NaN,NaN
NaN,NaN,NaN,NaN,NaN,NaN,0.000543,-0.007980,-0.014309,-0.023459,-0.025906,-0.029667,-0.028332,-0.024778,-0.019231,-0.007987,0.005941,0.016058,0.027807,0.038170,0.039461,0.042986,0.039184,0.031973,0.019479,0.004944,-0.008732,-0.021960,-0.035426,-0.042253,-0.046723,-0.044694,NaN,-0.026637,-0.015556,0.000151,0.015941,0.027705,0.036547,0.041950,0.042297,0.040178,0.032557,0.021696,0.009815,-0.004188,-0.016425,-0.024582,-0.030714,-0.033259,-0.032317,-0.025634,-0.017700,-0.010428,-0.002472,0.004718,0.011818,0.015724,0.016144,NaN,NaN,NaN,NaN,NaN
NaN,NaN,NaN,NaN,NaN,NaN,-0.019065,-0.022006,-0.024327,-0.022936,-0.021396,-0.016242,-0.010519,0.000773,0.010741,0.020692,0.030018,0.035604,0.038882,0.040043,0.036824,0.034205,0.025120,0.011992,0.002262,-0.010474,-0.023880,-0.033302,-0.043624,-0.048089,-0.047205,-0.042608,NaN,-0.024894,-0.015080,0.000712,0.011534,0.022732,0.032935,0.039925,0.042520,0.042501,0.039445,0.030787,0.019702,0.010519,-0.000410,-0.009357,-0.017710,-0.024661,-0.027798,-0.029921,-0.028689,-0.024581,-0.018227,-0.012789,-0.005610,0.000901,0.004535,NaN,NaN,NaN,NaN,NaN
NaN,NaN,NaN,NaN,NaN,NaN,-0.006270,-0.013706,-0.019681,-0.024740,-0.029139,-0.029629,-0.027044,-0.017475,-0.009989,0.000963,0.012970,0.023890,0.031597,0.039522,0.041225,0.040380,0.034521,0.023152,0.011616,-0.000805,-0.015993,-0.027435,-0.039451,-0.044014,-0.046140,-0.042748,NaN,-0.025170,-0.010454,0.001867,0.017693,0.028157,0.038795,0.042760,0.041982,0.040083,0.031102,0.018629,0.009580,-0.001815,-0.013436,-0.024063,-0.028800,-0.031136,-0.031354,-0.027629,-0.021792,-0.014458,-0.006202,0.001783,0.008001,0.012395,0.014868,NaN,NaN,NaN,NaN,NaN
NaN,NaN,NaN,NaN,NaN,NaN,0.004474,-0.001943,-0.008564,-0.019082,-0.025444,-0.028816,-0.030947,-0.029072,-0.022374,-0.014634,-0.001402,0.010511,0.022647,0.033523,0.039948,0.044811,0.042673,0.032933,0.021010,0.010229,-0.007546,-0.021898,-0.035053,-0.041752,-0.043856,-0.044493,NaN,-0.026415,-0.013942,0.001351,0.015704,0.028352,0.038669,0.041142,0.041786,0.037721,0.029087,0.017542,0.004043,-0.007278,-0.018987,-0.028534,-0.033033,-0.034119,-0.031191,-0.023635,-0.015316,-0.007606,0.002994,0.008393,0.014007,0.017192,0.015339,NaN,NaN,NaN,NaN,NaN
NaN,NaN,NaN,NaN,NaN,NaN,0.013695,0.007865,0.000867,-0.007385,-0.017428,-0.025398,-0.029516,-0.034168,-0.031317,-0.025245,-0.012382,0.003219,0.013016,0.025908,0.033881,0.045576,0.044339,0.038172,0.026519,0.014789,-0.001750,-0.014651,-0.033414,-0.043306,-0.045388,-0.045332,NaN,-0.026055,-0.012140,0.004077,0.019274,0.030443,0.041299,0.042924,0.039439,0.033587,0.022706,0.008284,-0.005810,-0.018860,-0.027233,-0.034782,-0.033800,-0.031651,-0.022378,-0.015558,-0.005142,0.005836,0.010452,0.018057,0.018859,0.019585,0.015109,NaN,NaN,NaN,NaN,NaN
NaN,NaN,NaN,NaN,NaN,NaN,-0.018479,-0.021653,-0.026768,-0.024190,-0.020662,-0.016146,-0.009560,-0.000129,0.009512,0.020218,0.029575,0.038028,0.037759,0.040979,0.035122,0.035082,0.021727,0.011291,0.000447,-0.012928,-0.024727,-0.032291,-0.044614,-0.044430,-0.046341,-0.041529,NaN,-0.022755,-0.013905,-0.001295,0.013889,0.022362,0.035474,0.038675,0.043937,0.041318,0.039031,0.032216,0.019813,0.011350,0.000755,-0.010327,-0.018744,-0.025734,-0.029375,-0.028165,-0.028027,-0.024942,-0.017789,-0.012692,-0.005077,0.000864,0.005268,NaN,NaN,NaN,NaN,NaN
NaN,NaN,NaN,NaN,NaN,NaN,-0.016831,-0.022022,-0.023949,-0.026079,-0.022315,-0.018316,-0.011617,-0.003241,0.007062,0.017490,0.027057,0.032198,0.038275,0.041673,0.038959,0.037375,0.026631,0.016499,0.001606,-0.009342,-0.019606,-0.031043,-0.040473,-0.044672,-0.048062,-0.043674,NaN,-0.027373,-0.015594,-0.004479,0.009487,0.020328,0.029478,0.038922,0.041758,0.042586,0.036535,0.032178,0.024534,0.013985,0.006020,-0.008877,-0.014867,-0.023709,-0.028397,-0.029954,-0.027233,-0.025023,-0.019517,-0.013066,-0.007277,-0.001188,0.003487,NaN,NaN,NaN,NaN,NaN
NaN,NaN,NaN,NaN,NaN,NaN,0.011468,0.006510,-0.000741,-0.007780,-0.020206,-0.027803,-0.031214,-0.032585,-0.028996,-0.022739,-0.009185,0.005151,0.017048,0.027050,0.036403,0.044965,0.041289,0.034393,0.022688,0.011330,-0.006361,-0.019125,-0.038568,-0.043327,-0.046513,-0.043160,NaN,-0.021265,-0.009134,0.006518,0.023548,0.035517,0.041041,0.043060,0.039557,0.030044,0.017728,0.002998,-0.009013,-0.019848,-0.028397,-0.035256,-0.034207,-0.030099,-0.021881,-0.012152,-0.001602,0.007285,0.015046,0.019420,0.019209,0.018110,0.013481,NaN,NaN,NaN,NaN,NaN
NaN,NaN,NaN,NaN,NaN,NaN,0.014172,0.009332,0.000506,-0.007820,-0.017904,-0.026373,-0.031470,-0.032258,-0.029454,-0.020505,-0.009844,0.003925,0.017418,0.030674,0.037222,0.045063,0.040915,0.035533,0.019899,0.010249,-0.009545,-0.023197,-0.040706,-0.046041,-0.045708,-0.039183,NaN,-0.013599,-0.000893,0.015516,0.031474,0.036367,0.044172,0.040296,0.033474,0.024974,0.009297,-0.006391,-0.018314,-0.029173,-0.033061,-0.037106,-0.030825,-0.024503,-0.014985,-0.003634,0.007707,0.016686,0.019790,0.023598,0.020489,0.016422,0.009844,NaN,NaN,NaN,NaN,NaN
NaN,NaN,NaN,NaN,NaN,NaN,0.002091,-0.003945,-0.012005,-0.018694,-0.027083,-0.029127,-0.032299,-0.026039,-0.020433,-0.009904,0.002958,0.015539,0.027137,0.036799,0.039285,0.044509,0.037422,0.031454,0.018440,0.006685,-0.011768,-0.023240,-0.038611,-0.045108,-0.045929,-0.041822,NaN,-0.023879,-0.009724,0.005016,0.019857,0.030898,0.039094,0.041994,0.042417,0.034951,0.025608,0.012958,-0.000378,-0.013790,-0.022876,-0.031068,-0.033801,-0.032370,-0.028169,-0.021200,-0.012056,-0.002836,0.005081,0.011046,0.016759,0.019427,0.015962,NaN,NaN,NaN,NaN,NaN
NaN,NaN,NaN,NaN,NaN,NaN,-0.017757,-0.021871,-0.023978,-0.023618,-0.021450,-0.015979,-0.009396,-0.000168,0.006765,0.018362,0.028367,0.033802,0.040175,0.040838,0.038492,0.037114,0.028057,0.016843,0.006041,-0.004327,-0.018395,-0.028446,-0.041071,-0.044212,-0.045964,-0.045525,NaN,-0.031415,-0.022640,-0.008971,0.002239,0.012060,0.025264,0.031393,0.038257,0.039936,0.040767,0.037395,0.030306,0.023439,0.014135,0.002081,-0.006192,-0.016565,-0.022308,-0.027144,-0.027724,-0.027495,-0.023614,-0.019781,-0.013686,-0.007760,-0.001881,NaN,NaN,NaN,NaN,NaN
NaN,NaN,NaN,NaN,NaN,NaN,0.015977,0.011053,0.005873,-0.004502,-0.014818,-0.023495,-0.028942,-0.035009,-0.032900,-0.026416,-0.014546,-0.000352,0.012821,0.026269,0.034066,0.044901,0.043388,0.037812,0.025671,0.012564,-0.004933,-0.017416,-0.039040,-0.043335,-0.045443,-0.041649,NaN,-0.021525,-0.008703,0.008705,0.027454,0.036416,0.043904,0.041307,0.036632,0.027583,0.015327,-0.001556,-0.016011,-0.024524,-0.031232,-0.036822,-0.033644,-0.027623,-0.015811,-0.007414,0.004047,0.012127,0.017682,0.020985,0.021433,0.016651,0.009964,NaN,NaN,NaN,NaN,NaN
NaN,NaN,NaN,NaN,NaN,NaN,0.017469,0.014823,0.009376,0.001564,-0.009363,-0.019573,-0.026927,-0.033509,-0.033953,-0.030104,-0.022238,-0.009136,0.004953,0.018396,0.029807,0.039014,0.043603,0.043244,0.033415,0.022968,0.007870,-0.009412,-0.025798,-0.038043,-0.045729,-0.044029,NaN,-0.031597,-0.019030,-0.001283,0.015204,0.027891,0.038392,0.041705,0.041477,0.034809,0.023617,0.007077,-0.004601,-0.017023,-0.027853,-0.034207,-0.034155,-0.031468,-0.023086,-0.012529,-0.001532,0.005759,0.012920,0.018022,0.020955,0.019575,0.015035,NaN,NaN,NaN,NaN,NaN
NaN,NaN,NaN,NaN,NaN,NaN,0.012410,0.007391,0.000145,-0.007722,-0.019543,-0.026122,-0.031720,-0.033334,-0.030714,-0.021635,-0.012724,0.002713,0.015536,0.028178,0.036583,0.044429,0.043137,0.037539,0.025332,0.012762,-0.006267,-0.019063,-0.034388,-0.041871,-0.043289,-0.041644,NaN,-0.024388,-0.012091,0.005951,0.021858,0.031484,0.040911,0.042441,0.039452,0.032610,0.020128,0.007151,-0.007878,-0.018640,-0.027803,-0.035088,-0.034596,-0.030674,-0.022727,-0.014442,-0.002843,0.006322,0.013332,0.018767,0.019668,0.019271,0.015105,NaN,NaN,NaN,NaN,NaN
NaN,NaN,NaN,NaN,NaN,NaN,-0.009197,-0.016641,-0.023039,-0.026265,-0.027126,-0.026577,-0.023323,-0.016341,-0.007328,0.004063,0.014866,0.025551,0.035549,0.040323,0.042677,0.041060,0.034567,0.026768,0.012218,0.000171,-0.013786,-0.026073,-0.037642,-0.044365,-0.047158,-0.044085,NaN,-0.027360,-0.016647,-0.005057,0.010646,0.023195,0.032494,0.037314,0.043133,0.041897,0.036368,0.026788,0.018078,0.005791,-0.006987,-0.018274,-0.023020,-0.028392,-0.032305,-0.029172,-0.025607,-0.020190,-0.011326,-0.004360,0.001596,0.008596,0.012476,NaN,NaN,NaN,NaN,NaN
NaN,NaN,NaN,NaN,NaN,NaN,0.008329,0.000838,-0.007158,-0.014200,-0.023821,-0.028976,-0.032996,-0.030265,-0.025768,-0.016707,-0.002858,0.012367,0.022873,0.032820,0.039194,0.045563,0.041395,0.033234,0.021429,0.008471,-0.010784,-0.021934,-0.037361,-0.043565,-0.045179,-0.040365,NaN,-0.022936,-0.007345,0.005504,0.021403,0.032630,0.041132,0.042090,0.041334,0.033446,0.024299,0.009694,-0.004671,-0.017537,-0.027172,-0.032118,-0.034369,-0.032749,-0.025680,-0.016984,-0.007741,0.001258,0.009267,0.016520,0.018898,0.019154,0.014802,NaN,NaN,NaN,NaN,NaN
NaN,NaN,NaN,NaN,NaN,NaN,-0.015049,-0.019850,-0.024815,-0.024826,-0.025448,-0.021953,-0.017265,-0.007610,0.002586,0.012950,0.023688,0.033103,0.038190,0.042541,0.038090,0.039156,0.028109,0.020186,0.004941,-0.007716,-0.021416,-0.029009,-0.043290,-0.043752,-0.044536,-0.041231,NaN,-0.025741,-0.014163,-0.000457,0.012015,0.023935,0.034563,0.039318,0.044062,0.043076,0.037403,0.028821,0.018616,0.007143,-0.002990,-0.014558,-0.022733,-0.026841,-0.029281,-0.029922,-0.027478,-0.021153,-0.014993,-0.007318,-0.002291,0.004881,0.009105,NaN,NaN,NaN,NaN,NaN
NaN,NaN,NaN,NaN,NaN,NaN,0.012806,0.006055,-0.000929,-0.009677,-0.020587,-0.026518,-0.031380,-0.034552,-0.029898,-0.022803,-0.009932,0.003646,0.015906,0.028427,0.035125,0.045763,0.042043,0.037086,0.023502,0.013589,-0.005871,-0.018581,-0.034542,-0.044151,-0.046024,-0.042325,NaN,-0.024214,-0.011257,0.007164,0.023122,0.032555,0.041551,0.043793,0.040843,0.032467,0.018891,0.004804,-0.009111,-0.019629,-0.027147,-0.035509,-0.034943,-0.030583,-0.020923,-0.012681,-0.002042,0.007754,0.013279,0.019273,0.019677,0.018121,0.014641,NaN,NaN,NaN,NaN,NaN
NaN,NaN,NaN,NaN,NaN,NaN,-0.013682,-0.017880,-0.023274,-0.025592,-0.027869,-0.024657,-0.017927,-0.012668,-0.002797,0.008390,0.019106,0.029121,0.036811,0.039739,0.040170,0.041169,0.031625,0.023308,0.010003,-0.001938,-0.014996,-0.028255,-0.038668,-0.043016,-0.043907,-0.047791,NaN,-0.030680,-0.020553,-0.005893,0.006921,0.019533,0.028954,0.035547,0.042336,0.043225,0.038664,0.031201,0.022770,0.010491,0.000958,-0.009166,-0.018874,-0.025324,-0.029581,-0.030967,-0.028531,-0.023527,-0.016666,-0.011375,-0.004250,0.001774,0.007113,NaN,NaN,NaN,NaN,NaN
NaN,NaN,NaN,NaN,NaN,NaN,-0.016200,-0.020115,-0.023942,-0.025166,-0.024174,-0.021791,-0.014399,-0.007247,0.000992,0.012694,0.022588,0.030357,0.036945,0.040251,0.040057,0.038475,0.032256,0.021829,0.009362,-0.000426,-0.014205,-0.023904,-0.038968,-0.042637,-0.046881,-0.045073,NaN,-0.031694,-0.024405,-0.010203,0.004241,0.014855,0.026684,0.032380,0.038701,0.041529,0.041109,0.036856,0.027607,0.016711,0.008108,-0.003218,-0.012943,-0.019184,-0.026315,-0.027401,-0.026043,-0.025643,-0.022315,-0.016707,-0.009030,-0.001708,0.001242,NaN,NaN,NaN,NaN,NaN
NaN,NaN,NaN,NaN,NaN,NaN,-0.000651,-0.000204,-0.000087,0.000162,0.001088,0.001309,-0.001580,-0.000569,0.001290,0.001566,0.001814,-0.001362,0.000224,-0.000031,0.000528,-0.001694,0.000516,-0.000060,0.000242,0.000208,0.000534,0.000044,-0.000092,-0.001210,-0.002526,-0.000689,NaN,0.001313,-0.001383,0.000661,-0.000604,0.000415,0.000208,-0.000168,-0.000945,-0.000167,-0.001212,0.000985,0.001272,-0.000032,-0.000554,0.002358,0.000971,0.001434,0.000233,-0.000342,0.000316,0.000016,0.001088,0.001129,0.000119,0.000368,0.001048,NaN,NaN,NaN,NaN,NaN
NaN,NaN,NaN,NaN,NaN,NaN,NaN,NaN,NaN,NaN,NaN,NaN,NaN,NaN,NaN,NaN,NaN,NaN,NaN,NaN,NaN,NaN,NaN,NaN,NaN,NaN,NaN,NaN,NaN,NaN,NaN,NaN,NaN,NaN,NaN,NaN,NaN,NaN,NaN,NaN,NaN,NaN,NaN,NaN,NaN,NaN,NaN,NaN,NaN,NaN,NaN,NaN,NaN,NaN,NaN,NaN,NaN,NaN,NaN,NaN,NaN,NaN,NaN,NaN
NaN,NaN,NaN,NaN,NaN,NaN,-0.001043,-0.001589,-0.000319,0.000412,-0.000989,-0.000534,-0.001806,0.000965,-0.000172,0.000760,0.001448,0.000063,-0.000675,-0.000877,-0.000258,-0.001358,-0.000240,-0.000758,-0.000009,-0.000314,-0.000569,0.000206,0.000155,0.001557,0.000756,0.001658,NaN,0.000749,0.001008,-0.001739,-0.000496,0.000306,0.000809,-0.000003,-0.000747,-0.000365,-0.000551,0.001629,-0.000026,0.000525,-0.000479,-0.001387,0.000045,-0.000111,-0.000637,0.000564,-0.000592,-0.000483,-0.000050,0.000778,-0.000213,0.000064,0.000523,NaN,NaN,NaN,NaN,NaN
NaN,NaN,NaN,NaN,NaN,NaN,NaN,NaN,NaN,NaN,NaN,NaN,NaN,NaN,NaN,NaN,NaN,NaN,NaN,NaN,NaN,NaN,NaN,NaN,NaN,NaN,NaN,NaN,NaN,NaN,NaN,NaN,NaN,NaN,NaN,NaN,NaN,NaN,NaN,NaN,NaN,NaN,NaN,NaN,NaN,NaN,NaN,NaN,NaN,NaN,NaN,NaN,NaN,NaN,NaN,NaN,NaN,NaN,NaN,NaN,NaN,NaN,NaN,NaN
NaN,NaN,NaN,NaN,NaN,NaN,NaN,NaN,NaN,NaN,NaN,NaN,NaN,NaN,NaN,NaN,NaN,NaN,NaN,NaN,NaN,NaN,NaN,NaN,NaN,NaN,NaN,NaN,NaN,NaN,NaN,NaN,NaN,NaN,NaN,NaN,NaN,NaN,NaN,NaN,NaN,NaN,NaN,NaN,NaN,NaN,NaN,NaN,NaN,NaN,NaN,NaN,NaN,NaN,NaN,NaN,NaN,NaN,NaN,NaN,NaN,NaN,NaN,NaN
NaN,NaN,NaN,NaN,NaN,NaN,NaN,NaN,NaN,NaN,NaN,NaN,NaN,NaN,NaN,NaN,NaN,NaN,NaN,NaN,NaN,NaN,NaN,NaN,NaN,NaN,NaN,NaN,NaN,NaN,NaN,NaN,NaN,NaN,NaN,NaN,NaN,NaN,NaN,NaN,NaN,NaN,NaN,NaN,NaN,NaN,NaN,NaN,NaN,NaN,NaN,NaN,NaN,NaN,NaN,NaN,NaN,NaN,NaN,NaN,NaN,NaN,NaN,NaN
NaN,NaN,NaN,NaN,NaN,NaN,0.019398,0.017434,0.012949,0.005760,-0.005472,-0.018175,-0.026018,-0.033072,-0.033751,-0.032490,-0.023569,-0.012075,0.002998,0.017011,0.028600,0.040820,0.044550,0.042016,0.031932,0.021215,0.002843,-0.013095,-0.029410,-0.040559,-0.044341,-0.045246,NaN,-0.025460,-0.009962,0.006156,0.023699,0.036336,0.041360,0.043770,0.040354,0.026480,0.014021,-0.001488,-0.014304,-0.026324,-0.031044,-0.036445,-0.031324,-0.024952,-0.014679,-0.003540,0.005476,0.014902,0.020070,0.022347,0.021257,0.014264,0.009111,NaN,NaN,NaN,NaN,NaN
NaN,NaN,NaN,NaN,NaN,NaN,0.018803,0.016512,0.011732,0.003841,-0.007579,-0.016817,-0.026419,-0.032097,-0.032366,-0.029936,-0.023334,-0.009173,0.004492,0.017330,0.028696,0.041333,0.041633,0.039546,0.028252,0.016865,-0.000082,-0.011986,-0.032024,-0.040243,-0.043638,-0.039929,NaN,-0.022092,-0.008582,0.006491,0.024497,0.033334,0.041705,0.040755,0.035643,0.025706,0.013159,-0.001797,-0.016014,-0.024461,-0.030620,-0.036480,-0.030200,-0.024685,-0.013102,-0.002814,0.006892,0.015547,0.018445,0.021744,0.019190,0.015058,0.008358,NaN,NaN,NaN,NaN,NaN
NaN,NaN,NaN,NaN,NaN,NaN,0.012164,0.005391,-0.002382,-0.009956,-0.020639,-0.026098,-0.031872,-0.032042,-0.029309,-0.021193,-0.010313,0.002747,0.014685,0.026506,0.035344,0.043732,0.042341,0.037694,0.024712,0.015590,0.000437,-0.013520,-0.031221,-0.039124,-0.044759,-0.045850,NaN,-0.028233,-0.015168,-0.000511,0.014356,0.028290,0.035163,0.040932,0.041437,0.037262,0.029774,0.015389,0.002783,-0.010404,-0.019324,-0.028528,-0.032561,-0.032998,-0.027267,-0.021147,-0.012504,-0.003370,0.006369,0.012261,0.016872,0.018061,0.016729,NaN,NaN,NaN,NaN,NaN
NaN,NaN,NaN,NaN,NaN,NaN,0.000558,-0.004244,-0.013295,-0.018185,-0.027069,-0.029744,-0.030456,-0.027729,-0.021136,-0.010895,0.001055,0.014680,0.025295,0.034497,0.040038,0.044953,0.040259,0.031881,0.020726,0.010466,-0.006640,-0.020001,-0.034838,-0.039930,-0.045944,-0.044300,NaN,-0.032264,-0.019072,-0.005612,0.010501,0.022800,0.034416,0.040067,0.043393,0.038317,0.034186,0.023031,0.009824,-0.001115,-0.012086,-0.022588,-0.031164,-0.031896,-0.029960,-0.027654,-0.020148,-0.012640,-0.005358,0.002680,0.009796,0.013260,0.014153,NaN,NaN,NaN,NaN,NaN
NaN,NaN,NaN,NaN,NaN,NaN,0.012137,0.008062,0.002580,-0.006760,-0.015797,-0.022138,-0.027542,-0.031579,-0.028350,-0.023277,-0.015087,-0.003734,0.010472,0.020947,0.029300,0.040160,0.038749,0.038500,0.029659,0.019982,0.004981,-0.009068,-0.023506,-0.032473,-0.040407,-0.040296,NaN,-0.031990,-0.022461,-0.006812,0.008036,0.019533,0.030069,0.034906,0.038197,0.035416,0.030801,0.019252,0.005922,-0.005150,-0.015641,-0.025323,-0.027841,-0.030183,-0.026308,-0.022368,-0.013212,-0.005254,0.001398,0.009914,0.014653,0.015307,0.013782,NaN,NaN,NaN,NaN,NaN
NaN,NaN,NaN,NaN,NaN,NaN,NaN,NaN,NaN,NaN,NaN,NaN,NaN,NaN,NaN,NaN,NaN,NaN,NaN,NaN,NaN,NaN,NaN,NaN,NaN,NaN,NaN,NaN,NaN,NaN,NaN,NaN,NaN,NaN,NaN,NaN,NaN,NaN,NaN,NaN,NaN,NaN,NaN,NaN,NaN,NaN,NaN,NaN,NaN,NaN,NaN,NaN,NaN,NaN,NaN,NaN,NaN,NaN,NaN,NaN,NaN,NaN,NaN,NaN
NaN,NaN,NaN,NaN,NaN,NaN,0.000785,-0.001152,-0.000190,0.000025,-0.000698,-0.000278,-0.000571,0.000076,0.000190,-0.000484,0.000355,-0.000890,0.000836,-0.001407,-0.000196,-0.000819,-0.001839,-0.000665,-0.001218,0.000817,0.000131,0.001797,0.001510,0.000617,-0.001205,0.001482,NaN,0.002808,0.000457,-0.000315,0.001102,-0.000812,0.001260,0.000812,0.000014,0.000185,0.001021,0.000484,-0.000179,0.001991,0.000274,0.002440,0.000173,0.000080,-0.000697,-0.000618,0.001168,0.000110,0.000066,0.000456,0.000240,0.000461,-0.000287,NaN,NaN,NaN,NaN,NaN
NaN,NaN,NaN,NaN,NaN,NaN,-0.000025,-0.000813,-0.000537,0.000426,-0.000616,-0.001024,-0.000461,0.000152,-0.000978,0.000118,-0.000534,-0.001154,0.000495,-0.000770,-0.000866,-0.001932,-0.000406,0.000068,0.000344,-0.000833,-0.000473,0.000363,0.000275,-0.000167,0.000004,-0.000929,NaN,0.000234,-0.001336,-0.002678,-0.001265,0.000230,-0.000154,0.000553,0.001104,0.000109,-0.000239,-0.000712,0.000563,-0.000718,0.001014,0.001434,-0.000035,0.000302,0.000710,-0.000244,0.000170,0.002017,0.000417,-0.000668,-0.002027,-0.000828,-0.000046,NaN,NaN,NaN,NaN,NaN
NaN,NaN,NaN,NaN,NaN,NaN,0.000275,-0.000106,0.000947,0.000581,0.000348,-0.000005,-0.000132,-0.000459,-0.001126,-0.000831,-0.000075,0.000363,-0.000537,0.000152,0.000020,0.001396,-0.000261,-0.000485,-0.000493,-0.000363,-0.000472,0.000204,0.000766,0.001274,0.000067,-0.000830,NaN,-0.001826,-0.000579,-0.001255,-0.000743,0.000739,0.000428,-0.000555,0.000171,0.000117,0.000139,-0.000885,0.000724,0.000653,-0.001314,-0.000449,0.001260,0.000348,0.000336,0.000062,-0.000622,0.000027,0.000358,0.000179,0.000131,-0.000188,0.000423,NaN,NaN,NaN,NaN,NaN
NaN,NaN,NaN,NaN,NaN,NaN,0.001348,-0.000847,0.000043,0.001112,0.000142,-0.000721,-0.000372,-0.000984,0.000671,-0.000267,0.000455,0.000850,0.000763,-0.000507,-0.000416,-0.000820,0.000394,-0.000947,0.001903,-0.000953,0.000765,0.000419,0.000490,0.000150,-0.000690,-0.000939,NaN,0.000825,0.000990,0.000632,0.001745,-0.000794,-0.000523,0.000009,0.000245,-0.000177,0.000125,-0.000557,0.000391,-0.000699,-0.000473,-0.001256,-0.000522,0.000690,0.001277,-0.000193,0.000898,0.000028,0.000057,0.000514,0.000653,-0.001996,-0.000429,NaN,NaN,NaN,NaN,NaN
NaN,NaN,NaN,NaN,NaN,NaN,0.001448,0.000608,0.000586,0.000080,0.000408,-0.000078,-0.000723,0.000600,0.000625,0.001293,-0.000509,-0.000769,-0.000286,0.001194,0.002205,-0.000679,-0.000530,-0.000602,0.000485,-0.000924,-0.000553,0.001402,-0.001759,-0.000908,-0.001735,-0.002010,NaN,0.001920,0.000570,-0.000969,-0.000213,-0.000778,0.000905,0.000291,0.000544,-0.000065,0.000908,-0.000010,-0.002178,0.000320,0.001110,-0.000572,-0.001764,-0.001688,0.001180,0.000391,0.000515,0.000505,-0.001161,0.000648,-0.000177,-0.000005,0.000355,NaN,NaN,NaN,NaN,NaN
NaN,NaN,NaN,NaN,NaN,NaN,0.000428,-0.000300,-0.000803,0.000219,-0.000630,0.000571,0.000243,-0.000617,-0.000366,-0.000281,0.000952,0.000592,-0.000533,-0.000102,0.000308,0.000141,-0.000694,0.000763,0.000908,-0.000824,-0.001802,-0.000179,0.000261,-0.000568,-0.000544,0.000880,NaN,-0.000463,-0.000921,-0.000161,-0.000740,-0.000775,-0.000826,-0.000424,-0.000701,-0.000218,0.000896,0.001909,-0.000615,0.000364,-0.000316,-0.000128,0.000698,-0.000226,-0.000892,0.000871,0.000668,-0.000272,-0.000688,0.000189,-0.000403,0.000556,-0.000086,NaN,NaN,NaN,NaN,NaN
NaN,NaN,NaN,NaN,NaN,NaN,NaN,NaN,NaN,NaN,NaN,NaN,NaN,NaN,NaN,NaN,NaN,NaN,NaN,NaN,NaN,NaN,NaN,NaN,NaN,NaN,NaN,NaN,NaN,NaN,NaN,NaN,NaN,NaN,NaN,NaN,NaN,NaN,NaN,NaN,NaN,NaN,NaN,NaN,NaN,NaN,NaN,NaN,NaN,NaN,NaN,NaN,NaN,NaN,NaN,NaN,NaN,NaN,NaN,NaN,NaN,NaN,NaN,NaN
NaN,NaN,NaN,NaN,NaN,NaN,0.000945,0.000120,0.000118,0.000672,-0.000299,-0.000543,-0.001139,0.000055,-0.000331,0.001817,-0.000666,0.000065,-0.000860,0.001619,0.000957,0.001437,0.000997,0.001846,-0.001065,-0.000631,0.000919,0.000231,-0.001178,0.000212,0.002197,0.001347,NaN,0.000236,-0.001094,0.001656,-0.002623,0.000081,0.000420,0.000492,-0.000579,0.000476,0.000007,-0.000465,0.000094,-0.000258,-0.000423,0.002743,0.000761,-0.001122,-0.000108,0.000630,-0.000079,0.000896,-0.000005,0.000138,0.000024,-0.000297,0.000935,NaN,NaN,NaN,NaN,NaN
NaN,NaN,NaN,NaN,NaN,NaN,0.000704,-0.000285,0.000542,-0.000742,0.000786,-0.000031,-0.000694,0.000210,0.000261,-0.000075,0.001041,0.000437,0.000745,-0.000964,-0.000140,-0.000872,-0.000052,-0.000014,0.002861,0.000787,-0.000152,-0.001798,-0.000379,0.000050,0.001318,-0.000156,NaN,0.000040,-0.001658,0.000391,0.001285,0.000284,0.000689,0.000211,-0.000355,0.000230,0.000871,-0.000576,0.000163,0.000587,0.000671,-0.001231,0.000358,-0.000582,-0.001106,-0.000626,-0.001570,0.000240,-0.000336,-0.001161,-0.000877,-0.000222,-0.000892,NaN,NaN,NaN,NaN,NaN
NaN,NaN,NaN,NaN,NaN,NaN,NaN,NaN,NaN,NaN,NaN,NaN,NaN,NaN,NaN,NaN,NaN,NaN,NaN,NaN,NaN,NaN,NaN,NaN,NaN,NaN,NaN,NaN,NaN,NaN,NaN,NaN,NaN,NaN,NaN,NaN,NaN,NaN,NaN,NaN,NaN,NaN,NaN,NaN,NaN,NaN,NaN,NaN,NaN,NaN,NaN,NaN,NaN,NaN,NaN,NaN,NaN,NaN,NaN,NaN,NaN,NaN,NaN,NaN
NaN,NaN,NaN,NaN,NaN,NaN,0.001254,-0.001188,0.000025,-0.000249,-0.000132,0.000049,-0.000310,0.000311,-0.000743,-0.000448,-0.000098,0.001091,0.001974,0.000033,0.000348,-0.000291,0.001788,-0.000520,0.000522,0.001200,-0.000387,0.000169,-0.000445,0.000960,0.000858,0.001381,NaN,-0.001408,-0.001119,-0.000839,0.001042,0.000830,0.001895,0.001871,0.000408,0.000736,0.000642,-0.001219,-0.000805,-0.000704,-0.000895,-0.001029,-0.000094,-0.001168,0.000205,-0.000667,0.001102,-0.001009,0.000027,0.000431,-0.000536,-0.000200,0.000647,NaN,NaN,NaN,NaN,NaN
NaN,NaN,NaN,NaN,NaN,NaN,NaN,NaN,NaN,NaN,NaN,NaN,NaN,NaN,NaN,NaN,NaN,NaN,NaN,NaN,NaN,NaN,NaN,NaN,NaN,NaN,NaN,NaN,NaN,NaN,NaN,NaN,NaN,NaN,NaN,NaN,NaN,NaN,NaN,NaN,NaN,NaN,NaN,NaN,NaN,NaN,NaN,NaN,NaN,NaN,NaN,NaN,NaN,NaN,NaN,NaN,NaN,NaN,NaN,NaN,NaN,NaN,NaN,NaN
NaN,NaN,NaN,NaN,NaN,NaN,NaN,NaN,NaN,NaN,NaN,NaN,NaN,NaN,NaN,NaN,NaN,NaN,NaN,NaN,NaN,NaN,NaN,NaN,NaN,NaN,NaN,NaN,NaN,NaN,NaN,NaN,NaN,NaN,NaN,NaN,NaN,NaN,NaN,NaN,NaN,NaN,NaN,NaN,NaN,NaN,NaN,NaN,NaN,NaN,NaN,NaN,NaN,NaN,NaN,NaN,NaN,NaN,NaN,NaN,NaN,NaN,NaN,NaN
NaN,NaN,NaN,NaN,NaN,NaN,NaN,NaN,NaN,NaN,NaN,NaN,NaN,NaN,NaN,NaN,NaN,NaN,NaN,NaN,NaN,NaN,NaN,NaN,NaN,NaN,NaN,NaN,NaN,NaN,NaN,NaN,NaN,NaN,NaN,NaN,NaN,NaN,NaN,NaN,NaN,NaN,NaN,NaN,NaN,NaN,NaN,NaN,NaN,NaN,NaN,NaN,NaN,NaN,NaN,NaN,NaN,NaN,NaN,NaN,NaN,NaN,NaN,NaN
NaN,NaN,NaN,NaN,NaN,NaN,NaN,NaN,NaN,NaN,NaN,NaN,NaN,NaN,NaN,NaN,NaN,NaN,NaN,NaN,NaN,NaN,NaN,NaN,NaN,NaN,NaN,NaN,NaN,NaN,NaN,NaN,NaN,NaN,NaN,NaN,NaN,NaN,NaN,NaN,NaN,NaN,NaN,NaN,NaN,NaN,NaN,NaN,NaN,NaN,NaN,NaN,NaN,NaN,NaN,NaN,NaN,NaN,NaN,NaN,NaN,NaN,NaN,NaN
NaN,NaN,NaN,NaN,NaN,NaN,NaN,NaN,NaN,NaN,NaN,NaN,NaN,NaN,NaN,NaN,NaN,NaN,NaN,NaN,NaN,NaN,NaN,NaN,NaN,NaN,NaN,NaN,NaN,NaN,NaN,NaN,NaN,NaN,NaN,NaN,NaN,NaN,NaN,NaN,NaN,NaN,NaN,NaN,NaN,NaN,NaN,NaN,NaN,NaN,NaN,NaN,NaN,NaN,NaN,NaN,NaN,NaN,NaN,NaN,NaN,NaN,NaN,NaN
NaN,NaN,NaN,NaN,NaN,NaN,-0.000389,-0.000064,-0.000137,-0.000577,-0.001211,0.001340,0.000585,-0.001146,-0.001645,0.001114,-0.000720,-0.001007,-0.000000,-0.001909,0.000989,0.000382,0.000968,0.000946,0.001596,-0.000544,-0.000407,-0.000597,0.000503,-0.000244,-0.000389,-0.000718,NaN,-0.000548,0.000353,0.000766,0.001153,-0.000455,-0.000482,0.001390,0.000135,0.001508,-0.001505,-0.000179,0.000299,-0.000302,0.000885,-0.001507,-0.000551,0.000268,-0.001041,0.001466,-0.000861,-0.000735,-0.000668,-0.000584,0.000638,-0.000304,0.000063,NaN,NaN,NaN,NaN,NaN
NaN,NaN,NaN,NaN,NaN,NaN,0.016077,-0.020550,0.019051,-0.018104,0.012024,-0.004420,-0.007658,0.015552,-0.023525,0.030125,-0.033200,0.030280,-0.026295,0.014977,-0.002768,-0.010552,0.023661,-0.032264,0.039512,-0.038385,0.033218,-0.022903,0.011311,0.001905,-0.017517,0.028529,NaN,0.042131,-0.037855,0.033455,-0.021153,0.007544,0.006474,-0.020374,0.028841,-0.035377,0.035936,-0.032586,0.024493,-0.012977,0.001432,0.006806,-0.019187,0.023851,-0.028122,0.027216,-0.021937,0.013731,-0.006195,-0.001922,0.007016,-0.011444,0.014306,NaN,NaN,NaN,NaN,NaN
NaN,NaN,NaN,NaN,NaN,NaN,NaN,NaN,NaN,NaN,NaN,NaN,NaN,NaN,NaN,NaN,NaN,NaN,NaN,NaN,NaN,NaN,NaN,NaN,NaN,NaN,NaN,NaN,NaN,NaN,NaN,NaN,NaN,NaN,NaN,NaN,NaN,NaN,NaN,NaN,NaN,NaN,NaN,NaN,NaN,NaN,NaN,NaN,NaN,NaN,NaN,NaN,NaN,NaN,NaN,NaN,NaN,NaN,NaN,NaN,NaN,NaN,NaN,NaN
NaN,NaN,NaN,NaN,NaN,NaN,NaN,NaN,NaN,NaN,NaN,NaN,NaN,NaN,NaN,NaN,NaN,NaN,NaN,NaN,NaN,NaN,NaN,NaN,NaN,NaN,NaN,NaN,NaN,NaN,NaN,NaN,NaN,NaN,NaN,NaN,NaN,NaN,NaN,NaN,NaN,NaN,NaN,NaN,NaN,NaN,NaN,NaN,NaN,NaN,NaN,NaN,NaN,NaN,NaN,NaN,NaN,NaN,NaN,NaN,NaN,NaN,NaN,NaN
NaN,NaN,NaN,NaN,NaN,NaN,-0.001445,0.000695,-0.001295,-0.000089,0.000894,0.000068,-0.001730,0.001150,0.000532,-0.000336,-0.000765,0.002236,0.000764,-0.001327,-0.000973,-0.000362,-0.000139,-0.001107,0.000639,-0.000896,0.000621,-0.000935,-0.001542,-0.001414,-0.000904,0.000760,NaN,0.001248,-0.002416,0.000731,-0.001441,-0.000498,-0.001700,0.000090,-0.001040,0.000522,-0.000311,-0.000252,-0.000103,-0.000843,0.000573,0.000484,-0.000007,0.000529,-0.000607,0.001869,-0.000224,0.000408,-0.000555,-0.000139,0.001282,-0.001046,-0.000233,NaN,NaN,NaN,NaN,NaN
NaN,NaN,NaN,NaN,NaN,NaN,0.012390,0.008686,0.001688,-0.007295,-0.013925,-0.024473,-0.027920,-0.031574,-0.029717,-0.023050,-0.015403,-0.003399,0.008937,0.021074,0.030343,0.038861,0.040125,0.037711,0.031383,0.020716,0.004423,-0.007774,-0.023035,-0.034854,-0.040453,-0.042623,NaN,-0.031875,-0.021440,-0.006916,0.008151,0.020792,0.030263,0.037000,0.038326,0.036775,0.028817,0.018905,0.007790,-0.004937,-0.014325,-0.025052,-0.028170,-0.029276,-0.027184,-0.022408,-0.014468,-0.005545,-0.000109,0.009493,0.012341,0.015612,0.016338,NaN,NaN,NaN,NaN,NaN
NaN,NaN,NaN,NaN,NaN,NaN,0.020736,0.019610,0.016814,0.008053,-0.001362,-0.013416,-0.021692,-0.028489,-0.034758,-0.034033,-0.028131,-0.016450,-0.002842,0.010958,0.024034,0.037123,0.040802,0.042467,0.036138,0.027708,0.012966,-0.004317,-0.022338,-0.035752,-0.040955,-0.044783,NaN,-0.030796,-0.017301,-0.002880,0.013632,0.028172,0.038750,0.040957,0.039205,0.033190,0.019211,0.007399,-0.008443,-0.018931,-0.029621,-0.034301,-0.034926,-0.029748,-0.019463,-0.009987,0.001652,0.010225,0.015667,0.020404,0.019089,0.018246,0.011885,NaN,NaN,NaN,NaN,NaN
NaN,NaN,NaN,NaN,NaN,NaN,-0.000112,-0.006815,-0.013494,-0.020874,-0.026008,-0.027619,-0.029934,-0.025965,-0.020230,-0.007868,0.001696,0.013545,0.023970,0.031587,0.038528,0.043411,0.039602,0.034228,0.022804,0.012925,-0.002684,-0.013281,-0.029171,-0.037248,-0.040751,-0.042957,NaN,-0.035320,-0.024014,-0.010520,0.002965,0.014981,0.025936,0.034000,0.039884,0.040107,0.036570,0.030208,0.021687,0.008096,-0.000921,-0.013482,-0.020152,-0.026457,-0.028579,-0.028840,-0.024587,-0.018768,-0.013799,-0.006033,0.001420,0.006949,0.010014,NaN,NaN,NaN,NaN,NaN
NaN,NaN,NaN,NaN,NaN,NaN,-0.000294,0.000699,0.000942,-0.000299,-0.001057,-0.000076,-0.000711,0.000580,-0.000172,-0.001004,0.001896,-0.000192,0.000608,-0.000039,0.000538,0.001733,-0.000483,-0.000322,-0.000755,-0.000250,0.000702,0.000535,-0.002798,-0.000203,0.002403,0.002439,NaN,-0.002056,0.001762,0.001766,-0.001097,-0.000762,0.000129,-0.001149,-0.000719,0.000788,0.000811,0.001040,-0.001312,0.001611,0.001018,0.000475,0.000672,-0.000432,0.000268,0.001033,0.000450,-0.000211,0.000062,0.000972,-0.000841,0.000218,0.001227,NaN,NaN,NaN,NaN,NaN
NaN,NaN,NaN,NaN,NaN,NaN,-0.000239,-0.000905,-0.000392,0.000426,-0.000628,-0.000252,0.000013,-0.000623,-0.000871,0.000487,0.000274,-0.000725,0.000250,-0.000746,0.001671,-0.000227,-0.001597,-0.000668,0.000151,0.000510,-0.000179,0.000554,0.000617,-0.000767,0.002193,-0.004940,NaN,0.001942,-0.000319,0.000335,-0.000320,0.000925,-0.001226,-0.000950,-0.000519,-0.000584,-0.001091,-0.001261,-0.002386,-0.000637,-0.000131,0.000207,-0.000542,-0.000478,-0.000205,0.000130,0.000305,0.000232,0.000270,-0.000617,0.000658,0.000435,-0.000061,NaN,NaN,NaN,NaN,NaN
NaN,NaN,NaN,NaN,NaN,NaN,-0.002415,-0.009230,-0.015529,-0.021364,-0.024588,-0.026794,-0.026018,-0.020770,-0.015792,-0.007664,0.004373,0.014735,0.022281,0.030320,0.034459,0.041108,0.035679,0.033158,0.022778,0.013183,-0.000904,-0.013353,-0.025384,-0.034209,-0.041004,-0.039852,NaN,-0.035617,-0.025857,-0.014962,-0.002308,0.009985,0.018820,0.029341,0.035331,0.038263,0.038038,0.030953,0.024286,0.015054,0.005793,-0.007045,-0.015003,-0.020443,-0.024968,-0.025960,-0.026518,-0.021812,-0.017393,-0.010854,-0.004139,0.000947,0.004704,NaN,NaN,NaN,NaN,NaN
NaN,NaN,NaN,NaN,NaN,NaN,0.000028,0.000217,-0.000890,0.000229,0.000364,0.001230,-0.000186,-0.001674,-0.000560,-0.000269,0.000322,-0.000563,0.000470,0.000395,0.001089,0.000156,-0.001319,-0.000428,0.000075,-0.000972,0.000473,-0.001746,-0.000483,0.000732,-0.000179,-0.000537,NaN,0.000298,-0.000694,-0.000837,0.000776,0.000714,-0.000437,0.000747,0.001052,-0.000358,0.000462,-0.000313,0.000617,0.000106,0.000041,0.000027,-0.001283,0.001665,-0.000734,-0.000728,-0.000748,-0.000144,0.000290,-0.000381,-0.000144,-0.002083,-0.000149,NaN,NaN,NaN,NaN,NaN
NaN,NaN,NaN,NaN,NaN,NaN,-0.016644,-0.013291,-0.004333,0.005700,0.017491,0.024911,0.028453,0.023924,0.013865,-0.001832,-0.018958,-0.032486,-0.034845,-0.034894,-0.022372,-0.008654,0.009787,0.026552,0.036346,0.038547,0.030918,0.017865,-0.001093,-0.019572,-0.033878,-0.041927,NaN,-0.026084,-0.009274,0.009421,0.029519,0.037317,0.038494,0.031683,0.017443,-0.001151,-0.020025,-0.031161,-0.036399,-0.029636,-0.020138,-0.007210,0.007371,0.019962,0.028398,0.026409,0.020577,0.011385,0.000730,-0.010846,-0.015661,-0.017255,-0.013500,NaN,NaN,NaN,NaN,NaN
NaN,NaN,NaN,NaN,NaN,NaN,0.000107,0.000590,-0.001518,0.000349,-0.000036,-0.000207,0.000639,0.000596,0.000183,-0.000510,-0.001152,0.000715,0.001223,-0.001692,-0.000009,-0.000321,-0.000405,0.000294,-0.000382,-0.000191,0.000063,-0.000660,-0.000051,0.002825,-0.000059,0.001275,NaN,-0.001792,0.002212,0.000265,-0.001398,0.000020,0.001161,0.001311,0.001341,-0.001475,0.000153,0.000698,0.000393,0.000112,0.000325,-0.000995,0.000073,0.000415,0.000351,0.000468,0.000953,-0.001917,0.000873,-0.000207,-0.000690,-0.000461,0.000367,NaN,NaN,NaN,NaN,NaN
NaN,NaN,NaN,NaN,NaN,NaN,NaN,NaN,NaN,NaN,NaN,NaN,NaN,NaN,NaN,NaN,NaN,NaN,NaN,NaN,NaN,NaN,NaN,NaN,NaN,NaN,NaN,NaN,NaN,NaN,NaN,NaN,NaN,NaN,NaN,NaN,NaN,NaN,NaN,NaN,NaN,NaN,NaN,NaN,NaN,NaN,NaN,NaN,NaN,NaN,NaN,NaN,NaN,NaN,NaN,NaN,NaN,NaN,NaN,NaN,NaN,NaN,NaN,NaN
NaN,NaN,NaN,NaN,NaN,NaN,0.011942,0.005512,0.000504,-0.007265,-0.017359,-0.022916,-0.030837,-0.031758,-0.029098,-0.024385,-0.011248,0.000047,0.010409,0.024188,0.032368,0.040604,0.041298,0.038900,0.028904,0.019146,0.002730,-0.009675,-0.028350,-0.035251,-0.042214,-0.044007,NaN,-0.030268,-0.019434,-0.005402,0.011540,0.021799,0.033147,0.039431,0.040147,0.036578,0.028960,0.016322,0.005123,-0.007892,-0.018170,-0.026585,-0.030775,-0.031395,-0.026384,-0.022401,-0.013384,-0.002414,0.001026,0.009730,0.015326,0.017471,0.015121,NaN,NaN,NaN,NaN,NaN
NaN,NaN,NaN,NaN,NaN,NaN,NaN,NaN,NaN,NaN,NaN,NaN,NaN,NaN,NaN,NaN,NaN,NaN,NaN,NaN,NaN,NaN,NaN,NaN,NaN,NaN,NaN,NaN,NaN,NaN,NaN,NaN,NaN,NaN,NaN,NaN,NaN,NaN,NaN,NaN,NaN,NaN,NaN,NaN,NaN,NaN,NaN,NaN,NaN,NaN,NaN,NaN,NaN,NaN,NaN,NaN,NaN,NaN,NaN,NaN,NaN,NaN,NaN,NaN
NaN,NaN,NaN,NaN,NaN,NaN,-0.010335,-0.017021,-0.022966,-0.025147,-0.027329,-0.025938,-0.021673,-0.014399,-0.006339,0.005104,0.017516,0.025979,0.033237,0.039975,0.040411,0.041987,0.036358,0.026851,0.013637,0.002726,-0.012046,-0.022034,-0.036512,-0.041590,-0.048557,-0.044897,NaN,-0.033231,-0.023029,-0.009940,0.001656,0.015083,0.027099,0.034553,0.039644,0.040208,0.041421,0.033611,0.025595,0.015644,0.004773,-0.007141,-0.015398,-0.022801,-0.027061,-0.028369,-0.027917,-0.025198,-0.019373,-0.012553,-0.005318,0.001277,0.004362,NaN,NaN,NaN,NaN,NaN
NaN,NaN,NaN,NaN,NaN,NaN,-0.002150,-0.009151,-0.016253,-0.021644,-0.029230,-0.029549,-0.028500,-0.022543,-0.015531,-0.003016,0.006529,0.020308,0.029778,0.038187,0.039656,0.044132,0.037362,0.028233,0.014591,0.001835,-0.014223,-0.025099,-0.039637,-0.046889,-0.046973,-0.040588,NaN,-0.023629,-0.011865,0.004006,0.020083,0.028001,0.038539,0.042468,0.041703,0.036196,0.030575,0.017143,0.007335,-0.005541,-0.017132,-0.027103,-0.031194,-0.033016,-0.030409,-0.025332,-0.017809,-0.007853,-0.000016,0.007375,0.011817,0.016113,0.015188,NaN,NaN,NaN,NaN,NaN
NaN,NaN,NaN,NaN,NaN,NaN,NaN,NaN,NaN,NaN,NaN,NaN,NaN,NaN,NaN,NaN,NaN,NaN,NaN,NaN,NaN,NaN,NaN,NaN,NaN,NaN,NaN,NaN,NaN,NaN,NaN,NaN,NaN,NaN,NaN,NaN,NaN,NaN,NaN,NaN,NaN,NaN,NaN,NaN,NaN,NaN,NaN,NaN,NaN,NaN,NaN,NaN,NaN,NaN,NaN,NaN,NaN,NaN,NaN,NaN,NaN,NaN,NaN,NaN
NaN,NaN,NaN,NaN,NaN,NaN,NaN,NaN,NaN,NaN,NaN,NaN,NaN,NaN,NaN,NaN,NaN,NaN,NaN,NaN,NaN,NaN,NaN,NaN,NaN,NaN,NaN,NaN,NaN,NaN,NaN,NaN,NaN,NaN,NaN,NaN,NaN,NaN,NaN,NaN,NaN,NaN,NaN,NaN,NaN,NaN,NaN,NaN,NaN,NaN,NaN,NaN,NaN,NaN,NaN,NaN,NaN,NaN,NaN,NaN,NaN,NaN,NaN,NaN
NaN,NaN,NaN,NaN,NaN,NaN,0.009453,0.002484,-0.003092,-0.011126,-0.019620,-0.026000,-0.030666,-0.030775,-0.027188,-0.021332,-0.010384,0.001265,0.012777,0.025451,0.034564,0.042047,0.041087,0.038678,0.028204,0.017497,0.002512,-0.008372,-0.025366,-0.035532,-0.041580,-0.044140,NaN,-0.034616,-0.022607,-0.007481,0.004411,0.017043,0.030189,0.038175,0.041425,0.040201,0.032300,0.024318,0.011711,-0.000465,-0.011111,-0.021623,-0.026873,-0.030713,-0.028953,-0.025173,-0.021022,-0.011288,-0.004432,0.004485,0.008903,0.014808,0.015151,NaN,NaN,NaN,NaN,NaN
NaN,NaN,NaN,NaN,NaN,NaN,-0.007521,-0.012574,-0.019907,-0.022570,-0.025723,-0.026619,-0.022950,-0.017095,-0.010178,0.000479,0.011826,0.020626,0.028852,0.034425,0.036703,0.038685,0.034932,0.026034,0.014362,0.003933,-0.009500,-0.019172,-0.035451,-0.039042,-0.041842,-0.045170,NaN,-0.028097,-0.019442,-0.008707,0.007046,0.017359,0.028796,0.032233,0.038173,0.037731,0.034751,0.028377,0.019588,0.008088,-0.001999,-0.011445,-0.020220,-0.027568,-0.028818,-0.026666,-0.025323,-0.018597,-0.014156,-0.006799,-0.000194,0.005333,0.009117,NaN,NaN,NaN,NaN,NaN
NaN,NaN,NaN,NaN,NaN,NaN,0.019399,0.022001,0.018892,0.014391,0.004308,-0.004788,-0.018027,-0.027982,-0.033233,-0.034747,-0.032110,-0.023086,-0.011757,0.002670,0.019381,0.031338,0.040588,0.043398,0.038082,0.028911,0.014369,-0.002541,-0.019092,-0.031878,-0.040900,-0.045027,NaN,-0.031269,-0.017091,-0.000959,0.016776,0.029284,0.037666,0.041171,0.038631,0.031505,0.018265,0.002322,-0.009947,-0.022665,-0.030626,-0.034427,-0.032244,-0.026524,-0.015388,-0.005645,0.007223,0.014754,0.019880,0.021322,0.019376,0.015538,0.009056,NaN,NaN,NaN,NaN,NaN
NaN,NaN,NaN,NaN,NaN,NaN,NaN,NaN,NaN,NaN,NaN,NaN,NaN,NaN,NaN,NaN,NaN,NaN,NaN,NaN,NaN,NaN,NaN,NaN,NaN,NaN,NaN,NaN,NaN,NaN,NaN,NaN,NaN,NaN,NaN,NaN,NaN,NaN,NaN,NaN,NaN,NaN,NaN,NaN,NaN,NaN,NaN,NaN,NaN,NaN,NaN,NaN,NaN,NaN,NaN,NaN,NaN,NaN,NaN,NaN,NaN,NaN,NaN,NaN
NaN,NaN,NaN,NaN,NaN,NaN,NaN,NaN,NaN,NaN,NaN,NaN,NaN,NaN,NaN,NaN,NaN,NaN,NaN,NaN,NaN,NaN,NaN,NaN,NaN,NaN,NaN,NaN,NaN,NaN,NaN,NaN,NaN,NaN,NaN,NaN,NaN,NaN,NaN,NaN,NaN,NaN,NaN,NaN,NaN,NaN,NaN,NaN,NaN,NaN,NaN,NaN,NaN,NaN,NaN,NaN,NaN,NaN,NaN,NaN,NaN,NaN,NaN,NaN
NaN,NaN,NaN,NaN,NaN,NaN,-0.000651,0.000204,-0.000088,-0.000522,-0.000830,0.001083,0.000036,0.000433,-0.000970,0.000115,0.000826,-0.000880,0.000145,-0.000048,0.000279,-0.000412,0.000062,0.000079,-0.002131,-0.001101,-0.002333,-0.000348,-0.001024,-0.001759,-0.001681,0.004939,NaN,0.000806,-0.001480,-0.000358,-0.000507,0.000445,-0.002203,0.001828,-0.000510,0.000689,0.000254,0.000370,-0.001445,-0.000134,0.000840,0.001115,0.000710,-0.002421,-0.000121,0.000910,0.001053,0.000644,-0.000140,-0.000162,-0.000817,-0.001301,-0.000860,NaN,NaN,NaN,NaN,NaN
NaN,NaN,NaN,NaN,NaN,NaN,-0.010660,-0.003995,0.006467,0.016811,0.025852,0.027054,0.023801,0.018068,0.003103,-0.013028,-0.028454,-0.035856,-0.037534,-0.031122,-0.016157,0.001231,0.018572,0.033515,0.040871,0.041360,0.030899,0.015045,-0.006941,-0.025987,-0.037808,-0.043398,NaN,-0.027842,-0.012775,0.008349,0.027132,0.038494,0.041812,0.035751,0.023348,0.004645,-0.014933,-0.028332,-0.035593,-0.035808,-0.027386,-0.015825,-0.001477,0.012285,0.021375,0.025080,0.025613,0.018872,0.010210,-0.001781,-0.009818,-0.016109,-0.015947,NaN,NaN,NaN,NaN,NaN
NaN,NaN,NaN,NaN,NaN,NaN,-0.004613,-0.011319,-0.017939,-0.022974,-0.028294,-0.028420,-0.026800,-0.022651,-0.014283,-0.005386,0.008369,0.020326,0.028158,0.037103,0.041703,0.043207,0.038346,0.031551,0.016711,0.005299,-0.010219,-0.020736,-0.033933,-0.042951,-0.046289,-0.044520,NaN,-0.030741,-0.018687,-0.003388,0.010700,0.021649,0.034432,0.039170,0.040954,0.041153,0.035483,0.026119,0.015557,0.002750,-0.008559,-0.020900,-0.027368,-0.029922,-0.031394,-0.030233,-0.023834,-0.017379,-0.009560,-0.000662,0.003952,0.011116,0.013177,NaN,NaN,NaN,NaN,NaN
NaN,NaN,NaN,NaN,NaN,NaN,-0.000082,0.000426,-0.000472,-0.001166,0.001246,-0.000126,0.000370,0.000765,0.000362,-0.000556,-0.001282,0.000498,0.000105,-0.000560,0.001040,-0.000327,0.002159,-0.001293,-0.000358,-0.000681,-0.000482,0.000915,-0.000013,-0.002083,-0.001054,-0.000253,NaN,0.002194,-0.001219,0.001516,0.000555,0.000065,-0.000063,0.000822,-0.000752,0.000017,-0.001113,-0.000952,0.001227,0.001473,-0.000018,-0.000117,-0.000318,0.000792,-0.000446,-0.000020,-0.000423,0.000416,0.001928,-0.000708,0.000072,0.000868,0.000048,NaN,NaN,NaN,NaN,NaN
NaN,NaN,NaN,NaN,NaN,NaN,0.000296,0.000669,-0.001021,-0.000561,-0.000818,0.001229,0.000783,-0.000922,-0.000030,-0.000551,0.000144,0.000870,-0.000508,-0.000314,0.000231,0.000957,-0.001373,-0.000426,-0.000591,-0.000515,0.000440,-0.000802,0.000292,-0.000752,-0.000351,0.000277,NaN,0.002738,-0.002143,0.000574,-0.001084,0.000245,-0.001375,-0.000666,0.000063,0.000075,0.001321,0.000734,-0.000145,-0.000020,0.000728,-0.000316,0.000588,0.000184,-0.000079,0.001290,-0.000287,-0.000508,-0.000536,-0.001823,0.000423,0.000833,0.001284,NaN,NaN,NaN,NaN,NaN
NaN,NaN,NaN,NaN,NaN,NaN,0.002888,-0.021302,0.012783,0.009446,-0.022718,0.011005,0.016693,-0.027493,0.007733,0.021635,-0.030602,0.004909,0.029207,-0.030618,-0.003545,0.032732,-0.029814,-0.007110,0.038210,-0.021974,-0.019077,0.038265,-0.017267,-0.020498,0.038919,-0.011587,NaN,0.036940,-0.007228,-0.033399,0.033795,0.000887,-0.033845,0.024555,0.011437,-0.038659,0.023236,0.014051,-0.031893,0.017390,0.019719,-0.030133,0.010012,0.020429,-0.025530,0.001234,0.020054,-0.018747,-0.002911,0.017162,-0.012159,-0.003152,0.014300,NaN,NaN,NaN,NaN,NaN
NaN,NaN,NaN,NaN,NaN,NaN,NaN,NaN,NaN,NaN,NaN,NaN,NaN,NaN,NaN,NaN,NaN,NaN,NaN,NaN,NaN,NaN,NaN,NaN,NaN,NaN,NaN,NaN,NaN,NaN,NaN,NaN,NaN,NaN,NaN,NaN,NaN,NaN,NaN,NaN,NaN,NaN,NaN,NaN,NaN,NaN,NaN,NaN,NaN,NaN,NaN,NaN,NaN,NaN,NaN,NaN,NaN,NaN,NaN,NaN,NaN,NaN,NaN,NaN
NaN,NaN,NaN,NaN,NaN,NaN,NaN,NaN,NaN,NaN,NaN,NaN,NaN,NaN,NaN,NaN,NaN,NaN,NaN,NaN,NaN,NaN,NaN,NaN,NaN,NaN,NaN,NaN,NaN,NaN,NaN,NaN,NaN,NaN,NaN,NaN,NaN,NaN,NaN,NaN,NaN,NaN,NaN,NaN,NaN,NaN,NaN,NaN,NaN,NaN,NaN,NaN,NaN,NaN,NaN,NaN,NaN,NaN,NaN,NaN,NaN,NaN,NaN,NaN
NaN,NaN,NaN,NaN,NaN,NaN,-0.000211,0.001355,0.001147,-0.000953,-0.000707,0.000156,0.000168,0.000496,0.000347,-0.000405,-0.000813,0.000322,0.000404,0.000749,-0.000994,-0.001008,-0.000078,-0.000212,0.000865,-0.000564,-0.000545,-0.002356,-0.000037,-0.002689,-0.000841,0.000900,NaN,0.002003,-0.001496,0.000179,0.000473,0.000035,-0.000364,-0.000195,-0.000587,-0.000014,0.000690,-0.000711,-0.000207,-0.001100,0.001026,0.000839,0.000079,0.000656,-0.000375,-0.000300,-0.000857,-0.001244,-0.000887,0.002070,0.000109,-0.000579,-0.000416,NaN,NaN,NaN,NaN,NaN
NaN,NaN,NaN,NaN,NaN,NaN,NaN,NaN,NaN,NaN,NaN,NaN,NaN,NaN,NaN,NaN,NaN,NaN,NaN,NaN,NaN,NaN,NaN,NaN,NaN,NaN,NaN,NaN,NaN,NaN,NaN,NaN,NaN,NaN,NaN,NaN,NaN,NaN,NaN,NaN,NaN,NaN,NaN,NaN,NaN,NaN,NaN,NaN,NaN,NaN,NaN,NaN,NaN,NaN,NaN,NaN,NaN,NaN,NaN,NaN,NaN,NaN,NaN,NaN
NaN,NaN,NaN,NaN,NaN,NaN,0.000130,-0.000329,-0.000839,0.000595,-0.000243,-0.000222,0.002336,0.001549,-0.001461,0.000223,-0.000024,0.000767,0.000450,0.000259,0.001412,0.000216,-0.001329,-0.000186,0.000653,-0.000210,0.001106,-0.001280,0.001077,0.000542,0.002100,0.003377,NaN,0.001360,0.002027,0.001723,-0.000621,-0.001092,-0.000815,0.000442,-0.001504,0.000973,0.000740,-0.000430,0.000529,0.000264,-0.000704,0.000884,-0.000365,0.000931,-0.000034,0.001562,0.000897,0.000436,0.001155,0.000996,-0.000709,0.000825,-0.000265,NaN,NaN,NaN,NaN,NaN
NaN,NaN,NaN,NaN,NaN,NaN,NaN,NaN,NaN,NaN,NaN,NaN,NaN,NaN,NaN,NaN,NaN,NaN,NaN,NaN,NaN,NaN,NaN,NaN,NaN,NaN,NaN,NaN,NaN,NaN,NaN,NaN,NaN,NaN,NaN,NaN,NaN,NaN,NaN,NaN,NaN,NaN,NaN,NaN,NaN,NaN,NaN,NaN,NaN,NaN,NaN,NaN,NaN,NaN,NaN,NaN,NaN,NaN,NaN,NaN,NaN,NaN,NaN,NaN
NaN,NaN,NaN,NaN,NaN,NaN,NaN,NaN,NaN,NaN,NaN,NaN,NaN,NaN,NaN,NaN,NaN,NaN,NaN,NaN,NaN,NaN,NaN,NaN,NaN,NaN,NaN,NaN,NaN,NaN,NaN,NaN,NaN,NaN,NaN,NaN,NaN,NaN,NaN,NaN,NaN,NaN,NaN,NaN,NaN,NaN,NaN,NaN,NaN,NaN,NaN,NaN,NaN,NaN,NaN,NaN,NaN,NaN,NaN,NaN,NaN,NaN,NaN,NaN
NaN,NaN,NaN,NaN,NaN,NaN,NaN,NaN,NaN,NaN,NaN,NaN,NaN,NaN,NaN,NaN,NaN,NaN,NaN,NaN,NaN,NaN,NaN,NaN,NaN,NaN,NaN,NaN,NaN,NaN,NaN,NaN,NaN,NaN,NaN,NaN,NaN,NaN,NaN,NaN,NaN,NaN,NaN,NaN,NaN,NaN,NaN,NaN,NaN,NaN,NaN,NaN,NaN,NaN,NaN,NaN,NaN,NaN,NaN,NaN,NaN,NaN,NaN,NaN
NaN,NaN,NaN,NaN,NaN,NaN,NaN,NaN,NaN,NaN,NaN,NaN,NaN,NaN,NaN,NaN,NaN,NaN,NaN,NaN,NaN,NaN,NaN,NaN,NaN,NaN,NaN,NaN,NaN,NaN,NaN,NaN,NaN,NaN,NaN,NaN,NaN,NaN,NaN,NaN,NaN,NaN,NaN,NaN,NaN,NaN,NaN,NaN,NaN,NaN,NaN,NaN,NaN,NaN,NaN,NaN,NaN,NaN,NaN,NaN,NaN,NaN,NaN,NaN
NaN,NaN,NaN,NaN,NaN,NaN,NaN,NaN,NaN,NaN,NaN,NaN,NaN,NaN,NaN,NaN,NaN,NaN,NaN,NaN,NaN,NaN,NaN,NaN,NaN,NaN,NaN,NaN,NaN,NaN,NaN,NaN,NaN,NaN,NaN,NaN,NaN,NaN,NaN,NaN,NaN,NaN,NaN,NaN,NaN,NaN,NaN,NaN,NaN,NaN,NaN,NaN,NaN,NaN,NaN,NaN,NaN,NaN,NaN,NaN,NaN,NaN,NaN,NaN
NaN,NaN,NaN,NaN,NaN,NaN,-0.000778,0.000368,-0.001255,0.000163,-0.000541,-0.000373,0.001349,0.000479,0.001516,0.000342,0.001371,0.002042,-0.001173,0.001051,-0.001231,-0.002522,-0.000258,0.002180,0.000545,-0.000531,-0.000173,-0.000285,-0.000936,-0.000929,-0.001514,0.001238,NaN,-0.001545,-0.000605,0.000721,-0.000841,-0.001373,-0.000685,0.000990,-0.000127,-0.000790,0.000363,0.000512,0.001642,-0.000457,-0.000761,0.001088,0.000426,-0.000453,-0.000005,-0.001724,0.000735,0.000170,0.000082,-0.000589,-0.000149,-0.000778,-0.000354,NaN,NaN,NaN,NaN,NaN
NaN,NaN,NaN,NaN,NaN,NaN,-0.000724,-0.000229,0.000214,-0.000075,0.000198,0.000156,-0.001463,0.000237,-0.000639,0.000500,0.000683,0.000460,-0.001733,0.000145,-0.001386,-0.000146,0.000516,-0.001461,-0.001565,-0.002231,0.001013,0.001827,0.000732,-0.000808,-0.000395,-0.003419,NaN,0.001390,-0.000833,-0.001342,0.000789,-0.002060,-0.001681,-0.001465,-0.000020,-0.000409,-0.001783,-0.001060,-0.000095,-0.000463,0.000791,0.000393,-0.000676,-0.001972,0.001057,0.000843,0.000663,-0.000894,-0.002634,-0.001362,0.000753,0.000310,-0.000240,NaN,NaN,NaN,NaN,NaN
NaN,NaN,NaN,NaN,NaN,NaN,NaN,NaN,NaN,NaN,NaN,NaN,NaN,NaN,NaN,NaN,NaN,NaN,NaN,NaN,NaN,NaN,NaN,NaN,NaN,NaN,NaN,NaN,NaN,NaN,NaN,NaN,NaN,NaN,NaN,NaN,NaN,NaN,NaN,NaN,NaN,NaN,NaN,NaN,NaN,NaN,NaN,NaN,NaN,NaN,NaN,NaN,NaN,NaN,NaN,NaN,NaN,NaN,NaN,NaN,NaN,NaN,NaN,NaN
NaN,NaN,NaN,NaN,NaN,NaN,NaN,NaN,NaN,NaN,NaN,NaN,NaN,NaN,NaN,NaN,NaN,NaN,NaN,NaN,NaN,NaN,NaN,NaN,NaN,NaN,NaN,NaN,NaN,NaN,NaN,NaN,NaN,NaN,NaN,NaN,NaN,NaN,NaN,NaN,NaN,NaN,NaN,NaN,NaN,NaN,NaN,NaN,NaN,NaN,NaN,NaN,NaN,NaN,NaN,NaN,NaN,NaN,NaN,NaN,NaN,NaN,NaN,NaN
NaN,NaN,NaN,NaN,NaN,NaN,-0.014551,-0.018967,-0.025745,-0.026271,-0.025593,-0.022442,-0.019156,-0.010887,-0.000337,0.009519,0.021216,0.032140,0.036420,0.040312,0.038380,0.040004,0.030283,0.019757,0.007038,-0.004560,-0.019331,-0.028428,-0.040791,-0.044384,-0.044630,-0.041943,NaN,-0.025478,-0.017589,-0.004027,0.012096,0.021639,0.032319,0.036530,0.043909,0.042250,0.040045,0.030470,0.019651,0.011350,-0.001316,-0.012410,-0.019908,-0.028196,-0.028171,-0.030351,-0.027325,-0.021775,-0.016836,-0.009936,-0.002608,0.003551,0.007836,NaN,NaN,NaN,NaN,NaN
NaN,NaN,NaN,NaN,NaN,NaN,NaN,NaN,NaN,NaN,NaN,NaN,NaN,NaN,NaN,NaN,NaN,NaN,NaN,NaN,NaN,NaN,NaN,NaN,NaN,NaN,NaN,NaN,NaN,NaN,NaN,NaN,NaN,NaN,NaN,NaN,NaN,NaN,NaN,NaN,NaN,NaN,NaN,NaN,NaN,NaN,NaN,NaN,NaN,NaN,NaN,NaN,NaN,NaN,NaN,NaN,NaN,NaN,NaN,NaN,NaN,NaN,NaN,NaN
NaN,NaN,NaN,NaN,NaN,NaN,NaN,NaN,NaN,NaN,NaN,NaN,NaN,NaN,NaN,NaN,NaN,NaN,NaN,NaN,NaN,NaN,NaN,NaN,NaN,NaN,NaN,NaN,NaN,NaN,NaN,NaN,NaN,NaN,NaN,NaN,NaN,NaN,NaN,NaN,NaN,NaN,NaN,NaN,NaN,NaN,NaN,NaN,NaN,NaN,NaN,NaN,NaN,NaN,NaN,NaN,NaN,NaN,NaN,NaN,NaN,NaN,NaN,NaN
NaN,NaN,NaN,NaN,NaN,NaN,-0.013091,0.019328,-0.019947,0.017265,-0.008747,-0.003858,0.016375,-0.026421,0.028993,-0.027390,0.019557,-0.004732,-0.011912,0.026961,-0.033405,0.033446,-0.030349,0.015261,0.004873,-0.023691,0.033707,-0.039188,0.033001,-0.024497,0.007110,0.011820,NaN,0.037679,-0.036119,0.030993,-0.018337,-0.005239,0.021404,-0.031974,0.036827,-0.031547,0.021751,-0.009499,-0.010389,0.022047,-0.030893,0.030384,-0.024545,0.012908,0.000828,-0.011368,0.019396,-0.021436,0.019148,-0.012305,0.005460,0.004196,-0.009715,NaN,NaN,NaN,NaN,NaN
NaN,NaN,NaN,NaN,NaN,NaN,0.007891,0.002731,-0.003585,-0.012573,-0.020642,-0.025185,-0.029420,-0.029108,-0.023630,-0.016321,-0.004767,0.008480,0.017787,0.028473,0.033594,0.042050,0.038062,0.030928,0.018888,0.009231,-0.006440,-0.017283,-0.034812,-0.040163,-0.041239,-0.040960,NaN,-0.021021,-0.008025,0.004395,0.020123,0.028461,0.038579,0.039699,0.038506,0.030266,0.021706,0.009541,-0.004733,-0.013837,-0.023021,-0.030558,-0.030807,-0.030878,-0.023229,-0.018007,-0.007447,0.001425,0.008084,0.014289,0.017886,0.017668,0.012273,NaN,NaN,NaN,NaN,NaN
NaN,NaN,NaN,NaN,NaN,NaN,NaN,NaN,NaN,NaN,NaN,NaN,NaN,NaN,NaN,NaN,NaN,NaN,NaN,NaN,NaN,NaN,NaN,NaN,NaN,NaN,NaN,NaN,NaN,NaN,NaN,NaN,NaN,NaN,NaN,NaN,NaN,NaN,NaN,NaN,NaN,NaN,NaN,NaN,NaN,NaN,NaN,NaN,NaN,NaN,NaN,NaN,NaN,NaN,NaN,NaN,NaN,NaN,NaN,NaN,NaN,NaN,NaN,NaN
NaN,NaN,NaN,NaN,NaN,NaN,0.013070,0.010543,0.002991,-0.005129,-0.015600,-0.023920,-0.029240,-0.031119,-0.029871,-0.025146,-0.014377,-0.003863,0.008234,0.020505,0.031142,0.042119,0.040620,0.040410,0.029264,0.021340,0.008343,-0.005373,-0.024606,-0.033546,-0.041052,-0.042796,NaN,-0.033510,-0.025546,-0.011156,0.007091,0.019540,0.031312,0.037864,0.042294,0.038893,0.031572,0.019695,0.008859,-0.004614,-0.015658,-0.023368,-0.028894,-0.031043,-0.027633,-0.022695,-0.015185,-0.006079,0.000880,0.008462,0.013534,0.017009,0.014443,NaN,NaN,NaN,NaN,NaN
NaN,NaN,NaN,NaN,NaN,NaN,0.014594,0.017663,-0.013837,-0.002050,0.008333,0.020594,-0.019679,-0.029794,0.034388,-0.025322,-0.032222,-0.025912,0.029702,-0.010476,-0.028945,0.036692,0.027640,-0.007263,-0.011601,0.030009,0.043623,-0.029110,-0.003066,0.034423,0.032891,-0.016392,NaN,-0.037397,-0.030023,0.003824,0.032104,0.010299,0.013255,0.002575,-0.023150,-0.001624,0.002175,0.000300,0.000310,-0.000935,0.000562,-0.001307,0.001059,0.001920,0.000836,-0.000082,0.000367,0.000579,-0.014925,-0.001310,-0.000138,0.000364,-0.001220,NaN,NaN,NaN,NaN,NaN
NaN,NaN,NaN,NaN,NaN,NaN,-0.012583,-0.007919,0.003666,0.014331,0.023185,0.027487,0.025171,0.016824,0.004750,-0.011627,-0.027779,-0.035298,-0.036640,-0.029007,-0.016191,0.000963,0.019773,0.036812,0.039898,0.039441,0.029288,0.011560,-0.008536,-0.027020,-0.039838,-0.043097,NaN,-0.021481,-0.004201,0.014777,0.033268,0.040893,0.038451,0.030390,0.014585,-0.000530,-0.020651,-0.033164,-0.034882,-0.032240,-0.020996,-0.007509,0.007462,0.018983,0.025790,0.028036,0.021104,0.013311,0.002772,-0.009495,-0.014976,-0.016974,-0.015152,NaN,NaN,NaN,NaN,NaN
NaN,NaN,NaN,NaN,NaN,NaN,NaN,NaN,NaN,NaN,NaN,NaN,NaN,NaN,NaN,NaN,NaN,NaN,NaN,NaN,NaN,NaN,NaN,NaN,NaN,NaN,NaN,NaN,NaN,NaN,NaN,NaN,NaN,NaN,NaN,NaN,NaN,NaN,NaN,NaN,NaN,NaN,NaN,NaN,NaN,NaN,NaN,NaN,NaN,NaN,NaN,NaN,NaN,NaN,NaN,NaN,NaN,NaN,NaN,NaN,NaN,NaN,NaN,NaN
NaN,NaN,NaN,NaN,NaN,NaN,0.000589,-0.001021,-0.000880,0.000804,0.000589,0.000197,0.000133,-0.001198,-0.000927,-0.000124,0.000924,0.001833,0.000310,0.000062,0.000255,-0.002408,-0.000810,0.000457,0.000072,-0.000414,0.000677,-0.000142,0.000910,0.000559,0.001666,0.001397,NaN,-0.003921,0.001954,-0.000400,-0.000834,0.001028,0.000619,0.001007,-0.000448,0.000316,0.000930,0.001434,0.000535,-0.000170,0.000024,-0.000802,0.001798,0.000920,-0.000018,0.001154,0.000837,0.000565,-0.000455,0.000425,0.000395,0.000619,0.000046,NaN,NaN,NaN,NaN,NaN
NaN,NaN,NaN,NaN,NaN,NaN,0.000541,-0.000202,0.000114,-0.000426,0.000496,0.001133,0.000261,0.000062,-0.000567,0.000692,-0.000161,-0.000860,0.000748,-0.000475,0.000873,0.000351,-0.000945,0.000861,0.001303,0.000503,0.000676,0.000193,-0.000667,0.000809,0.001788,0.000861,NaN,-0.001538,0.001694,0.000341,0.000313,-0.000212,0.000274,-0.001409,-0.000106,0.000003,0.000028,-0.001524,-0.001313,-0.000437,0.000010,-0.000804,-0.000875,0.000518,0.000123,-0.000205,0.001058,-0.000546,-0.000946,0.000205,0.000499,-0.000124,0.000595,NaN,NaN,NaN,NaN,NaN
NaN,NaN,NaN,NaN,NaN,NaN,-0.002622,0.013790,0.018983,0.001013,-0.021429,-0.020194,0.001936,0.027080,0.021521,-0.007343,-0.029550,-0.015601,0.020692,0.037084,0.015803,-0.026895,-0.034252,-0.010092,0.028628,0.035338,0.004409,-0.032167,-0.032243,0.007945,0.038423,0.027548,NaN,-0.039875,-0.022294,0.014986,0.038792,0.014055,-0.021565,-0.036227,-0.009622,0.027826,0.033447,-0.000125,-0.030222,-0.027274,0.003922,0.029472,0.020599,-0.006810,-0.021379,-0.017676,0.010622,0.020382,0.008952,-0.012894,-0.016701,-0.002633,0.010702,NaN,NaN,NaN,NaN,NaN
NaN,NaN,NaN,NaN,NaN,NaN,-0.012874,-0.007138,0.002883,0.012154,0.021264,0.025676,0.025535,0.017222,0.007497,-0.009386,-0.025138,-0.033070,-0.034690,-0.029547,-0.016206,-0.001173,0.015782,0.034086,0.037243,0.039283,0.028987,0.012110,-0.006652,-0.022286,-0.035331,-0.039842,NaN,-0.023534,-0.007826,0.010700,0.031203,0.038127,0.038448,0.032721,0.016643,-0.000423,-0.018823,-0.031697,-0.034033,-0.030246,-0.021893,-0.011510,0.003286,0.018883,0.025466,0.026822,0.023123,0.012117,0.004101,-0.006590,-0.014739,-0.016572,-0.014705,NaN,NaN,NaN,NaN,NaN
NaN,NaN,NaN,NaN,NaN,NaN,0.001559,-0.003465,-0.010418,-0.016518,-0.021201,-0.027348,-0.027007,-0.025038,-0.021296,-0.013850,-0.004264,0.006818,0.015839,0.026073,0.034005,0.036540,0.038337,0.034298,0.027782,0.017071,0.004144,-0.005299,-0.018595,-0.029466,-0.036340,-0.038659,NaN,-0.034476,-0.026657,-0.016203,-0.002619,0.008819,0.019556,0.027731,0.033578,0.037294,0.036355,0.029893,0.020781,0.014806,0.004688,-0.005948,-0.016839,-0.022192,-0.025884,-0.024510,-0.023949,-0.019833,-0.014742,-0.008485,-0.001123,0.002745,0.007105,NaN,NaN,NaN,NaN,NaN
NaN,NaN,NaN,NaN,NaN,NaN,-0.009420,0.019719,-0.001577,-0.020368,0.016791,0.011989,-0.026645,0.002819,0.026396,-0.023673,-0.012380,0.034750,-0.010427,-0.029259,0.028968,0.009623,-0.039417,0.012954,0.027816,-0.031783,-0.008342,0.039648,-0.020198,-0.027311,0.036407,0.001793,NaN,0.021820,0.026671,-0.037840,0.001751,0.034583,-0.022825,-0.020920,0.036614,-0.005366,-0.032198,0.025579,0.015522,-0.032783,0.007314,0.027628,-0.024966,-0.009640,0.027722,-0.006562,-0.019277,0.019512,0.006760,-0.020759,0.007824,0.011419,-0.013221,NaN,NaN,NaN,NaN,NaN
NaN,NaN,NaN,NaN,NaN,NaN,-0.017039,-0.015739,-0.010346,0.001483,0.011553,0.023473,0.026712,0.027504,0.019983,0.007223,-0.009297,-0.022610,-0.032586,-0.033860,-0.030782,-0.017642,0.001628,0.018671,0.033096,0.038949,0.037036,0.027378,0.010917,-0.009578,-0.025129,-0.039170,NaN,-0.031150,-0.018488,-0.001181,0.018368,0.031396,0.036527,0.034908,0.026588,0.008297,-0.008361,-0.022751,-0.029331,-0.032791,-0.025230,-0.016253,-0.000635,0.013683,0.021845,0.025932,0.022723,0.015958,0.005378,-0.004184,-0.011847,-0.015700,-0.014628,NaN,NaN,NaN,NaN,NaN
NaN,NaN,NaN,NaN,NaN,NaN,-0.000846,0.000217,-0.000826,0.001214,-0.001360,0.000460,0.000695,-0.000067,-0.000586,0.001198,-0.000756,0.000243,0.000676,0.000317,-0.000162,0.000244,-0.000056,0.001116,0.000739,0.000299,0.000064,-0.000149,0.001260,0.001349,-0.000256,-0.001451,NaN,-0.000188,0.003305,0.000665,-0.001371,-0.000782,-0.001253,-0.000254,0.000007,-0.001315,-0.000639,0.000155,0.000069,0.000485,0.001463,0.000062,0.000416,0.000089,0.000552,-0.000817,0.000822,0.000427,-0.000950,-0.000269,-0.000913,-0.001339,0.002216,NaN,NaN,NaN,NaN,NaN
NaN,NaN,NaN,NaN,NaN,NaN,-0.000160,0.000299,-0.000664,0.000857,0.000663,0.000867,0.000618,-0.000792,0.000823,0.000189,-0.000174,0.000142,0.000532,0.000593,-0.000544,-0.000325,0.000263,0.000287,0.000915,0.000062,-0.001262,-0.001480,-0.001348,-0.000292,0.002445,0.002171,NaN,-0.001382,0.000729,-0.001101,-0.000007,0.001802,0.000419,-0.001850,0.000070,0.000249,0.002970,0.000829,0.001541,0.000722,0.000187,-0.000084,0.000226,-0.000974,0.001392,0.000258,-0.000274,-0.000718,0.000534,0.000464,0.000465,-0.000490,-0.000052,NaN,NaN,NaN,NaN,NaN
NaN,NaN,NaN,NaN,NaN,NaN,-0.009907,-0.015767,-0.021413,-0.024478,-0.025419,-0.022403,-0.021346,-0.012644,-0.007905,0.002700,0.012816,0.023942,0.030284,0.035267,0.037419,0.041994,0.033770,0.025650,0.014240,0.006286,-0.006526,-0.019448,-0.032433,-0.038167,-0.041006,-0.042671,NaN,-0.031982,-0.022656,-0.010809,0.000205,0.011657,0.024137,0.029837,0.038453,0.038961,0.037735,0.032355,0.024430,0.015835,0.005386,-0.004557,-0.015387,-0.019776,-0.023295,-0.027765,-0.026876,-0.023644,-0.017350,-0.013391,-0.006544,0.000043,0.004531,NaN,NaN,NaN,NaN,NaN
NaN,NaN,NaN,NaN,NaN,NaN,NaN,NaN,NaN,NaN,NaN,NaN,NaN,NaN,NaN,NaN,NaN,NaN,NaN,NaN,NaN,NaN,NaN,NaN,NaN,NaN,NaN,NaN,NaN,NaN,NaN,NaN,NaN,NaN,NaN,NaN,NaN,NaN,NaN,NaN,NaN,NaN,NaN,NaN,NaN,NaN,NaN,NaN,NaN,NaN,NaN,NaN,NaN,NaN,NaN,NaN,NaN,NaN,NaN,NaN,NaN,NaN,NaN,NaN
NaN,NaN,NaN,NaN,NaN,NaN,0.000875,0.000110,-0.000440,0.000104,0.000776,-0.000101,0.001395,0.001310,-0.000493,0.000446,-0.000548,0.000583,-0.000460,-0.000152,0.001483,0.000281,-0.002170,-0.000264,-0.001111,0.001896,0.002280,-0.000710,-0.000569,-0.000752,0.000445,0.000491,NaN,-0.000883,-0.001724,-0.000087,-0.001241,-0.000450,-0.000078,-0.002232,-0.000491,0.000672,-0.000274,0.000435,-0.001303,0.001251,0.001473,0.000736,0.000737,0.000289,-0.000880,-0.000490,0.000135,0.001332,-0.001091,-0.000466,0.000384,-0.000366,0.000304,NaN,NaN,NaN,NaN,NaN
NaN,NaN,NaN,NaN,NaN,NaN,NaN,NaN,NaN,NaN,NaN,NaN,NaN,NaN,NaN,NaN,NaN,NaN,NaN,NaN,NaN,NaN,NaN,NaN,NaN,NaN,NaN,NaN,NaN,NaN,NaN,NaN,NaN,NaN,NaN,NaN,NaN,NaN,NaN,NaN,NaN,NaN,NaN,NaN,NaN,NaN,NaN,NaN,NaN,NaN,NaN,NaN,NaN,NaN,NaN,NaN,NaN,NaN,NaN,NaN,NaN,NaN,NaN,NaN
NaN,NaN,NaN,NaN,NaN,NaN,-0.003667,0.004791,0.013841,0.020975,0.026287,0.024986,0.019318,0.009777,-0.004115,-0.017544,-0.027121,-0.035434,-0.034236,-0.028164,-0.016203,0.000571,0.016515,0.030897,0.037332,0.040799,0.034720,0.022211,0.005082,-0.013733,-0.028614,-0.038936,NaN,-0.036792,-0.024430,-0.010602,0.009950,0.024356,0.034767,0.038661,0.036235,0.024675,0.010220,-0.004198,-0.017884,-0.028519,-0.032203,-0.030433,-0.021265,-0.011390,0.000387,0.012658,0.020248,0.023125,0.020705,0.015075,0.008767,0.000216,-0.005127,NaN,NaN,NaN,NaN,NaN
NaN,NaN,NaN,NaN,NaN,NaN,NaN,NaN,NaN,NaN,NaN,NaN,NaN,NaN,NaN,NaN,NaN,NaN,NaN,NaN,NaN,NaN,NaN,NaN,NaN,NaN,NaN,NaN,NaN,NaN,NaN,NaN,NaN,NaN,NaN,NaN,NaN,NaN,NaN,NaN,NaN,NaN,NaN,NaN,NaN,NaN,NaN,NaN,NaN,NaN,NaN,NaN,NaN,NaN,NaN,NaN,NaN,NaN,NaN,NaN,NaN,NaN,NaN,NaN
NaN,NaN,NaN,NaN,NaN,NaN,NaN,NaN,NaN,NaN,NaN,NaN,NaN,NaN,NaN,NaN,NaN,NaN,NaN,NaN,NaN,NaN,NaN,NaN,NaN,NaN,NaN,NaN,NaN,NaN,NaN,NaN,NaN,NaN,NaN,NaN,NaN,NaN,NaN,NaN,NaN,NaN,NaN,NaN,NaN,NaN,NaN,NaN,NaN,NaN,NaN,NaN,NaN,NaN,NaN,NaN,NaN,NaN,NaN,NaN,NaN,NaN,NaN,NaN
NaN,NaN,NaN,NaN,NaN,NaN,NaN,NaN,NaN,NaN,NaN,NaN,NaN,NaN,NaN,NaN,NaN,NaN,NaN,NaN,NaN,NaN,NaN,NaN,NaN,NaN,NaN,NaN,NaN,NaN,NaN,NaN,NaN,NaN,NaN,NaN,NaN,NaN,NaN,NaN,NaN,NaN,NaN,NaN,NaN,NaN,NaN,NaN,NaN,NaN,NaN,NaN,NaN,NaN,NaN,NaN,NaN,NaN,NaN,NaN,NaN,NaN,NaN,NaN
NaN,NaN,NaN,NaN,NaN,NaN,0.000500,0.001173,0.000776,-0.000229,-0.000082,0.000713,0.001410,0.001852,0.000405,0.000172,-0.000044,-0.000372,-0.000967,-0.001125,-0.000363,-0.000008,-0.000124,-0.000191,0.001869,0.000301,0.000937,-0.001786,0.001021,0.000092,0.001102,0.001777,NaN,-0.003150,0.002220,-0.000932,0.000580,-0.000443,0.000071,0.002005,0.000634,-0.001213,-0.000186,-0.000046,0.000720,-0.000416,0.000475,-0.001144,0.000832,0.001097,0.000381,0.000052,-0.000587,0.000766,0.000693,0.000332,-0.000422,-0.000715,-0.000113,NaN,NaN,NaN,NaN,NaN
NaN,NaN,NaN,NaN,NaN,NaN,NaN,NaN,NaN,NaN,NaN,NaN,NaN,NaN,NaN,NaN,NaN,NaN,NaN,NaN,NaN,NaN,NaN,NaN,NaN,NaN,NaN,NaN,NaN,NaN,NaN,NaN,NaN,NaN,NaN,NaN,NaN,NaN,NaN,NaN,NaN,NaN,NaN,NaN,NaN,NaN,NaN,NaN,NaN,NaN,NaN,NaN,NaN,NaN,NaN,NaN,NaN,NaN,NaN,NaN,NaN,NaN,NaN,NaN
NaN,NaN,NaN,NaN,NaN,NaN,0.015748,0.005035,-0.013857,-0.022452,-0.005901,0.019631,0.025514,0.004420,-0.025767,-0.028097,-0.000016,0.030602,0.029224,-0.002001,-0.032519,-0.030498,0.008560,0.036715,0.028904,-0.011950,-0.039136,-0.026345,0.015604,0.040004,0.023090,-0.019572,NaN,-0.018818,0.022901,0.039610,0.014605,-0.025440,-0.037097,-0.010667,0.027900,0.035000,0.004642,-0.028296,-0.031375,-0.004281,0.027387,0.027048,-0.001690,-0.025289,-0.022341,0.004252,0.023853,0.016612,-0.003211,-0.019486,-0.012522,0.004915,0.014838,NaN,NaN,NaN,NaN,NaN
NaN,NaN,NaN,NaN,NaN,NaN,0.000290,-0.000033,-0.001049,0.002382,-0.000828,-0.000487,0.001921,-0.000200,0.000130,0.000597,0.000614,0.000008,0.000235,0.000018,0.000496,-0.000048,-0.001208,-0.002874,0.000654,-0.000391,-0.000253,0.000628,0.000366,-0.001304,-0.002171,0.000098,NaN,0.000647,-0.001229,-0.000861,-0.000301,0.000250,-0.001359,-0.000256,0.000399,-0.001020,0.000320,0.001027,0.000073,0.000975,0.001193,0.001510,0.000109,0.001090,-0.000332,-0.001447,0.000152,0.000150,0.001018,-0.000951,-0.000293,0.000445,0.001381,NaN,NaN,NaN,NaN,NaN
NaN,NaN,NaN,NaN,NaN,NaN,0.000016,0.000583,0.000158,-0.000202,-0.000820,0.000399,0.000965,-0.001428,-0.000944,-0.000573,0.000751,0.000194,0.000752,-0.000519,0.001526,-0.001369,-0.000106,0.000568,-0.000665,-0.000982,0.000109,-0.000180,0.001336,0.001116,0.001160,0.000135,NaN,-0.001439,0.000705,0.000551,-0.000636,0.000796,-0.000425,-0.000081,0.000466,0.000332,0.000593,-0.000338,0.000232,0.000316,-0.001057,-0.000570,0.000206,-0.001021,0.000487,0.000367,-0.001014,-0.001182,-0.000895,-0.001085,0.001161,-0.000971,0.000325,NaN,NaN,NaN,NaN,NaN
NaN,NaN,NaN,NaN,NaN,NaN,0.013672,0.008766,0.004749,-0.004319,-0.015040,-0.020902,-0.027025,-0.030776,-0.030107,-0.024498,-0.016365,-0.003593,0.008870,0.018999,0.028205,0.040125,0.039465,0.038012,0.026704,0.016713,0.003626,-0.008618,-0.028417,-0.036482,-0.042248,-0.039925,NaN,-0.023132,-0.014301,0.001225,0.016481,0.024853,0.036001,0.037438,0.035917,0.031932,0.022851,0.010175,-0.001877,-0.014697,-0.021386,-0.031220,-0.028308,-0.029657,-0.021741,-0.015785,-0.007702,0.003081,0.008186,0.014721,0.016818,0.016923,0.013551,NaN,NaN,NaN,NaN,NaN
NaN,NaN,NaN,NaN,NaN,NaN,0.017378,0.012902,0.008082,-0.000886,-0.012301,-0.021321,-0.028404,-0.034751,-0.032922,-0.027745,-0.018481,-0.003954,0.006953,0.021789,0.031443,0.042494,0.041974,0.039714,0.026323,0.018675,0.000884,-0.014537,-0.032945,-0.041066,-0.040806,-0.041865,NaN,-0.024474,-0.011235,0.004721,0.020267,0.032238,0.039053,0.042689,0.039855,0.030149,0.018034,0.002279,-0.008443,-0.020801,-0.028670,-0.036999,-0.033348,-0.029617,-0.020094,-0.010854,0.001161,0.011254,0.015286,0.020663,0.019379,0.019276,0.011966,NaN,NaN,NaN,NaN,NaN
NaN,NaN,NaN,NaN,NaN,NaN,-0.009254,-0.021552,-0.020254,-0.010606,0.023006,-0.018213,-0.037007,0.028703,-0.006472,-0.005014,-0.003672,0.008936,0.020942,0.015855,-0.024371,-0.016201,-0.045550,-0.023848,0.008808,0.029018,-0.037813,0.012210,0.004329,-0.019921,0.052063,-0.002521,NaN,-0.055730,-0.020240,0.002563,-0.038488,0.029690,-0.005356,-0.007793,0.052229,-0.042428,-0.020655,-0.007084,0.012666,0.019248,0.013639,-0.000324,0.005884,-0.007061,0.000513,-0.008961,0.009544,-0.003847,-0.001130,0.003144,-0.002380,-0.010146,-0.013702,NaN,NaN,NaN,NaN,NaN
NaN,NaN,NaN,NaN,NaN,NaN,0.015802,0.011469,0.004925,-0.004327,-0.015419,-0.023271,-0.030924,-0.033817,-0.032779,-0.025417,-0.013925,-0.001164,0.011221,0.025716,0.034777,0.045246,0.042244,0.039711,0.026792,0.013635,-0.004910,-0.018525,-0.035407,-0.043894,-0.045672,-0.040747,NaN,-0.023327,-0.007431,0.008259,0.024559,0.034649,0.042241,0.041893,0.036381,0.030396,0.014975,0.000425,-0.013689,-0.023641,-0.031717,-0.035798,-0.032081,-0.026596,-0.017790,-0.006508,0.003541,0.012271,0.019603,0.020339,0.020355,0.017869,0.010755,NaN,NaN,NaN,NaN,NaN
NaN,NaN,NaN,NaN,NaN,NaN,-0.020800,-0.021855,-0.023909,-0.022633,-0.019818,-0.013075,-0.005149,0.004356,0.012431,0.021213,0.027688,0.036917,0.038962,0.040295,0.035784,0.034213,0.024753,0.013181,0.001111,-0.010674,-0.023284,-0.031487,-0.042990,-0.043360,-0.046491,-0.044711,NaN,-0.026729,-0.018134,-0.005950,0.006435,0.018231,0.027965,0.034601,0.040206,0.042459,0.042373,0.035364,0.026831,0.017955,0.009286,-0.001063,-0.011869,-0.015624,-0.024488,-0.028170,-0.027493,-0.025981,-0.021168,-0.018332,-0.012686,-0.006549,-0.000717,NaN,NaN,NaN,NaN,NaN
NaN,NaN,NaN,NaN,NaN,NaN,0.008391,0.003644,-0.004002,-0.013351,-0.022988,-0.026828,-0.031850,-0.031331,-0.027782,-0.018591,-0.005960,0.007368,0.019189,0.030229,0.039144,0.044911,0.042557,0.036474,0.022174,0.011594,-0.004629,-0.018454,-0.034781,-0.043015,-0.045486,-0.044387,NaN,-0.024313,-0.012648,0.002508,0.019842,0.031330,0.038876,0.043050,0.041660,0.035616,0.025951,0.011758,-0.002293,-0.014423,-0.024339,-0.031860,-0.034676,-0.032367,-0.027485,-0.019388,-0.008647,0.001320,0.006956,0.014265,0.017451,0.018327,0.016206,NaN,NaN,NaN,NaN,NaN
NaN,NaN,NaN,NaN,NaN,NaN,0.001379,-0.006807,-0.013953,-0.020597,-0.027665,-0.031013,-0.028086,-0.027389,-0.020037,-0.009411,0.002967,0.013904,0.026325,0.034071,0.039445,0.042020,0.039855,0.033308,0.020669,0.007359,-0.008523,-0.020662,-0.034502,-0.040279,-0.045998,-0.044230,NaN,-0.029255,-0.016734,-0.001672,0.014030,0.023915,0.034144,0.040104,0.041760,0.039709,0.032894,0.022637,0.010219,-0.003910,-0.013374,-0.023900,-0.030606,-0.032301,-0.031079,-0.026818,-0.018900,-0.011454,-0.005322,0.004770,0.010350,0.014170,0.015912,NaN,NaN,NaN,NaN,NaN
NaN,NaN,NaN,NaN,NaN,NaN,0.012380,0.006571,-0.000799,-0.007600,-0.019133,-0.026859,-0.029970,-0.033666,-0.028931,-0.021594,-0.009087,0.002522,0.016731,0.028761,0.035991,0.044982,0.041077,0.035773,0.024874,0.011944,-0.004739,-0.018838,-0.036217,-0.042832,-0.046797,-0.044408,NaN,-0.025644,-0.008103,0.005726,0.023428,0.033085,0.040009,0.043468,0.040677,0.031182,0.020055,0.006490,-0.009443,-0.021022,-0.028161,-0.034384,-0.031985,-0.030490,-0.021100,-0.012063,-0.002087,0.006251,0.014129,0.018082,0.019157,0.019487,0.014418,NaN,NaN,NaN,NaN,NaN
NaN,NaN,NaN,NaN,NaN,NaN,0.015500,0.012760,0.003198,-0.004242,-0.014363,-0.024434,-0.029720,-0.032771,-0.030469,-0.024511,-0.015302,-0.000854,0.014187,0.025891,0.035755,0.044054,0.043407,0.036341,0.024316,0.011669,-0.005846,-0.021191,-0.035336,-0.042422,-0.043962,-0.042855,NaN,-0.018645,-0.003442,0.012160,0.027950,0.038412,0.042621,0.043197,0.037118,0.027059,0.013341,-0.001761,-0.015183,-0.025442,-0.032475,-0.037292,-0.033166,-0.026246,-0.015710,-0.005459,0.005393,0.015719,0.020324,0.022045,0.020245,0.017810,0.010794,NaN,NaN,NaN,NaN,NaN
NaN,NaN,NaN,NaN,NaN,NaN,0.014112,0.010927,0.004063,-0.003967,-0.014968,-0.023744,-0.029877,-0.031245,-0.031885,-0.026011,-0.016750,-0.002811,0.009947,0.023837,0.033529,0.043527,0.043236,0.041821,0.028718,0.018186,0.001713,-0.009340,-0.028645,-0.039225,-0.045705,-0.046001,NaN,-0.029019,-0.015900,-0.001560,0.016796,0.027152,0.037169,0.043127,0.042451,0.034775,0.026556,0.011422,-0.001151,-0.013901,-0.023482,-0.032528,-0.034133,-0.032945,-0.025784,-0.016795,-0.008722,0.001501,0.010265,0.015573,0.019163,0.019059,0.015516,NaN,NaN,NaN,NaN,NaN
NaN,NaN,NaN,NaN,NaN,NaN,-0.012711,-0.019288,-0.022717,-0.025034,-0.026486,-0.022701,-0.018963,-0.009541,-0.001522,0.009279,0.020149,0.030046,0.036374,0.038921,0.040237,0.038239,0.030412,0.020717,0.010203,-0.000646,-0.016592,-0.026993,-0.038587,-0.042224,-0.045443,-0.045227,NaN,-0.029795,-0.019117,-0.004971,0.008337,0.019147,0.029186,0.036272,0.040981,0.039350,0.038626,0.032559,0.022556,0.012769,0.000231,-0.009035,-0.019657,-0.024054,-0.029723,-0.030175,-0.028625,-0.021998,-0.018009,-0.010969,-0.003773,0.001160,0.007144,NaN,NaN,NaN,NaN,NaN
NaN,NaN,NaN,NaN,NaN,NaN,0.007216,0.000059,-0.007236,-0.015257,-0.022193,-0.030022,-0.030553,-0.031636,-0.026426,-0.019028,-0.007966,0.004206,0.018092,0.029373,0.037547,0.044020,0.041173,0.037081,0.026491,0.013078,-0.000020,-0.015738,-0.028930,-0.039378,-0.043987,-0.046658,NaN,-0.033200,-0.020158,-0.004803,0.010864,0.022685,0.035219,0.039202,0.042667,0.039536,0.032190,0.020609,0.009921,-0.003235,-0.015263,-0.025997,-0.032436,-0.032414,-0.030145,-0.027105,-0.017476,-0.008475,-0.001194,0.006796,0.012087,0.016360,0.016011,NaN,NaN,NaN,NaN,NaN
NaN,NaN,NaN,NaN,NaN,NaN,0.001689,-0.004765,-0.013088,-0.020792,-0.027841,-0.030463,-0.028669,-0.025714,-0.019299,-0.008336,0.005122,0.017965,0.028841,0.037013,0.040101,0.042514,0.038556,0.029149,0.016536,0.001958,-0.014880,-0.025785,-0.038046,-0.043893,-0.043617,-0.044298,NaN,-0.021106,-0.008333,0.006443,0.023699,0.032864,0.040451,0.042155,0.040496,0.034591,0.024264,0.011298,-0.001139,-0.013824,-0.022481,-0.032548,-0.032772,-0.031323,-0.027789,-0.019526,-0.012254,-0.001563,0.005745,0.012165,0.015765,0.018885,0.016430,NaN,NaN,NaN,NaN,NaN
NaN,NaN,NaN,NaN,NaN,NaN,-0.014736,-0.019537,-0.024367,-0.026650,-0.025211,-0.023364,-0.017958,-0.010541,-0.002188,0.009492,0.020307,0.029202,0.036759,0.040335,0.039911,0.039013,0.032418,0.021390,0.008757,-0.001541,-0.015195,-0.026150,-0.039335,-0.043960,-0.046708,-0.043748,NaN,-0.029758,-0.019479,-0.005881,0.007931,0.019568,0.029237,0.038145,0.040629,0.042951,0.037650,0.030945,0.022638,0.010262,-0.000591,-0.010430,-0.019009,-0.025544,-0.027381,-0.029067,-0.028631,-0.021909,-0.017661,-0.010469,-0.004368,0.001742,0.007146,NaN,NaN,NaN,NaN,NaN
NaN,NaN,NaN,NaN,NaN,NaN,-0.017973,-0.022093,-0.022677,-0.023263,-0.021398,-0.017358,-0.011517,-0.003188,0.007054,0.016545,0.027593,0.034769,0.038807,0.038589,0.035234,0.034997,0.025964,0.014744,0.001208,-0.009449,-0.023828,-0.031601,-0.041290,-0.042619,-0.045780,-0.042020,NaN,-0.025264,-0.015118,-0.002117,0.009755,0.021790,0.030677,0.036345,0.042116,0.041684,0.040126,0.031195,0.023151,0.012405,0.000609,-0.008761,-0.017143,-0.022409,-0.028590,-0.028287,-0.027199,-0.023042,-0.019624,-0.012949,-0.005850,-0.002338,0.004293,NaN,NaN,NaN,NaN,NaN
NaN,NaN,NaN,NaN,NaN,NaN,-0.012877,-0.017651,-0.022604,-0.025518,-0.027494,-0.024980,-0.022155,-0.013087,-0.003347,0.006778,0.020007,0.028803,0.035176,0.039560,0.038783,0.039821,0.031437,0.020473,0.008239,-0.006718,-0.018745,-0.028580,-0.041131,-0.044314,-0.044879,-0.043246,NaN,-0.023538,-0.013312,0.001098,0.013621,0.024822,0.035672,0.041059,0.042885,0.040286,0.032337,0.024856,0.014882,0.001738,-0.008088,-0.019982,-0.026039,-0.030359,-0.030068,-0.029270,-0.022868,-0.017697,-0.010205,-0.002128,0.003614,0.009308,0.011753,NaN,NaN,NaN,NaN,NaN
NaN,NaN,NaN,NaN,NaN,NaN,-0.000885,-0.006567,-0.013571,-0.020882,-0.025702,-0.028659,-0.028154,-0.023847,-0.016915,-0.005640,0.004592,0.016084,0.025744,0.035836,0.040302,0.041409,0.037939,0.030074,0.017467,0.003948,-0.011167,-0.022246,-0.033911,-0.041523,-0.043930,-0.044098,NaN,-0.025167,-0.013773,0.000714,0.013626,0.025156,0.036767,0.039846,0.039393,0.037954,0.030923,0.018174,0.007515,-0.004410,-0.014832,-0.022940,-0.029315,-0.030633,-0.029701,-0.025384,-0.017975,-0.010735,-0.002639,0.004522,0.010254,0.015074,0.014713,NaN,NaN,NaN,NaN,NaN
NaN,NaN,NaN,NaN,NaN,NaN,-0.018413,-0.020126,-0.024558,-0.023906,-0.024036,-0.016173,-0.012013,-0.003412,0.006402,0.018437,0.026803,0.034562,0.037575,0.039084,0.035921,0.034928,0.025400,0.014556,0.000179,-0.009030,-0.023042,-0.032271,-0.042853,-0.045059,-0.045947,-0.040850,NaN,-0.025857,-0.014598,-0.001815,0.011168,0.021602,0.032151,0.039046,0.042765,0.041388,0.039614,0.031626,0.024468,0.012551,0.001774,-0.009037,-0.017104,-0.024014,-0.026025,-0.029976,-0.029416,-0.025447,-0.019573,-0.014018,-0.006232,-0.000624,0.003314,NaN,NaN,NaN,NaN,NaN
NaN,NaN,NaN,NaN,NaN,NaN,-0.006815,-0.012987,-0.019715,-0.023180,-0.029245,-0.027697,-0.026657,-0.020802,-0.012658,-0.000798,0.008728,0.021027,0.031124,0.037172,0.039614,0.043987,0.036475,0.027331,0.015310,0.002895,-0.015649,-0.023780,-0.038979,-0.044402,-0.044481,-0.045472,NaN,-0.027803,-0.016144,-0.002478,0.013544,0.023290,0.034334,0.038305,0.042231,0.038847,0.035036,0.023788,0.013213,0.000905,-0.010180,-0.021724,-0.028211,-0.032434,-0.032209,-0.028672,-0.022853,-0.014109,-0.006852,0.000451,0.006419,0.010605,0.012851,NaN,NaN,NaN,NaN,NaN
NaN,NaN,NaN,NaN,NaN,NaN,0.011770,0.007198,0.000353,-0.008333,-0.019006,-0.025680,-0.029852,-0.031857,-0.028116,-0.020203,-0.012006,0.001940,0.017202,0.027492,0.036106,0.043507,0.040954,0.036094,0.023887,0.010700,-0.005067,-0.020239,-0.034976,-0.043137,-0.043573,-0.042387,NaN,-0.022439,-0.008480,0.008218,0.022243,0.034603,0.041299,0.043258,0.040084,0.030468,0.020624,0.003454,-0.008662,-0.019026,-0.027211,-0.036200,-0.033891,-0.028981,-0.021615,-0.013532,-0.001952,0.006084,0.014672,0.017339,0.020027,0.018382,0.013758,NaN,NaN,NaN,NaN,NaN
NaN,NaN,NaN,NaN,NaN,NaN,-0.008182,-0.013651,-0.019897,-0.024988,-0.027899,-0.026964,-0.023191,-0.017067,-0.008214,0.002049,0.015075,0.024563,0.032606,0.038716,0.040221,0.041074,0.033529,0.022877,0.008879,-0.001911,-0.017464,-0.028460,-0.041003,-0.044532,-0.043779,-0.042578,NaN,-0.023904,-0.009003,0.005080,0.016902,0.027344,0.037840,0.041139,0.041568,0.038087,0.030990,0.020301,0.010209,-0.003266,-0.013639,-0.025161,-0.029919,-0.031386,-0.030040,-0.028286,-0.021117,-0.012652,-0.004991,0.002407,0.008527,0.013133,0.014211,NaN,NaN,NaN,NaN,NaN
NaN,NaN,NaN,NaN,NaN,NaN,-0.007571,-0.012968,-0.019594,-0.023407,-0.028512,-0.028157,-0.025166,-0.018187,-0.010772,-0.000423,0.012441,0.023545,0.031938,0.040160,0.038996,0.041672,0.034202,0.025360,0.010861,-0.000630,-0.014967,-0.026606,-0.042274,-0.044989,-0.045332,-0.042466,NaN,-0.023865,-0.013267,0.002319,0.019552,0.027171,0.036420,0.040184,0.042398,0.036577,0.034457,0.021439,0.009926,-0.000328,-0.013868,-0.024058,-0.027099,-0.032858,-0.030364,-0.028540,-0.020717,-0.014753,-0.006482,0.001124,0.007770,0.012914,0.013980,NaN,NaN,NaN,NaN,NaN
NaN,NaN,NaN,NaN,NaN,NaN,-0.007228,-0.012600,-0.020034,-0.024087,-0.026715,-0.028618,-0.025849,-0.019531,-0.011393,0.000071,0.012224,0.021867,0.030861,0.037901,0.042597,0.040629,0.037675,0.029761,0.017139,0.005119,-0.008900,-0.019964,-0.034914,-0.039700,-0.046811,-0.045076,NaN,-0.032882,-0.023052,-0.011455,0.003881,0.016871,0.027280,0.036381,0.041828,0.041390,0.036737,0.031775,0.021507,0.011296,-0.001306,-0.012728,-0.019502,-0.025734,-0.029601,-0.028771,-0.026678,-0.021966,-0.015696,-0.009795,-0.001062,0.005965,0.008940,NaN,NaN,NaN,NaN,NaN
NaN,NaN,NaN,NaN,NaN,NaN,0.005870,-0.001833,-0.009183,-0.015762,-0.025636,-0.029674,-0.030814,-0.027198,-0.021865,-0.011891,-0.000048,0.013460,0.025514,0.032724,0.040180,0.044634,0.038201,0.029478,0.015131,0.002093,-0.013325,-0.026167,-0.040177,-0.043403,-0.043842,-0.041857,NaN,-0.015805,-0.006230,0.009013,0.025779,0.033158,0.042677,0.041866,0.037080,0.029697,0.017791,0.005343,-0.007686,-0.021302,-0.028995,-0.033892,-0.033218,-0.030634,-0.023666,-0.012895,-0.003466,0.005916,0.012443,0.017456,0.019894,0.018729,0.014278,NaN,NaN,NaN,NaN,NaN
NaN,NaN,NaN,NaN,NaN,NaN,0.004365,-0.000758,-0.010010,-0.017981,-0.025254,-0.029004,-0.031008,-0.028588,-0.022846,-0.014477,-0.001978,0.010387,0.023920,0.032582,0.040494,0.042503,0.040629,0.032335,0.020764,0.008197,-0.007889,-0.020466,-0.034693,-0.042169,-0.044724,-0.045592,NaN,-0.026028,-0.015542,-0.000767,0.017101,0.026342,0.036690,0.041981,0.041953,0.038301,0.027992,0.016256,0.004617,-0.008284,-0.020195,-0.028627,-0.031919,-0.031708,-0.030038,-0.023166,-0.014707,-0.006011,0.003158,0.008882,0.013599,0.018008,0.015855,NaN,NaN,NaN,NaN,NaN
NaN,NaN,NaN,NaN,NaN,NaN,-0.014046,-0.018954,-0.023151,-0.025474,-0.026151,-0.021340,-0.017126,-0.009714,0.000411,0.011868,0.020763,0.030172,0.038094,0.041178,0.041268,0.039096,0.030064,0.019357,0.006798,-0.005484,-0.018779,-0.028536,-0.038059,-0.043918,-0.045520,-0.042881,NaN,-0.028502,-0.017361,-0.004390,0.008513,0.021241,0.032458,0.038216,0.041995,0.043044,0.037854,0.030075,0.020844,0.011073,-0.001344,-0.011582,-0.020852,-0.024112,-0.029413,-0.029484,-0.028040,-0.022041,-0.016316,-0.010794,-0.002643,0.002266,0.008263,NaN,NaN,NaN,NaN,NaN
NaN,NaN,NaN,NaN,NaN,NaN,-0.001531,-0.008053,-0.016512,-0.022025,-0.028034,-0.028835,-0.026956,-0.023662,-0.014919,-0.006931,0.006421,0.019336,0.029957,0.034858,0.038796,0.043286,0.037041,0.026913,0.014288,0.003560,-0.012760,-0.024533,-0.039174,-0.042545,-0.044624,-0.041814,NaN,-0.023688,-0.011876,0.001278,0.018033,0.026443,0.037670,0.042781,0.041780,0.035926,0.029303,0.018129,0.006276,-0.007313,-0.018484,-0.028018,-0.030915,-0.032105,-0.029787,-0.025920,-0.018218,-0.009824,-0.000050,0.005019,0.011751,0.014684,0.015873,NaN,NaN,NaN,NaN,NaN
NaN,NaN,NaN,NaN,NaN,NaN,-0.014894,-0.019167,-0.023436,-0.024157,-0.025598,-0.024223,-0.018673,-0.010639,-0.001809,0.010076,0.020747,0.029659,0.034586,0.038506,0.037967,0.039876,0.031583,0.021187,0.007886,-0.003417,-0.015385,-0.027001,-0.038270,-0.044392,-0.045032,-0.041956,NaN,-0.028003,-0.015955,-0.004362,0.010730,0.019258,0.030161,0.036979,0.039501,0.040754,0.037821,0.031210,0.021503,0.011650,-0.000561,-0.011095,-0.019388,-0.026589,-0.028414,-0.030038,-0.026928,-0.023492,-0.017767,-0.009906,-0.003346,0.003303,0.005200,NaN,NaN,NaN,NaN,NaN
NaN,NaN,NaN,NaN,NaN,NaN,0.007815,0.002177,-0.005934,-0.013505,-0.022957,-0.027067,-0.031691,-0.028789,-0.024277,-0.016402,-0.003534,0.010013,0.022035,0.031027,0.037203,0.043726,0.039814,0.031445,0.020776,0.009339,-0.007865,-0.022015,-0.036189,-0.040948,-0.043166,-0.042077,NaN,-0.025793,-0.008521,0.004846,0.022023,0.030317,0.040407,0.042006,0.039005,0.033482,0.024830,0.009447,-0.003225,-0.017062,-0.023063,-0.032691,-0.033003,-0.031587,-0.025450,-0.016000,-0.007837,0.001526,0.009301,0.015348,0.016516,0.019537,0.016807,NaN,NaN,NaN,NaN,NaN
NaN,NaN,NaN,NaN,NaN,NaN,-0.011996,-0.017126,-0.022920,-0.026054,-0.027869,-0.023754,-0.021978,-0.014386,-0.004208,0.005917,0.017001,0.026605,0.032382,0.038702,0.038156,0.041592,0.034626,0.025280,0.011416,0.003553,-0.012964,-0.022368,-0.038323,-0.039980,-0.045057,-0.044717,NaN,-0.031504,-0.023475,-0.009918,0.004909,0.015816,0.026235,0.033518,0.039881,0.040446,0.041368,0.033841,0.023469,0.015231,0.003628,-0.007123,-0.016894,-0.024255,-0.027741,-0.028453,-0.027407,-0.025077,-0.019169,-0.012986,-0.004660,-0.000170,0.004800,NaN,NaN,NaN,NaN,NaN
NaN,NaN,NaN,NaN,NaN,NaN,-0.001740,-0.009345,-0.015808,-0.022083,-0.027350,-0.029672,-0.027988,-0.022791,-0.016119,-0.002482,0.008532,0.021035,0.029694,0.037305,0.040740,0.042859,0.035491,0.026176,0.012989,0.000263,-0.013434,-0.025561,-0.039188,-0.044151,-0.044022,-0.040754,NaN,-0.023852,-0.011141,0.003444,0.021108,0.028854,0.038965,0.042233,0.042402,0.035109,0.029169,0.017438,0.003816,-0.008614,-0.019859,-0.028623,-0.031997,-0.032891,-0.030773,-0.024293,-0.016632,-0.007918,0.000829,0.007348,0.012571,0.016823,0.015909,NaN,NaN,NaN,NaN,NaN
NaN,NaN,NaN,NaN,NaN,NaN,-0.005499,-0.011985,-0.019018,-0.022820,-0.028316,-0.027367,-0.026498,-0.019959,-0.011710,-0.000549,0.009592,0.021461,0.030750,0.036923,0.038132,0.043512,0.035277,0.027188,0.012761,0.001658,-0.015113,-0.023861,-0.037749,-0.042190,-0.047041,-0.043390,NaN,-0.026220,-0.015076,-0.002371,0.014116,0.024444,0.034824,0.039234,0.041754,0.039124,0.032586,0.023714,0.013421,-0.000871,-0.009170,-0.021614,-0.027562,-0.031697,-0.028981,-0.028789,-0.022620,-0.014351,-0.006099,0.000124,0.005866,0.011709,0.013525,NaN,NaN,NaN,NaN,NaN
NaN,NaN,NaN,NaN,NaN,NaN,-0.017904,-0.021815,-0.025394,-0.024320,-0.022585,-0.018060,-0.011464,-0.002561,0.006801,0.018184,0.026266,0.034449,0.038374,0.040855,0.039154,0.033952,0.027798,0.015668,0.002757,-0.008734,-0.020856,-0.029781,-0.041197,-0.045677,-0.046524,-0.043536,NaN,-0.028557,-0.017588,-0.004107,0.008018,0.018221,0.028497,0.036235,0.040408,0.041025,0.040910,0.032690,0.023970,0.013747,0.004869,-0.007532,-0.016164,-0.023912,-0.028391,-0.029374,-0.026922,-0.025368,-0.019475,-0.012728,-0.006359,-0.000792,0.001832,NaN,NaN,NaN,NaN,NaN
NaN,NaN,NaN,NaN,NaN,NaN,0.005526,-0.003238,-0.007028,-0.015545,-0.023980,-0.029563,-0.030830,-0.031695,-0.024942,-0.016301,-0.006561,0.006710,0.019166,0.028571,0.036619,0.043418,0.041112,0.039372,0.029263,0.015954,0.003691,-0.010835,-0.026006,-0.037214,-0.041884,-0.044034,NaN,-0.036998,-0.025410,-0.013370,0.002481,0.016244,0.028582,0.035805,0.040147,0.041613,0.036689,0.028597,0.018083,0.005550,-0.006235,-0.017305,-0.023433,-0.029276,-0.031095,-0.029612,-0.023956,-0.018030,-0.009129,-0.001234,0.005190,0.010805,0.014557,NaN,NaN,NaN,NaN,NaN
NaN,NaN,NaN,NaN,NaN,NaN,-0.004178,-0.010664,-0.017014,-0.021938,-0.027610,-0.027681,-0.027074,-0.024054,-0.015274,-0.003504,0.006728,0.019819,0.028244,0.037470,0.039473,0.040647,0.037225,0.030113,0.018334,0.005627,-0.007652,-0.022376,-0.035965,-0.041034,-0.044871,-0.045200,NaN,-0.028874,-0.017229,-0.005549,0.010539,0.020682,0.030967,0.038997,0.042817,0.040137,0.034726,0.026004,0.016484,0.003601,-0.007786,-0.017416,-0.027125,-0.029155,-0.030538,-0.029471,-0.023283,-0.017650,-0.008974,-0.001137,0.003510,0.009027,0.014223,NaN,NaN,NaN,NaN,NaN
NaN,NaN,NaN,NaN,NaN,NaN,0.001808,-0.002279,-0.010377,-0.018360,-0.024309,-0.028332,-0.029448,-0.028809,-0.022945,-0.012949,0.000667,0.015454,0.024800,0.033398,0.038911,0.042996,0.040158,0.032277,0.020024,0.007373,-0.008086,-0.020560,-0.036135,-0.043183,-0.042842,-0.043255,NaN,-0.023365,-0.011264,0.004827,0.017712,0.029341,0.037755,0.040675,0.041433,0.036088,0.027223,0.015233,0.001822,-0.008070,-0.020823,-0.029437,-0.031696,-0.032515,-0.028152,-0.021932,-0.013329,-0.003901,0.003591,0.010149,0.014778,0.018656,0.015226,NaN,NaN,NaN,NaN,NaN
