NaN,NaN,NaN,NaN,NaN,NaN,0.000262,0.000069,-0.001560,-0.000848,-0.000057,0.000619,-0.000116,-0.000701,-0.000356,-0.000193,0.000767,-0.000305,-0.000409,0.000058,0.001424,0.000268,0.000952,-0.000241,0.001533,0.002763,-0.000612,0.000486,-0.000754,0.000258,0.001848,-0.001024,NaN,0.000299,-0.001926,0.002592,0.001633,0.000061,-0.001246,0.001702,-0.001084,-0.000284,-0.000435,-0.000009,0.000099,-0.001390,-0.000522,-0.000582,-0.001488,0.000078,0.000590,-0.000916,0.000119,0.000350,-0.000316,0.000177,-0.000838,-0.000392,0.000152,NaN,NaN,NaN,NaN,NaN
NaN,NaN,NaN,NaN,NaN,NaN,0.007541,0.013445,0.018521,0.023200,0.027993,0.035992,0.042857,0.048511,0.054734,0.060142,0.065803,0.072407,0.075823,0.079590,0.082838,0.083921,0.085753,0.087508,0.088037,0.085192,0.086712,0.081876,0.079642,0.074419,0.070807,0.062638,NaN,0.051045,0.046116,0.039920,0.029991,0.025085,0.017467,0.009824,0.004369,-0.006694,-0.013955,-0.017004,-0.021615,-0.027534,-0.033809,-0.035569,-0.039478,-0.042093,-0.041722,-0.043778,-0.043507,-0.042413,-0.043617,-0.042047,-0.037122,-0.035303,-0.030551,NaN,NaN,NaN,NaN,NaN
NaN,NaN,NaN,NaN,NaN,NaN,-0.037044,-0.041915,-0.040782,-0.041450,-0.038441,-0.033024,-0.028458,-0.018064,-0.007356,-0.001782,0.012622,0.024930,0.036814,0.047294,0.060285,0.068943,0.078372,0.083865,0.087815,0.091502,0.091364,0.089696,0.081966,0.077448,0.070966,0.057256,NaN,0.031911,0.019303,0.006240,-0.008544,-0.019153,-0.032960,-0.044446,-0.054407,-0.063330,-0.069147,-0.072774,-0.075059,-0.074647,-0.074146,-0.066268,-0.062055,-0.056031,-0.045889,-0.038870,-0.029581,-0.019802,-0.013382,-0.007377,-0.001209,0.005817,0.009508,NaN,NaN,NaN,NaN,NaN
NaN,NaN,NaN,NaN,NaN,NaN,-0.005368,-0.001008,0.002641,0.008848,0.015309,0.022743,0.030551,0.038199,0.044879,0.053336,0.061234,0.066944,0.071749,0.077364,0.082141,0.085953,0.086391,0.086461,0.087446,0.086300,0.084489,0.079956,0.074289,0.069880,0.064318,0.054610,NaN,0.036199,0.031773,0.022740,0.011392,0.003141,-0.006159,-0.013282,-0.023584,-0.032424,-0.037900,-0.043434,-0.050473,-0.051403,-0.056281,-0.058688,-0.058721,-0.060174,-0.057653,-0.054815,-0.051766,-0.048005,-0.045451,-0.042596,-0.036656,-0.030708,-0.025021,NaN,NaN,NaN,NaN,NaN
NaN,NaN,NaN,NaN,NaN,NaN,-0.021522,-0.021651,-0.019218,-0.014376,-0.010497,-0.005049,0.002466,0.011706,0.020647,0.027801,0.038331,0.046219,0.054281,0.062213,0.069631,0.074512,0.082493,0.083997,0.090455,0.090796,0.090422,0.090261,0.085885,0.083593,0.079131,0.070771,NaN,0.058117,0.049275,0.040955,0.029392,0.020041,0.012135,0.001776,-0.008115,-0.017801,-0.026401,-0.036059,-0.041168,-0.046656,-0.051767,-0.052738,-0.055407,-0.055065,-0.056715,-0.052822,-0.052645,-0.046909,-0.046255,-0.040576,-0.035686,-0.029793,-0.025728,NaN,NaN,NaN,NaN,NaN
NaN,NaN,NaN,NaN,NaN,NaN,0.008798,0.014720,0.020310,0.023822,0.030136,0.036754,0.043925,0.051039,0.056459,0.061162,0.067037,0.072024,0.076537,0.078654,0.083350,0.085383,0.086178,0.085993,0.086459,0.084757,0.084734,0.080982,0.075331,0.070827,0.068221,0.061635,NaN,0.045924,0.044788,0.036061,0.028206,0.021593,0.012827,0.007565,-0.001022,-0.007507,-0.014378,-0.021983,-0.025225,-0.029969,-0.035014,-0.038298,-0.040630,-0.042017,-0.044151,-0.045712,-0.043799,-0.043443,-0.042794,-0.041222,-0.039175,-0.034061,-0.031123,NaN,NaN,NaN,NaN,NaN
NaN,NaN,NaN,NaN,NaN,NaN,-0.023752,-0.021741,-0.019472,-0.015247,-0.008629,-0.000223,0.006463,0.015857,0.024785,0.033332,0.042862,0.052469,0.061211,0.069032,0.074087,0.083489,0.087102,0.089009,0.090087,0.088509,0.089432,0.086855,0.078942,0.075217,0.066389,0.056390,NaN,0.035830,0.030457,0.016282,0.004300,-0.004215,-0.014324,-0.024687,-0.033363,-0.044059,-0.051890,-0.057636,-0.061549,-0.063653,-0.066683,-0.065327,-0.065526,-0.064244,-0.058642,-0.054577,-0.047965,-0.043341,-0.038422,-0.033267,-0.026314,-0.017951,-0.014141,NaN,NaN,NaN,NaN,NaN
NaN,NaN,NaN,NaN,NaN,NaN,-0.024812,-0.024293,-0.020202,-0.016014,-0.011762,-0.004206,0.003683,0.013556,0.021126,0.029722,0.040321,0.049715,0.056241,0.065194,0.073921,0.079270,0.085086,0.085776,0.089458,0.089703,0.089763,0.087777,0.078938,0.076279,0.069165,0.058992,NaN,0.041199,0.029806,0.021433,0.007437,-0.000058,-0.013290,-0.024108,-0.031134,-0.040302,-0.046818,-0.055197,-0.058103,-0.062654,-0.066276,-0.064967,-0.063292,-0.064245,-0.057426,-0.053337,-0.048768,-0.044788,-0.040233,-0.032841,-0.027637,-0.019584,-0.014775,NaN,NaN,NaN,NaN,NaN
NaN,NaN,NaN,NaN,NaN,NaN,-0.025707,-0.024001,-0.023249,-0.017569,-0.012500,-0.005654,0.000075,0.010140,0.017616,0.028048,0.038195,0.047675,0.056235,0.063763,0.069386,0.079439,0.082521,0.088436,0.089177,0.090319,0.091052,0.088136,0.083913,0.079048,0.068834,0.062600,NaN,0.042393,0.035186,0.027821,0.012005,0.003437,-0.007596,-0.017253,-0.026188,-0.036715,-0.043632,-0.051672,-0.055387,-0.060110,-0.062088,-0.065017,-0.062373,-0.065165,-0.059008,-0.055433,-0.049636,-0.044876,-0.041205,-0.036500,-0.029143,-0.022161,-0.014717,NaN,NaN,NaN,NaN,NaN
NaN,NaN,NaN,NaN,NaN,NaN,0.020530,0.024442,0.031104,0.036217,0.040579,0.047521,0.051992,0.059122,0.063516,0.067040,0.070984,0.075453,0.078203,0.080697,0.082861,0.082061,0.083421,0.083665,0.084899,0.081673,0.078953,0.076806,0.069689,0.068136,0.062952,0.057873,NaN,0.045098,0.040180,0.036729,0.026682,0.021314,0.015691,0.009373,0.003525,-0.005390,-0.010429,-0.017150,-0.020442,-0.026110,-0.029066,-0.032266,-0.034562,-0.037783,-0.040678,-0.041217,-0.041288,-0.039500,-0.039720,-0.037965,-0.034421,-0.033232,-0.029750,NaN,NaN,NaN,NaN,NaN
NaN,NaN,NaN,NaN,NaN,NaN,-0.029948,-0.030386,-0.029366,-0.026306,-0.021652,-0.014415,-0.006246,0.002622,0.011281,0.019201,0.032042,0.040455,0.051999,0.060299,0.068216,0.078171,0.080904,0.084195,0.089960,0.090581,0.090483,0.087589,0.082579,0.077819,0.070315,0.058971,NaN,0.037987,0.029727,0.016406,0.003411,-0.007024,-0.017942,-0.029654,-0.038597,-0.049771,-0.055836,-0.061805,-0.065507,-0.069520,-0.069555,-0.067801,-0.064957,-0.063668,-0.055846,-0.051361,-0.044722,-0.038094,-0.033318,-0.026178,-0.020525,-0.012051,-0.007358,NaN,NaN,NaN,NaN,NaN
NaN,NaN,NaN,NaN,NaN,NaN,-0.038788,-0.042113,-0.043278,-0.042654,-0.040780,-0.036226,-0.031055,-0.023974,-0.015488,-0.005621,0.007052,0.021151,0.031654,0.042589,0.053779,0.066386,0.073549,0.081088,0.086855,0.090224,0.091740,0.089494,0.085859,0.080254,0.072385,0.062275,NaN,0.037800,0.026900,0.013607,-0.001804,-0.013039,-0.027036,-0.037212,-0.050278,-0.058054,-0.064889,-0.069179,-0.072635,-0.074402,-0.071469,-0.068938,-0.062517,-0.058962,-0.048949,-0.041265,-0.033933,-0.025863,-0.017724,-0.010953,-0.002445,0.004392,0.008228,NaN,NaN,NaN,NaN,NaN
NaN,NaN,NaN,NaN,NaN,NaN,-0.006697,-0.004625,-0.000598,0.004979,0.014206,0.019543,0.026315,0.035856,0.042126,0.049637,0.057159,0.062967,0.071648,0.075960,0.080023,0.084950,0.085774,0.088887,0.088951,0.090095,0.085983,0.080849,0.076875,0.072951,0.065840,0.056449,NaN,0.041623,0.035539,0.026085,0.016426,0.006952,-0.001616,-0.009809,-0.020519,-0.027643,-0.036143,-0.041425,-0.045757,-0.050166,-0.052971,-0.056287,-0.057160,-0.058293,-0.056487,-0.054965,-0.052489,-0.047109,-0.045304,-0.041404,-0.037039,-0.030507,-0.026114,NaN,NaN,NaN,NaN,NaN
NaN,NaN,NaN,NaN,NaN,NaN,-0.039629,-0.041480,-0.043796,-0.042137,-0.042104,-0.035864,-0.032285,-0.022091,-0.015411,-0.004929,0.005968,0.019580,0.028642,0.041145,0.053895,0.066345,0.071743,0.082437,0.087475,0.091320,0.091156,0.091432,0.087501,0.082036,0.075002,0.063717,NaN,0.037574,0.028675,0.014413,-0.003050,-0.013225,-0.024867,-0.037458,-0.047491,-0.057038,-0.064800,-0.069376,-0.073129,-0.075286,-0.071615,-0.069115,-0.064208,-0.060117,-0.048279,-0.041670,-0.032417,-0.022846,-0.017972,-0.009993,-0.001974,0.003100,0.008608,NaN,NaN,NaN,NaN,NaN
NaN,NaN,NaN,NaN,NaN,NaN,-0.033882,-0.035429,-0.034398,-0.032828,-0.026302,-0.022222,-0.016787,-0.006710,0.001425,0.008618,0.020587,0.031627,0.040611,0.050908,0.062471,0.069660,0.078874,0.083186,0.088579,0.090797,0.091607,0.089643,0.087883,0.086021,0.078041,0.070597,NaN,0.052633,0.041586,0.030342,0.016575,0.004868,-0.003345,-0.016972,-0.025629,-0.036667,-0.046459,-0.054450,-0.059380,-0.062499,-0.065890,-0.064515,-0.065266,-0.062718,-0.057587,-0.054923,-0.047859,-0.042044,-0.037953,-0.031937,-0.024185,-0.016249,-0.010037,NaN,NaN,NaN,NaN,NaN
NaN,NaN,NaN,NaN,NaN,NaN,-0.019587,-0.016239,-0.013506,-0.006841,-0.001871,0.005340,0.011801,0.020086,0.029293,0.037052,0.046679,0.054708,0.060003,0.069551,0.075114,0.081856,0.085784,0.086530,0.091035,0.089742,0.090220,0.085474,0.082862,0.078377,0.071963,0.062337,NaN,0.046585,0.040393,0.030196,0.017165,0.009472,-0.002044,-0.010815,-0.021061,-0.030358,-0.037016,-0.044244,-0.050439,-0.052438,-0.056860,-0.059683,-0.059780,-0.060467,-0.057397,-0.055409,-0.051050,-0.048794,-0.045622,-0.039979,-0.035444,-0.027360,-0.022579,NaN,NaN,NaN,NaN,NaN
NaN,NaN,NaN,NaN,NaN,NaN,-0.038046,-0.042518,-0.044740,-0.045089,-0.044716,-0.040913,-0.035624,-0.029423,-0.020654,-0.013198,-0.000814,0.011116,0.022478,0.035999,0.048443,0.059047,0.070737,0.076968,0.086604,0.088175,0.092050,0.092307,0.088210,0.085243,0.077929,0.070319,NaN,0.049223,0.035788,0.022726,0.007602,-0.005339,-0.019187,-0.029127,-0.039130,-0.051940,-0.058613,-0.064791,-0.069856,-0.073279,-0.075647,-0.067740,-0.064157,-0.062305,-0.052660,-0.044196,-0.036819,-0.029207,-0.024625,-0.013458,-0.008154,-0.000318,0.005068,NaN,NaN,NaN,NaN,NaN
NaN,NaN,NaN,NaN,NaN,NaN,-0.018253,-0.016300,-0.012620,-0.007841,-0.001532,0.005020,0.014472,0.021823,0.029155,0.038548,0.048226,0.055638,0.062310,0.069711,0.074157,0.081643,0.084514,0.087492,0.092199,0.089537,0.090225,0.086575,0.079984,0.076593,0.071007,0.063466,NaN,0.045912,0.037095,0.027536,0.016329,0.006411,-0.001667,-0.010655,-0.020452,-0.033014,-0.038721,-0.044733,-0.048392,-0.055125,-0.056623,-0.059161,-0.061178,-0.059962,-0.058521,-0.055124,-0.051535,-0.048152,-0.044474,-0.039184,-0.034978,-0.026158,-0.021784,NaN,NaN,NaN,NaN,NaN
NaN,NaN,NaN,NaN,NaN,NaN,-0.035934,-0.034343,-0.034539,-0.032925,-0.027927,-0.022304,-0.014345,-0.005697,0.003809,0.012982,0.025100,0.035558,0.046088,0.055119,0.065076,0.076207,0.081155,0.087092,0.087906,0.090058,0.090044,0.086757,0.080410,0.074583,0.066238,0.053018,NaN,0.030925,0.022155,0.006465,-0.007822,-0.016985,-0.031994,-0.040447,-0.049234,-0.059284,-0.065701,-0.068817,-0.073244,-0.071800,-0.071109,-0.069544,-0.065093,-0.059607,-0.050816,-0.045284,-0.035977,-0.029725,-0.021856,-0.016349,-0.009418,-0.002030,0.003239,NaN,NaN,NaN,NaN,NaN
NaN,NaN,NaN,NaN,NaN,NaN,0.016548,0.021098,0.026652,0.032212,0.037560,0.045443,0.049759,0.056405,0.064379,0.065542,0.072376,0.076540,0.078346,0.081302,0.084229,0.083703,0.083901,0.080839,0.082576,0.078311,0.076328,0.070658,0.065735,0.060901,0.055936,0.047847,NaN,0.033323,0.027163,0.019563,0.009739,0.006188,-0.002058,-0.007055,-0.016395,-0.024135,-0.028977,-0.034277,-0.036144,-0.040994,-0.047020,-0.049454,-0.048968,-0.052111,-0.051906,-0.050979,-0.048585,-0.046918,-0.046124,-0.042749,-0.038614,-0.034917,-0.030749,NaN,NaN,NaN,NaN,NaN
NaN,NaN,NaN,NaN,NaN,NaN,-0.028957,-0.027295,-0.026320,-0.022641,-0.018675,-0.012738,-0.003458,0.004237,0.012102,0.020879,0.032689,0.041043,0.049088,0.059906,0.068958,0.073013,0.080263,0.085621,0.090568,0.090784,0.089366,0.091033,0.084870,0.083537,0.077760,0.067852,NaN,0.051104,0.044505,0.033512,0.020109,0.011688,0.001063,-0.010233,-0.019873,-0.030622,-0.039602,-0.047616,-0.052112,-0.056502,-0.062975,-0.061246,-0.061217,-0.062282,-0.057421,-0.055271,-0.051283,-0.045129,-0.043287,-0.036140,-0.030416,-0.024519,-0.018478,NaN,NaN,NaN,NaN,NaN
NaN,NaN,NaN,NaN,NaN,NaN,-0.035974,-0.036666,-0.038056,-0.036162,-0.032002,-0.026193,-0.017588,-0.010688,-0.000602,0.006292,0.018272,0.030679,0.040795,0.051462,0.061709,0.072157,0.079526,0.084850,0.090207,0.090169,0.090775,0.089815,0.084845,0.080228,0.071506,0.060258,NaN,0.040563,0.027492,0.018293,0.000798,-0.008173,-0.022213,-0.033775,-0.044580,-0.053950,-0.060280,-0.064113,-0.071301,-0.069253,-0.071311,-0.069185,-0.063639,-0.064485,-0.054467,-0.047198,-0.039246,-0.032800,-0.026786,-0.019733,-0.012741,-0.005155,-0.000034,NaN,NaN,NaN,NaN,NaN
NaN,NaN,NaN,NaN,NaN,NaN,-0.004602,-0.001664,0.002917,0.008338,0.014610,0.022578,0.029596,0.036636,0.044959,0.050455,0.058851,0.066222,0.070437,0.076825,0.083579,0.084461,0.086181,0.086689,0.089276,0.086908,0.084750,0.080098,0.072860,0.070503,0.062411,0.055256,NaN,0.036797,0.027513,0.022436,0.009716,0.004503,-0.008138,-0.016532,-0.023579,-0.031720,-0.039329,-0.042979,-0.049711,-0.052284,-0.055849,-0.057226,-0.059216,-0.059294,-0.057635,-0.055139,-0.052577,-0.048244,-0.045969,-0.042124,-0.037680,-0.030481,-0.023940,NaN,NaN,NaN,NaN,NaN
NaN,NaN,NaN,NaN,NaN,NaN,-0.034599,-0.039301,-0.036666,-0.036136,-0.030824,-0.025080,-0.018693,-0.010019,-0.000208,0.007229,0.020065,0.030547,0.039855,0.052574,0.062079,0.073310,0.078632,0.084243,0.089974,0.089461,0.091680,0.089413,0.080946,0.080622,0.071043,0.061764,NaN,0.036065,0.027321,0.015899,0.000316,-0.009927,-0.025412,-0.035305,-0.045285,-0.053531,-0.058366,-0.065119,-0.069436,-0.072741,-0.072551,-0.067639,-0.065337,-0.062355,-0.055128,-0.047722,-0.039573,-0.031437,-0.025342,-0.018691,-0.011358,-0.002911,0.000758,NaN,NaN,NaN,NaN,NaN
NaN,NaN,NaN,NaN,NaN,NaN,0.013430,0.018057,0.021724,0.030129,0.034729,0.040739,0.047610,0.053898,0.059539,0.064761,0.070685,0.074232,0.078903,0.081526,0.084379,0.084075,0.086621,0.084771,0.084515,0.081894,0.077882,0.076040,0.069810,0.068198,0.061434,0.052906,NaN,0.038725,0.032944,0.027576,0.019062,0.012919,0.003836,-0.001753,-0.008904,-0.017942,-0.024680,-0.028645,-0.031740,-0.036532,-0.040583,-0.044105,-0.045902,-0.047759,-0.048018,-0.048485,-0.047437,-0.044457,-0.044591,-0.040847,-0.038104,-0.034485,-0.030604,NaN,NaN,NaN,NaN,NaN
NaN,NaN,NaN,NaN,NaN,NaN,-0.004247,-0.002976,0.002196,0.006623,0.014486,0.021399,0.029852,0.036025,0.044854,0.051035,0.059244,0.063495,0.072188,0.073939,0.079566,0.085066,0.086683,0.087267,0.089286,0.085882,0.085200,0.080095,0.074596,0.072801,0.064938,0.055262,NaN,0.038754,0.032084,0.024828,0.011289,0.006027,-0.003701,-0.012277,-0.021118,-0.031661,-0.038816,-0.043925,-0.048438,-0.053527,-0.054255,-0.056766,-0.059047,-0.060069,-0.057267,-0.054836,-0.052046,-0.047998,-0.046947,-0.041163,-0.036735,-0.029573,-0.025738,NaN,NaN,NaN,NaN,NaN
NaN,NaN,NaN,NaN,NaN,NaN,-0.000908,0.004630,0.007592,0.013667,0.019425,0.027870,0.034153,0.042589,0.049237,0.055492,0.062648,0.066716,0.071411,0.077768,0.081219,0.085458,0.087631,0.089900,0.086549,0.087632,0.084070,0.083238,0.079016,0.074687,0.070219,0.060800,NaN,0.046475,0.042886,0.034598,0.024857,0.017974,0.008045,0.000927,-0.007291,-0.015138,-0.022252,-0.027796,-0.032709,-0.039395,-0.044070,-0.047575,-0.048379,-0.051034,-0.049466,-0.050357,-0.047110,-0.045854,-0.046116,-0.045099,-0.038920,-0.035015,-0.029950,NaN,NaN,NaN,NaN,NaN
NaN,NaN,NaN,NaN,NaN,NaN,0.006456,0.011468,0.016712,0.021660,0.028042,0.035452,0.042357,0.050204,0.056711,0.060792,0.067082,0.072521,0.076461,0.080666,0.084774,0.085133,0.085743,0.085846,0.085267,0.080714,0.079235,0.073959,0.066925,0.063552,0.059726,0.048837,NaN,0.033070,0.027211,0.019825,0.009780,0.003877,-0.005644,-0.014675,-0.022567,-0.030371,-0.036433,-0.041419,-0.045588,-0.048065,-0.051941,-0.053986,-0.055326,-0.057294,-0.054911,-0.052453,-0.050076,-0.049188,-0.046360,-0.042602,-0.037458,-0.032173,-0.027928,NaN,NaN,NaN,NaN,NaN
NaN,NaN,NaN,NaN,NaN,NaN,-0.035276,-0.037532,-0.037325,-0.035487,-0.031828,-0.025495,-0.020079,-0.010856,-0.001773,0.009063,0.019816,0.030589,0.041911,0.052422,0.063384,0.072325,0.079078,0.084694,0.089537,0.091062,0.089700,0.087458,0.084860,0.079870,0.072005,0.060557,NaN,0.038098,0.028844,0.016591,0.000407,-0.009764,-0.020397,-0.033347,-0.042728,-0.053053,-0.058731,-0.064738,-0.068759,-0.071067,-0.070747,-0.069303,-0.065706,-0.060506,-0.054308,-0.048256,-0.040099,-0.032602,-0.026029,-0.020161,-0.012801,-0.004645,0.000820,NaN,NaN,NaN,NaN,NaN
NaN,NaN,NaN,NaN,NaN,NaN,0.013353,0.019046,0.024452,0.029199,0.036427,0.042887,0.047781,0.054721,0.058828,0.065655,0.069249,0.075062,0.077298,0.079896,0.082085,0.084760,0.082873,0.083635,0.082497,0.080408,0.079670,0.073194,0.069460,0.064709,0.059402,0.050888,NaN,0.036899,0.032121,0.024460,0.015161,0.011933,0.005634,-0.003030,-0.011078,-0.019714,-0.025425,-0.027765,-0.031894,-0.037368,-0.040598,-0.044478,-0.046293,-0.048920,-0.047569,-0.048017,-0.048460,-0.045540,-0.044041,-0.043014,-0.039933,-0.033129,-0.031441,NaN,NaN,NaN,NaN,NaN
NaN,NaN,NaN,NaN,NaN,NaN,0.002519,0.007451,0.013384,0.019314,0.023052,0.031150,0.038694,0.044078,0.052854,0.057528,0.065206,0.069708,0.074933,0.079171,0.084872,0.082902,0.086417,0.085446,0.087862,0.084574,0.083555,0.078925,0.070786,0.069344,0.065844,0.054940,NaN,0.039541,0.035752,0.027359,0.016692,0.009162,0.001819,-0.006970,-0.016270,-0.022984,-0.029752,-0.035118,-0.039945,-0.045055,-0.048866,-0.049213,-0.052993,-0.054950,-0.053394,-0.051063,-0.051423,-0.046682,-0.045700,-0.041718,-0.037205,-0.033037,-0.029285,NaN,NaN,NaN,NaN,NaN
NaN,NaN,NaN,NaN,NaN,NaN,-0.024797,-0.023406,-0.020512,-0.015855,-0.010275,-0.002197,0.005079,0.012680,0.023500,0.031314,0.041692,0.050104,0.058031,0.066917,0.077045,0.078127,0.085614,0.084162,0.090415,0.088818,0.086026,0.087184,0.077071,0.073226,0.067586,0.058784,NaN,0.040463,0.027435,0.019011,0.004441,-0.003129,-0.013703,-0.022764,-0.032732,-0.042945,-0.048628,-0.055229,-0.058568,-0.063618,-0.066947,-0.064806,-0.065404,-0.063492,-0.059717,-0.053490,-0.049893,-0.043053,-0.040792,-0.033375,-0.026089,-0.020327,-0.015170,NaN,NaN,NaN,NaN,NaN
NaN,NaN,NaN,NaN,NaN,NaN,0.022179,0.025386,0.030227,0.036030,0.038976,0.046563,0.052554,0.055338,0.062590,0.064805,0.070172,0.074717,0.077744,0.080698,0.083304,0.084071,0.085292,0.086729,0.087472,0.088192,0.086544,0.084403,0.080702,0.079097,0.075155,0.071522,NaN,0.063328,0.061575,0.055786,0.047269,0.044846,0.039832,0.035415,0.028737,0.022266,0.012566,0.010088,0.007887,0.000880,-0.003565,-0.008898,-0.012892,-0.014795,-0.019130,-0.022622,-0.022793,-0.022519,-0.024648,-0.024861,-0.025706,-0.024613,-0.023279,NaN,NaN,NaN,NaN,NaN
NaN,NaN,NaN,NaN,NaN,NaN,0.034728,0.039785,0.045624,0.047663,0.052979,0.057734,0.062218,0.064274,0.065809,0.070058,0.071063,0.073707,0.074188,0.075707,0.075074,0.074062,0.070538,0.068547,0.070118,0.066197,0.062376,0.059833,0.056780,0.056108,0.049920,0.043318,NaN,0.030394,0.032236,0.027302,0.018786,0.018768,0.012716,0.007815,0.002063,-0.003959,-0.006428,-0.010717,-0.011995,-0.013961,-0.017037,-0.024465,-0.026249,-0.027094,-0.029515,-0.031225,-0.030757,-0.031236,-0.031363,-0.029913,-0.028824,-0.026554,-0.024192,NaN,NaN,NaN,NaN,NaN
NaN,NaN,NaN,NaN,NaN,NaN,0.020956,0.026742,0.030008,0.036754,0.041626,0.048120,0.053135,0.059311,0.064139,0.067346,0.071227,0.074125,0.077865,0.081125,0.084149,0.082761,0.082962,0.081945,0.083090,0.081525,0.078037,0.075805,0.069443,0.066241,0.060508,0.054657,NaN,0.043876,0.036186,0.034125,0.024149,0.021253,0.014120,0.006607,-0.000021,-0.007297,-0.013593,-0.019811,-0.021096,-0.028733,-0.031991,-0.033913,-0.038452,-0.038740,-0.040629,-0.041855,-0.041811,-0.039284,-0.040426,-0.038674,-0.036505,-0.033457,-0.030265,NaN,NaN,NaN,NaN,NaN
NaN,NaN,NaN,NaN,NaN,NaN,0.014808,0.018983,0.024360,0.029068,0.036753,0.041996,0.049373,0.054758,0.059573,0.067957,0.072124,0.075708,0.078829,0.080513,0.081358,0.085869,0.081941,0.083583,0.082611,0.080921,0.076398,0.073795,0.068655,0.065860,0.060034,0.051537,NaN,0.035654,0.032131,0.026210,0.016002,0.010319,0.002952,-0.003158,-0.011949,-0.020141,-0.026606,-0.030630,-0.034327,-0.036314,-0.041064,-0.048136,-0.047117,-0.048776,-0.047166,-0.049419,-0.046518,-0.046830,-0.043002,-0.042203,-0.038907,-0.034574,-0.030469,NaN,NaN,NaN,NaN,NaN
NaN,NaN,NaN,NaN,NaN,NaN,0.014383,0.019131,0.024013,0.028842,0.035008,0.040810,0.046949,0.052525,0.058105,0.064034,0.067390,0.071563,0.076900,0.081120,0.083623,0.084315,0.086150,0.087222,0.087765,0.088653,0.085052,0.082680,0.078045,0.077964,0.073946,0.066451,NaN,0.058142,0.053799,0.048576,0.039884,0.035641,0.030002,0.023502,0.016378,0.009957,0.002370,-0.005406,-0.006596,-0.013746,-0.017705,-0.022865,-0.025713,-0.030324,-0.031892,-0.032709,-0.033978,-0.033610,-0.035865,-0.033343,-0.032687,-0.030186,-0.028698,NaN,NaN,NaN,NaN,NaN
NaN,NaN,NaN,NaN,NaN,NaN,0.023691,0.029286,0.034666,0.039965,0.042035,0.052481,0.055950,0.061581,0.063760,0.067937,0.072925,0.076632,0.079010,0.080834,0.081232,0.080276,0.081212,0.077991,0.080793,0.075855,0.073232,0.069764,0.062682,0.059861,0.055385,0.048950,NaN,0.035788,0.031914,0.025540,0.016660,0.011971,0.005936,-0.000368,-0.005170,-0.013798,-0.019966,-0.025470,-0.027843,-0.031393,-0.036501,-0.038475,-0.040511,-0.042850,-0.045146,-0.044539,-0.044014,-0.042714,-0.040675,-0.040121,-0.034842,-0.033526,-0.030512,NaN,NaN,NaN,NaN,NaN
NaN,NaN,NaN,NaN,NaN,NaN,0.007616,0.011636,0.016899,0.022880,0.028265,0.034471,0.040534,0.047870,0.053705,0.059053,0.064966,0.071994,0.075978,0.078754,0.082141,0.083430,0.086744,0.085717,0.087425,0.086440,0.085726,0.082765,0.075695,0.075323,0.073601,0.066059,NaN,0.051571,0.048413,0.040182,0.031410,0.027861,0.020572,0.011461,0.003693,-0.003579,-0.011422,-0.017751,-0.021530,-0.025812,-0.031835,-0.035452,-0.037750,-0.040839,-0.043121,-0.042402,-0.043183,-0.042276,-0.041125,-0.039197,-0.037509,-0.033954,-0.029983,NaN,NaN,NaN,NaN,NaN
NaN,NaN,NaN,NaN,NaN,NaN,0.028026,0.032978,0.036793,0.041923,0.050151,0.053158,0.056313,0.062319,0.063276,0.072339,0.073494,0.077756,0.079301,0.079024,0.078505,0.081483,0.079900,0.080922,0.077909,0.079015,0.074096,0.072745,0.069066,0.064214,0.061213,0.053700,NaN,0.043817,0.042128,0.036520,0.029195,0.025140,0.019954,0.014473,0.008158,0.001362,-0.004090,-0.008831,-0.010747,-0.015771,-0.017738,-0.024418,-0.027072,-0.028792,-0.029665,-0.032747,-0.033855,-0.032703,-0.032607,-0.032599,-0.033085,-0.029928,-0.026617,NaN,NaN,NaN,NaN,NaN
NaN,NaN,NaN,NaN,NaN,NaN,-0.037795,-0.039384,-0.041376,-0.042594,-0.038385,-0.035552,-0.030673,-0.022495,-0.014862,-0.006436,0.006772,0.018997,0.027542,0.041511,0.050299,0.061488,0.071442,0.079208,0.084204,0.088906,0.092495,0.092597,0.088963,0.086711,0.080740,0.073032,NaN,0.054488,0.042895,0.032952,0.018322,0.008363,-0.004122,-0.016691,-0.030162,-0.041529,-0.048548,-0.056413,-0.061978,-0.067030,-0.067532,-0.067153,-0.065031,-0.063624,-0.056930,-0.050723,-0.047031,-0.037353,-0.034343,-0.025016,-0.018652,-0.011169,-0.004659,NaN,NaN,NaN,NaN,NaN
NaN,NaN,NaN,NaN,NaN,NaN,-0.036339,-0.036941,-0.036169,-0.035161,-0.032050,-0.025368,-0.019376,-0.011449,-0.001183,0.008619,0.020283,0.032495,0.041637,0.052412,0.061883,0.070357,0.079532,0.083972,0.089281,0.089898,0.090821,0.089947,0.084061,0.079325,0.070224,0.060107,NaN,0.040296,0.026263,0.013948,-0.000188,-0.012907,-0.022007,-0.032788,-0.044048,-0.053493,-0.060903,-0.067243,-0.071130,-0.071380,-0.072531,-0.068615,-0.064784,-0.061916,-0.054505,-0.046618,-0.040225,-0.032215,-0.026181,-0.019180,-0.010825,-0.003583,0.000714,NaN,NaN,NaN,NaN,NaN
NaN,NaN,NaN,NaN,NaN,NaN,-0.038118,-0.040480,-0.040476,-0.040594,-0.036897,-0.034451,-0.025383,-0.018662,-0.009932,-0.001265,0.009663,0.021765,0.032301,0.042206,0.056805,0.064280,0.073482,0.082423,0.086557,0.090836,0.092229,0.092356,0.087687,0.084276,0.079040,0.068380,NaN,0.048456,0.039172,0.026342,0.012660,0.000871,-0.013469,-0.022730,-0.032408,-0.046110,-0.051516,-0.058584,-0.062605,-0.068004,-0.069432,-0.067107,-0.065695,-0.062463,-0.057395,-0.048838,-0.044198,-0.036339,-0.031461,-0.022464,-0.016541,-0.007487,-0.003032,NaN,NaN,NaN,NaN,NaN
NaN,NaN,NaN,NaN,NaN,NaN,-0.004342,0.001678,0.004091,0.008845,0.016259,0.025061,0.031307,0.036314,0.045030,0.050785,0.056512,0.064575,0.070302,0.075511,0.079501,0.083312,0.086853,0.089130,0.088412,0.087798,0.086667,0.086463,0.082402,0.077302,0.072878,0.066047,NaN,0.052916,0.049905,0.039848,0.029854,0.025017,0.017549,0.007054,0.000315,-0.008134,-0.016714,-0.023968,-0.026482,-0.032194,-0.037410,-0.041232,-0.045707,-0.046017,-0.048847,-0.048179,-0.046483,-0.046775,-0.045319,-0.042151,-0.039395,-0.032996,-0.029521,NaN,NaN,NaN,NaN,NaN
NaN,NaN,NaN,NaN,NaN,NaN,0.031867,0.037871,0.042849,0.046415,0.052026,0.055648,0.060036,0.063547,0.066423,0.072023,0.072665,0.074383,0.077130,0.078159,0.079093,0.077210,0.077703,0.078501,0.078687,0.075396,0.073164,0.070442,0.067316,0.064185,0.060811,0.056193,NaN,0.048401,0.045047,0.040786,0.035181,0.030969,0.026655,0.023239,0.016292,0.010823,0.006070,0.001452,0.000085,-0.004717,-0.008085,-0.013486,-0.016091,-0.016129,-0.020781,-0.021150,-0.023343,-0.023662,-0.024806,-0.024526,-0.024905,-0.025366,-0.023257,NaN,NaN,NaN,NaN,NaN
NaN,NaN,NaN,NaN,NaN,NaN,-0.037121,-0.036933,-0.037193,-0.036282,-0.031180,-0.024630,-0.018362,-0.011774,-0.001080,0.007603,0.020349,0.030468,0.039664,0.052317,0.060537,0.072400,0.077875,0.084223,0.086315,0.089670,0.091298,0.087179,0.084914,0.080228,0.074020,0.059606,NaN,0.037733,0.027809,0.017221,0.000453,-0.009889,-0.021801,-0.035385,-0.043870,-0.052651,-0.060177,-0.065567,-0.068871,-0.070605,-0.070108,-0.069786,-0.064025,-0.062835,-0.054674,-0.045894,-0.039411,-0.031302,-0.024939,-0.019104,-0.012514,-0.005302,-0.000177,NaN,NaN,NaN,NaN,NaN
NaN,NaN,NaN,NaN,NaN,NaN,-0.008840,-0.004892,-0.000534,0.004656,0.011570,0.019693,0.027675,0.034298,0.041606,0.050056,0.057433,0.065261,0.067846,0.076494,0.078459,0.083884,0.086256,0.088523,0.088399,0.088457,0.083890,0.083171,0.077642,0.074327,0.065918,0.060341,NaN,0.041911,0.035803,0.027748,0.016586,0.007293,-0.002205,-0.009004,-0.017270,-0.027743,-0.033050,-0.039264,-0.044254,-0.048910,-0.051277,-0.055634,-0.057469,-0.058051,-0.056301,-0.053651,-0.050326,-0.049040,-0.044601,-0.041194,-0.037723,-0.031356,-0.026769,NaN,NaN,NaN,NaN,NaN
NaN,NaN,NaN,NaN,NaN,NaN,0.015525,0.021907,0.025845,0.030316,0.036748,0.044219,0.048831,0.056229,0.059194,0.068739,0.072921,0.073816,0.079407,0.079848,0.082027,0.083681,0.082962,0.083288,0.083012,0.078370,0.077664,0.070999,0.065781,0.064037,0.057348,0.048011,NaN,0.032922,0.029533,0.023870,0.013732,0.006315,0.001226,-0.005157,-0.012899,-0.023209,-0.026720,-0.033079,-0.034946,-0.040350,-0.042922,-0.046777,-0.048431,-0.050250,-0.050187,-0.050117,-0.047645,-0.046061,-0.045989,-0.044086,-0.037627,-0.034092,-0.030051,NaN,NaN,NaN,NaN,NaN
NaN,NaN,NaN,NaN,NaN,NaN,-0.012384,-0.009799,-0.006474,-0.000952,0.004685,0.011571,0.019784,0.026023,0.034238,0.040284,0.049684,0.057748,0.065534,0.070426,0.076956,0.081580,0.084249,0.086540,0.090498,0.090426,0.089647,0.088190,0.083654,0.079752,0.076538,0.068322,NaN,0.054213,0.047611,0.039863,0.030013,0.021426,0.012374,0.003558,-0.005477,-0.014950,-0.022999,-0.030596,-0.032361,-0.040238,-0.044906,-0.048940,-0.051054,-0.052149,-0.054426,-0.050595,-0.052016,-0.047814,-0.045479,-0.043082,-0.037447,-0.033508,-0.027774,NaN,NaN,NaN,NaN,NaN
NaN,NaN,NaN,NaN,NaN,NaN,-0.031401,-0.033796,-0.031331,-0.028896,-0.024305,-0.016863,-0.010929,-0.003018,0.006294,0.017386,0.027583,0.037912,0.047268,0.055548,0.067051,0.074220,0.079142,0.085548,0.089555,0.090906,0.089911,0.089043,0.083378,0.079570,0.073829,0.063174,NaN,0.042086,0.033108,0.023258,0.008560,-0.001081,-0.011850,-0.022812,-0.033404,-0.043928,-0.049908,-0.057231,-0.064422,-0.067264,-0.068423,-0.067860,-0.065189,-0.063501,-0.057770,-0.051736,-0.046768,-0.039723,-0.036334,-0.029061,-0.022102,-0.013717,-0.009420,NaN,NaN,NaN,NaN,NaN
NaN,NaN,NaN,NaN,NaN,NaN,-0.029371,-0.028612,-0.028505,-0.024421,-0.018833,-0.010153,-0.002394,0.006761,0.014345,0.025366,0.034560,0.044422,0.053605,0.062917,0.069629,0.079927,0.081913,0.087957,0.089187,0.089909,0.089045,0.084258,0.079727,0.072532,0.063591,0.052100,NaN,0.032503,0.022706,0.010979,-0.002650,-0.011540,-0.023275,-0.032646,-0.043313,-0.052170,-0.057912,-0.063634,-0.067358,-0.068921,-0.069823,-0.068450,-0.066077,-0.062034,-0.053964,-0.051389,-0.044585,-0.037255,-0.030797,-0.025159,-0.018055,-0.011896,-0.005554,NaN,NaN,NaN,NaN,NaN
NaN,NaN,NaN,NaN,NaN,NaN,-0.035551,-0.038925,-0.039485,-0.040896,-0.040870,-0.037919,-0.030931,-0.026350,-0.016959,-0.010309,0.002124,0.012228,0.024561,0.034186,0.046108,0.057535,0.067058,0.072853,0.076667,0.083082,0.083352,0.084972,0.079949,0.078369,0.072475,0.061319,NaN,0.041511,0.030563,0.018917,0.004478,-0.004904,-0.017651,-0.029611,-0.040212,-0.048767,-0.056501,-0.062142,-0.064243,-0.066280,-0.067591,-0.063027,-0.059399,-0.055003,-0.048159,-0.040360,-0.033535,-0.025600,-0.020657,-0.013066,-0.004532,0.000465,0.004726,NaN,NaN,NaN,NaN,NaN
NaN,NaN,NaN,NaN,NaN,NaN,-0.033426,-0.033786,-0.034029,-0.028613,-0.024802,-0.019762,-0.012415,-0.004868,0.003150,0.014252,0.026162,0.035849,0.043296,0.053976,0.062901,0.072525,0.077500,0.087219,0.088687,0.090462,0.089872,0.088920,0.087157,0.081459,0.074289,0.064376,NaN,0.045791,0.037991,0.026669,0.010804,0.002268,-0.010162,-0.021129,-0.029680,-0.040771,-0.048907,-0.056428,-0.060550,-0.064088,-0.067356,-0.066553,-0.063930,-0.064407,-0.056427,-0.052927,-0.046327,-0.041034,-0.037047,-0.030839,-0.022173,-0.015477,-0.009369,NaN,NaN,NaN,NaN,NaN
NaN,NaN,NaN,NaN,NaN,NaN,0.029336,0.035589,0.040175,0.043317,0.050077,0.055714,0.058291,0.064279,0.066774,0.073463,0.073930,0.078989,0.077115,0.078366,0.077103,0.078262,0.077530,0.078070,0.075726,0.074806,0.070379,0.065598,0.060783,0.058943,0.054279,0.045868,NaN,0.036221,0.034675,0.028872,0.019667,0.016534,0.009599,0.005540,0.000715,-0.009163,-0.011590,-0.014762,-0.018835,-0.021384,-0.025700,-0.032684,-0.032836,-0.033682,-0.035667,-0.037063,-0.036794,-0.038237,-0.036120,-0.035591,-0.033297,-0.032143,-0.027422,NaN,NaN,NaN,NaN,NaN
NaN,NaN,NaN,NaN,NaN,NaN,0.005074,0.009979,0.014885,0.021778,0.027046,0.034963,0.042513,0.048009,0.056038,0.059098,0.065104,0.073594,0.075067,0.079517,0.084227,0.083975,0.085289,0.084302,0.084492,0.081565,0.081335,0.075022,0.069887,0.065151,0.060169,0.050749,NaN,0.035146,0.029235,0.020279,0.010458,0.003438,-0.003108,-0.010992,-0.018716,-0.029872,-0.033604,-0.038565,-0.043258,-0.047992,-0.049816,-0.053141,-0.053403,-0.055444,-0.055042,-0.052867,-0.050437,-0.048561,-0.045297,-0.042992,-0.038905,-0.033636,-0.027320,NaN,NaN,NaN,NaN,NaN
NaN,NaN,NaN,NaN,NaN,NaN,-0.001684,0.003177,0.006596,0.013672,0.019571,0.026888,0.034836,0.039976,0.044999,0.053169,0.060393,0.066886,0.070558,0.077943,0.082266,0.083243,0.086470,0.086873,0.089688,0.088977,0.085985,0.083808,0.080431,0.076809,0.071614,0.063915,NaN,0.047438,0.044668,0.038214,0.026973,0.020959,0.011969,0.002572,-0.005325,-0.013725,-0.019336,-0.027030,-0.030916,-0.036083,-0.040227,-0.044652,-0.045669,-0.049326,-0.047879,-0.047971,-0.048041,-0.046237,-0.045845,-0.042625,-0.038949,-0.033415,-0.030368,NaN,NaN,NaN,NaN,NaN
NaN,NaN,NaN,NaN,NaN,NaN,-0.038797,-0.041128,-0.042727,-0.040433,-0.038984,-0.034033,-0.027583,-0.019141,-0.010084,-0.003249,0.011625,0.025048,0.034449,0.045966,0.057246,0.067908,0.076933,0.083387,0.087499,0.090671,0.090255,0.090202,0.082048,0.077741,0.071028,0.057351,NaN,0.035912,0.023402,0.008548,-0.005937,-0.015912,-0.030770,-0.042309,-0.053030,-0.060323,-0.066600,-0.071410,-0.075066,-0.074929,-0.072388,-0.067224,-0.060812,-0.056880,-0.047186,-0.039712,-0.030886,-0.024546,-0.015271,-0.006481,-0.001381,0.005730,0.009431,NaN,NaN,NaN,NaN,NaN
NaN,NaN,NaN,NaN,NaN,NaN,0.010691,0.014299,0.018527,0.023935,0.031359,0.037351,0.043369,0.051828,0.055214,0.061139,0.067255,0.071857,0.076824,0.078410,0.081408,0.087029,0.085178,0.086946,0.086319,0.085749,0.084887,0.078868,0.076669,0.070454,0.068301,0.059190,NaN,0.046467,0.044327,0.036268,0.025437,0.021450,0.012757,0.004952,-0.000023,-0.009538,-0.013408,-0.021648,-0.025702,-0.030936,-0.034639,-0.042172,-0.041845,-0.045558,-0.043077,-0.046574,-0.043099,-0.044337,-0.040367,-0.042072,-0.038660,-0.034188,-0.029005,NaN,NaN,NaN,NaN,NaN
NaN,NaN,NaN,NaN,NaN,NaN,-0.008801,-0.004982,-0.001914,0.003634,0.009807,0.015850,0.025723,0.032574,0.039313,0.047874,0.056381,0.061619,0.068026,0.074470,0.079876,0.084489,0.086375,0.089126,0.088054,0.089325,0.087279,0.083744,0.076935,0.075388,0.070995,0.061002,NaN,0.044693,0.039946,0.029003,0.020761,0.011843,0.001867,-0.005554,-0.016261,-0.026205,-0.032696,-0.038426,-0.041134,-0.046427,-0.050817,-0.053222,-0.055683,-0.055034,-0.055546,-0.051916,-0.051432,-0.046937,-0.045935,-0.041642,-0.038241,-0.031217,-0.027858,NaN,NaN,NaN,NaN,NaN
NaN,NaN,NaN,NaN,NaN,NaN,0.002824,0.007073,0.012638,0.016848,0.022704,0.030265,0.035237,0.042916,0.047626,0.053320,0.057605,0.063825,0.067929,0.071765,0.073245,0.078614,0.077890,0.077232,0.075935,0.079016,0.074589,0.071867,0.066814,0.061691,0.058095,0.049303,NaN,0.034553,0.030002,0.023028,0.013271,0.008230,0.001491,-0.005743,-0.011125,-0.021497,-0.026978,-0.031030,-0.036077,-0.039105,-0.042092,-0.045146,-0.046293,-0.049307,-0.046466,-0.046893,-0.046070,-0.044968,-0.041733,-0.039039,-0.035012,-0.028893,-0.026156,NaN,NaN,NaN,NaN,NaN
NaN,NaN,NaN,NaN,NaN,NaN,-0.034086,-0.034617,-0.032689,-0.031406,-0.028026,-0.022192,-0.015018,-0.006836,0.001520,0.010572,0.021326,0.031575,0.041886,0.051695,0.061651,0.069525,0.077545,0.082799,0.088638,0.088744,0.090049,0.091576,0.088227,0.082074,0.077369,0.068838,NaN,0.046904,0.040079,0.030597,0.015014,0.007399,-0.006775,-0.017500,-0.028473,-0.038868,-0.045769,-0.053861,-0.058319,-0.064118,-0.064815,-0.066794,-0.066816,-0.063356,-0.057615,-0.053915,-0.048929,-0.042085,-0.039083,-0.030536,-0.024792,-0.017829,-0.010185,NaN,NaN,NaN,NaN,NaN
NaN,NaN,NaN,NaN,NaN,NaN,0.007772,0.013401,0.017902,0.022233,0.028251,0.035837,0.042139,0.047561,0.055497,0.059876,0.066144,0.072695,0.075453,0.081017,0.083534,0.081844,0.086069,0.086800,0.087511,0.086073,0.083817,0.082636,0.076286,0.075580,0.070201,0.063321,NaN,0.051408,0.047381,0.039269,0.029218,0.025100,0.019097,0.010671,0.002407,-0.006410,-0.014381,-0.018640,-0.022584,-0.027416,-0.032721,-0.036113,-0.039993,-0.040254,-0.044068,-0.043219,-0.043351,-0.042512,-0.042889,-0.039526,-0.037270,-0.032778,-0.030675,NaN,NaN,NaN,NaN,NaN
NaN,NaN,NaN,NaN,NaN,NaN,-0.022319,-0.020500,-0.016211,-0.011349,-0.007494,-0.000697,0.006023,0.014861,0.023013,0.029632,0.041056,0.048837,0.059542,0.064877,0.071232,0.077614,0.082348,0.089320,0.090455,0.089530,0.089549,0.088711,0.084783,0.082067,0.076596,0.067541,NaN,0.051626,0.046746,0.035424,0.024347,0.016613,0.007685,-0.003896,-0.012751,-0.023307,-0.031322,-0.038585,-0.043639,-0.050084,-0.053984,-0.055225,-0.057508,-0.057905,-0.058881,-0.052497,-0.051486,-0.046631,-0.044907,-0.039329,-0.035537,-0.029105,-0.024170,NaN,NaN,NaN,NaN,NaN
NaN,NaN,NaN,NaN,NaN,NaN,-0.012438,-0.008740,-0.005740,-0.000162,0.006624,0.013993,0.019563,0.027544,0.036011,0.044545,0.050552,0.058250,0.064964,0.071584,0.075670,0.083355,0.083521,0.089096,0.089953,0.089000,0.087178,0.086736,0.081260,0.079295,0.072631,0.066249,NaN,0.050931,0.045911,0.037332,0.025547,0.017697,0.009149,-0.000022,-0.007539,-0.017691,-0.027319,-0.032181,-0.039051,-0.041883,-0.046910,-0.050703,-0.053748,-0.054872,-0.052012,-0.052223,-0.051632,-0.048580,-0.044004,-0.041676,-0.038026,-0.030866,-0.027152,NaN,NaN,NaN,NaN,NaN
NaN,NaN,NaN,NaN,NaN,NaN,-0.033882,-0.036471,-0.033056,-0.031328,-0.026823,-0.020512,-0.012996,-0.005516,0.005021,0.014799,0.026714,0.038132,0.046429,0.058335,0.067833,0.075513,0.082273,0.085632,0.092313,0.091693,0.089117,0.085452,0.079158,0.072174,0.065025,0.052510,NaN,0.029141,0.018101,0.004647,-0.010603,-0.019142,-0.030748,-0.042268,-0.050413,-0.059278,-0.065441,-0.070021,-0.072550,-0.073323,-0.072944,-0.067273,-0.064209,-0.061027,-0.051826,-0.043405,-0.035150,-0.027493,-0.022427,-0.015835,-0.007073,-0.000691,0.003532,NaN,NaN,NaN,NaN,NaN
NaN,NaN,NaN,NaN,NaN,NaN,-0.016091,-0.011712,-0.009844,-0.004158,0.002108,0.009809,0.016742,0.025976,0.034874,0.041466,0.049765,0.057824,0.065186,0.070365,0.076942,0.083098,0.084902,0.089565,0.088350,0.088755,0.085300,0.081999,0.075819,0.074632,0.068476,0.056969,NaN,0.038075,0.031880,0.022079,0.008828,0.001565,-0.009705,-0.018286,-0.027197,-0.036261,-0.043499,-0.048295,-0.053524,-0.055226,-0.060157,-0.061386,-0.061350,-0.061999,-0.056231,-0.055123,-0.052005,-0.046020,-0.043593,-0.038366,-0.034307,-0.025208,-0.019797,NaN,NaN,NaN,NaN,NaN
NaN,NaN,NaN,NaN,NaN,NaN,0.011445,0.016161,0.019584,0.027359,0.031058,0.039101,0.045391,0.051578,0.056712,0.062534,0.069033,0.073436,0.076858,0.079958,0.083921,0.082723,0.086474,0.084237,0.087279,0.083236,0.081729,0.079496,0.072646,0.072229,0.066086,0.057390,NaN,0.042785,0.038552,0.032107,0.021343,0.018566,0.010814,0.003288,-0.004328,-0.013246,-0.018878,-0.023825,-0.028265,-0.034390,-0.036830,-0.041687,-0.043896,-0.044377,-0.045514,-0.047082,-0.045274,-0.044419,-0.042688,-0.039514,-0.037011,-0.032978,-0.030535,NaN,NaN,NaN,NaN,NaN
NaN,NaN,NaN,NaN,NaN,NaN,-0.013611,-0.010641,-0.006480,-0.001695,0.002806,0.012883,0.019300,0.026395,0.034184,0.039796,0.049545,0.056458,0.062420,0.070379,0.077793,0.079014,0.083435,0.088682,0.088228,0.090272,0.087972,0.086799,0.082974,0.080343,0.077880,0.069061,NaN,0.055147,0.047465,0.040874,0.028815,0.020412,0.012052,0.003500,-0.006439,-0.014514,-0.023588,-0.029460,-0.036780,-0.041032,-0.047064,-0.048987,-0.050578,-0.052963,-0.052737,-0.050601,-0.050033,-0.046483,-0.047315,-0.041636,-0.037702,-0.032918,-0.027531,NaN,NaN,NaN,NaN,NaN
NaN,NaN,NaN,NaN,NaN,NaN,-0.030479,-0.030624,-0.028135,-0.024733,-0.021163,-0.012851,-0.004938,0.002922,0.012265,0.021838,0.032144,0.043026,0.050617,0.060502,0.069548,0.075889,0.080888,0.085023,0.090975,0.090478,0.089011,0.087488,0.079434,0.076034,0.067740,0.057585,NaN,0.036416,0.024560,0.015168,0.000672,-0.008524,-0.019558,-0.030908,-0.040194,-0.048851,-0.056684,-0.063528,-0.066456,-0.069166,-0.071864,-0.067224,-0.064006,-0.062666,-0.056580,-0.051283,-0.044821,-0.038606,-0.032455,-0.026353,-0.019122,-0.011714,-0.006103,NaN,NaN,NaN,NaN,NaN
NaN,NaN,NaN,NaN,NaN,NaN,-0.007564,-0.005807,-0.002859,0.003570,0.011025,0.017285,0.024397,0.031793,0.039266,0.048380,0.053527,0.062086,0.067870,0.073236,0.077100,0.084145,0.084259,0.088248,0.088161,0.089113,0.086988,0.084374,0.079686,0.075493,0.069334,0.059326,NaN,0.043449,0.038476,0.030220,0.019761,0.010224,0.003658,-0.005268,-0.015655,-0.022734,-0.032374,-0.039346,-0.041478,-0.047436,-0.051682,-0.055220,-0.054513,-0.057282,-0.055381,-0.054486,-0.051308,-0.048948,-0.045997,-0.042966,-0.038384,-0.031246,-0.026110,NaN,NaN,NaN,NaN,NaN
NaN,NaN,NaN,NaN,NaN,NaN,-0.039273,-0.039413,-0.042986,-0.042595,-0.038707,-0.032906,-0.027673,-0.019007,-0.011423,0.000182,0.012482,0.024721,0.034065,0.046092,0.056350,0.069115,0.074381,0.083847,0.085375,0.091859,0.091570,0.089744,0.085807,0.077982,0.068928,0.057632,NaN,0.030848,0.022939,0.009605,-0.007663,-0.019860,-0.031714,-0.041327,-0.055032,-0.060968,-0.067692,-0.071961,-0.072407,-0.073697,-0.071022,-0.069370,-0.061308,-0.057912,-0.045718,-0.039297,-0.030537,-0.023132,-0.015575,-0.007976,-0.000987,0.004333,0.010050,NaN,NaN,NaN,NaN,NaN
NaN,NaN,NaN,NaN,NaN,NaN,0.017268,0.023124,0.027200,0.032486,0.037658,0.044366,0.049542,0.056303,0.061837,0.065489,0.069943,0.075461,0.077549,0.079662,0.083628,0.082944,0.083968,0.082770,0.085495,0.082312,0.082012,0.078255,0.074597,0.070831,0.068110,0.060087,NaN,0.047690,0.045405,0.038853,0.031789,0.028282,0.020996,0.014217,0.008947,-0.001081,-0.004889,-0.011726,-0.014345,-0.018202,-0.025188,-0.030455,-0.031591,-0.032948,-0.037185,-0.036159,-0.037312,-0.038750,-0.038262,-0.035963,-0.035193,-0.033045,-0.028596,NaN,NaN,NaN,NaN,NaN
NaN,NaN,NaN,NaN,NaN,NaN,-0.036039,-0.035816,-0.037574,-0.035623,-0.032493,-0.025719,-0.018456,-0.010908,-0.001678,0.008723,0.019721,0.031580,0.040331,0.051093,0.061744,0.073174,0.078727,0.085790,0.088912,0.090359,0.090462,0.086517,0.081410,0.079107,0.071584,0.060454,NaN,0.037680,0.030060,0.016491,-0.000271,-0.009753,-0.023539,-0.034562,-0.045594,-0.053060,-0.059941,-0.064343,-0.067685,-0.072006,-0.071899,-0.068116,-0.063651,-0.063475,-0.052082,-0.046184,-0.039323,-0.034182,-0.026095,-0.018143,-0.011987,-0.004468,0.000059,NaN,NaN,NaN,NaN,NaN
NaN,NaN,NaN,NaN,NaN,NaN,0.020983,0.026058,0.031341,0.035195,0.042990,0.048915,0.052422,0.059482,0.063958,0.067601,0.072371,0.074510,0.077716,0.080814,0.081931,0.083112,0.081400,0.081863,0.079605,0.079256,0.075637,0.072198,0.069191,0.064562,0.060196,0.053767,NaN,0.039419,0.037908,0.030963,0.020181,0.018217,0.010808,0.006459,-0.002629,-0.007916,-0.012951,-0.019695,-0.023225,-0.027869,-0.030837,-0.035277,-0.037543,-0.039629,-0.041094,-0.041268,-0.041074,-0.041436,-0.040245,-0.037934,-0.035171,-0.031740,-0.031511,NaN,NaN,NaN,NaN,NaN
NaN,NaN,NaN,NaN,NaN,NaN,-0.026709,-0.023575,-0.023578,-0.018732,-0.013993,-0.008964,0.001917,0.008910,0.017834,0.025718,0.034235,0.046521,0.054679,0.062121,0.069103,0.078209,0.080152,0.087196,0.087369,0.090135,0.089479,0.087938,0.083467,0.080804,0.073211,0.061693,NaN,0.046000,0.039989,0.026928,0.014866,0.004830,-0.006691,-0.016852,-0.026819,-0.036822,-0.044445,-0.049942,-0.054051,-0.057673,-0.059348,-0.063059,-0.063097,-0.063554,-0.057233,-0.056090,-0.049477,-0.044667,-0.039640,-0.037110,-0.029787,-0.023845,-0.016881,NaN,NaN,NaN,NaN,NaN
NaN,NaN,NaN,NaN,NaN,NaN,-0.032154,-0.031588,-0.031307,-0.030478,-0.025764,-0.019107,-0.014301,-0.006357,0.000349,0.008090,0.019389,0.030251,0.040441,0.049084,0.057803,0.064996,0.074918,0.078767,0.086058,0.088617,0.091185,0.093288,0.087314,0.088937,0.086024,0.078717,NaN,0.066090,0.057755,0.049679,0.034950,0.026364,0.016146,0.004239,-0.004357,-0.017397,-0.026051,-0.035371,-0.043085,-0.047739,-0.052572,-0.053278,-0.056154,-0.059558,-0.058579,-0.053149,-0.051360,-0.047591,-0.044347,-0.039742,-0.032849,-0.026827,-0.020968,NaN,NaN,NaN,NaN,NaN
NaN,NaN,NaN,NaN,NaN,NaN,0.023709,0.029259,0.033056,0.041004,0.044347,0.047078,0.053075,0.059013,0.063826,0.065681,0.071946,0.073957,0.077631,0.080653,0.083123,0.082945,0.083833,0.083106,0.082373,0.082992,0.080141,0.078641,0.072847,0.072870,0.071062,0.063391,NaN,0.054105,0.052769,0.046923,0.038269,0.038026,0.031121,0.027193,0.019506,0.011361,0.007184,0.001739,-0.002407,-0.005485,-0.011266,-0.014644,-0.019181,-0.020797,-0.023292,-0.024045,-0.027706,-0.028660,-0.027911,-0.026799,-0.028889,-0.027183,-0.024372,NaN,NaN,NaN,NaN,NaN
NaN,NaN,NaN,NaN,NaN,NaN,0.002085,0.005167,0.010519,0.015807,0.022551,0.028375,0.034947,0.045008,0.048888,0.055680,0.062076,0.070155,0.072935,0.077657,0.080694,0.084285,0.084197,0.086954,0.086294,0.087686,0.082015,0.081419,0.075025,0.074881,0.066199,0.058255,NaN,0.043204,0.039261,0.031069,0.019327,0.014437,0.005795,-0.001905,-0.009800,-0.019534,-0.024958,-0.031717,-0.036181,-0.039417,-0.042851,-0.048486,-0.050421,-0.050812,-0.050348,-0.050366,-0.050408,-0.046929,-0.044350,-0.042704,-0.038970,-0.034745,-0.028757,NaN,NaN,NaN,NaN,NaN
NaN,NaN,NaN,NaN,NaN,NaN,-0.032394,-0.032520,-0.031472,-0.028504,-0.025295,-0.019106,-0.011994,-0.003309,0.004826,0.014545,0.025042,0.036354,0.046566,0.055997,0.063952,0.072087,0.080119,0.083741,0.089653,0.089661,0.091704,0.088127,0.083888,0.081618,0.075996,0.065584,NaN,0.044587,0.034682,0.025602,0.010249,0.000453,-0.011824,-0.022003,-0.031984,-0.043541,-0.049438,-0.056430,-0.061983,-0.063652,-0.067562,-0.066599,-0.065238,-0.061408,-0.057496,-0.052773,-0.046446,-0.040043,-0.036490,-0.028496,-0.022116,-0.014271,-0.007901,NaN,NaN,NaN,NaN,NaN
NaN,NaN,NaN,NaN,NaN,NaN,-0.031529,-0.031594,-0.030471,-0.025761,-0.022146,-0.014519,-0.007927,0.000706,0.008120,0.017700,0.028181,0.040130,0.049455,0.059253,0.067045,0.075318,0.082492,0.084211,0.090185,0.090012,0.090695,0.088009,0.080206,0.078953,0.071266,0.059173,NaN,0.039540,0.028911,0.018097,0.005113,-0.004067,-0.014571,-0.025475,-0.035936,-0.047335,-0.054515,-0.060328,-0.064273,-0.067697,-0.068929,-0.065397,-0.065081,-0.062409,-0.056015,-0.051776,-0.045353,-0.038644,-0.033628,-0.027049,-0.019922,-0.011033,-0.006717,NaN,NaN,NaN,NaN,NaN
NaN,NaN,NaN,NaN,NaN,NaN,0.010003,0.014875,0.019384,0.025187,0.030317,0.036277,0.042234,0.046983,0.052568,0.058337,0.063461,0.068687,0.073009,0.077039,0.080907,0.083929,0.084710,0.086900,0.089836,0.088602,0.087689,0.086727,0.084444,0.081990,0.079944,0.072382,NaN,0.062893,0.060898,0.054359,0.047917,0.042967,0.037761,0.031962,0.026254,0.015769,0.010408,0.005002,0.000460,-0.004354,-0.009050,-0.014237,-0.018180,-0.021734,-0.026556,-0.028631,-0.029878,-0.029421,-0.030209,-0.031553,-0.030020,-0.027723,-0.026832,NaN,NaN,NaN,NaN,NaN
NaN,NaN,NaN,NaN,NaN,NaN,-0.003768,0.002796,0.005692,0.011007,0.015484,0.023347,0.030822,0.038293,0.044150,0.050022,0.056973,0.064495,0.070998,0.075562,0.081170,0.083300,0.085882,0.086455,0.087794,0.088814,0.085385,0.084845,0.078906,0.078399,0.074305,0.067373,NaN,0.053034,0.045374,0.039939,0.028949,0.024549,0.015310,0.007332,-0.001201,-0.009880,-0.017804,-0.023988,-0.028370,-0.034429,-0.040158,-0.042243,-0.044752,-0.047512,-0.048293,-0.046272,-0.048157,-0.045354,-0.044631,-0.041233,-0.038360,-0.034544,-0.030713,NaN,NaN,NaN,NaN,NaN
NaN,NaN,NaN,NaN,NaN,NaN,0.011006,0.017151,0.020957,0.026886,0.033322,0.039878,0.045361,0.051762,0.056489,0.062659,0.069150,0.072132,0.077070,0.079089,0.081738,0.085186,0.085797,0.086466,0.085837,0.084541,0.081558,0.079265,0.072865,0.072254,0.065632,0.057030,NaN,0.043465,0.043013,0.032764,0.022493,0.019931,0.010512,0.005231,-0.004071,-0.013221,-0.018785,-0.025024,-0.027249,-0.032601,-0.036732,-0.040279,-0.043011,-0.044337,-0.045886,-0.047211,-0.044652,-0.044315,-0.041878,-0.040325,-0.037097,-0.033659,-0.030318,NaN,NaN,NaN,NaN,NaN
NaN,NaN,NaN,NaN,NaN,NaN,-0.037719,-0.042584,-0.043980,-0.044417,-0.043495,-0.042988,-0.036988,-0.030684,-0.022253,-0.013587,-0.000651,0.010473,0.021645,0.033526,0.046086,0.056225,0.068665,0.075367,0.083230,0.088495,0.089808,0.091971,0.089334,0.084843,0.080089,0.069401,NaN,0.048454,0.037981,0.024128,0.008126,-0.002380,-0.014292,-0.028135,-0.037047,-0.049300,-0.056937,-0.062732,-0.067947,-0.070998,-0.070670,-0.068250,-0.064099,-0.061238,-0.053694,-0.045163,-0.037356,-0.028192,-0.024010,-0.015964,-0.007493,-0.000966,0.004098,NaN,NaN,NaN,NaN,NaN
NaN,NaN,NaN,NaN,NaN,NaN,0.012186,0.018654,0.023871,0.027616,0.032766,0.039814,0.047813,0.050817,0.056575,0.061126,0.066852,0.071609,0.075853,0.079818,0.084911,0.085641,0.085876,0.087528,0.088435,0.086768,0.086920,0.083022,0.078363,0.076777,0.073870,0.067406,NaN,0.060603,0.054783,0.049052,0.044025,0.037910,0.032067,0.025421,0.020012,0.009206,0.004068,-0.000838,-0.006303,-0.010482,-0.015352,-0.020307,-0.023897,-0.027523,-0.029863,-0.032872,-0.034194,-0.032366,-0.033371,-0.034182,-0.031700,-0.030031,-0.028366,NaN,NaN,NaN,NaN,NaN
NaN,NaN,NaN,NaN,NaN,NaN,-0.006011,-0.002592,0.002191,0.007357,0.015415,0.023655,0.029323,0.037472,0.042980,0.051844,0.059638,0.065165,0.069631,0.074805,0.078841,0.084893,0.085218,0.086774,0.085589,0.085152,0.082602,0.079355,0.074801,0.070658,0.062131,0.055040,NaN,0.037156,0.030436,0.022889,0.009293,0.004612,-0.006640,-0.014537,-0.022771,-0.030947,-0.038881,-0.043471,-0.047877,-0.051425,-0.054019,-0.058405,-0.058427,-0.060693,-0.054812,-0.054746,-0.051828,-0.048507,-0.045481,-0.041999,-0.037597,-0.030448,-0.024626,NaN,NaN,NaN,NaN,NaN
NaN,NaN,NaN,NaN,NaN,NaN,-0.037357,-0.040076,-0.042626,-0.040144,-0.038004,-0.033039,-0.029159,-0.019994,-0.011212,-0.001744,0.011465,0.023819,0.036593,0.045587,0.057160,0.067171,0.076391,0.083555,0.087641,0.089625,0.089810,0.088445,0.083151,0.080428,0.068429,0.058627,NaN,0.034002,0.022659,0.009757,-0.005422,-0.019316,-0.030233,-0.041931,-0.051548,-0.062135,-0.065280,-0.070922,-0.074517,-0.074250,-0.073070,-0.068315,-0.061900,-0.058295,-0.046046,-0.040919,-0.030076,-0.022243,-0.015491,-0.007493,-0.001346,0.004457,0.010058,NaN,NaN,NaN,NaN,NaN
NaN,NaN,NaN,NaN,NaN,NaN,-0.020190,-0.017597,-0.013808,-0.010563,-0.004460,0.003161,0.010771,0.019494,0.025538,0.034231,0.044766,0.053177,0.060039,0.067388,0.073513,0.079840,0.083646,0.087748,0.087790,0.089571,0.088354,0.087512,0.081947,0.079761,0.073182,0.064167,NaN,0.046696,0.040104,0.031995,0.018197,0.011078,0.002500,-0.007583,-0.016605,-0.027069,-0.034473,-0.040883,-0.046532,-0.050715,-0.054149,-0.056907,-0.058580,-0.060565,-0.057048,-0.056247,-0.051935,-0.047421,-0.043736,-0.040361,-0.034808,-0.027991,-0.022850,NaN,NaN,NaN,NaN,NaN
NaN,NaN,NaN,NaN,NaN,NaN,-0.030955,-0.029200,-0.030126,-0.025427,-0.020950,-0.013839,-0.005315,0.003922,0.011814,0.021202,0.032590,0.041978,0.051568,0.060371,0.067495,0.077564,0.081365,0.088991,0.088238,0.089053,0.089646,0.084733,0.084727,0.077189,0.069226,0.056716,NaN,0.035133,0.027498,0.017067,0.002718,-0.006653,-0.019878,-0.028222,-0.039311,-0.049295,-0.055388,-0.061560,-0.063360,-0.067808,-0.066588,-0.069496,-0.063159,-0.063144,-0.056335,-0.051086,-0.043909,-0.038285,-0.031989,-0.026234,-0.018820,-0.011479,-0.006764,NaN,NaN,NaN,NaN,NaN
NaN,NaN,NaN,NaN,NaN,NaN,-0.028673,-0.028093,-0.025788,-0.022026,-0.018334,-0.010807,-0.004654,0.002881,0.014189,0.021783,0.030063,0.041089,0.050429,0.059172,0.070146,0.073994,0.080469,0.084007,0.089167,0.090701,0.090177,0.090049,0.081997,0.082554,0.075111,0.066747,NaN,0.051498,0.041319,0.032269,0.018613,0.012104,0.001109,-0.009426,-0.020486,-0.030327,-0.037741,-0.047971,-0.052246,-0.057310,-0.062673,-0.059653,-0.062560,-0.060685,-0.059215,-0.055185,-0.051446,-0.044758,-0.044429,-0.035735,-0.030504,-0.022047,-0.017770,NaN,NaN,NaN,NaN,NaN
NaN,NaN,NaN,NaN,NaN,NaN,-0.011083,-0.008869,-0.003640,-0.000114,0.006745,0.014796,0.021245,0.028844,0.035976,0.043633,0.052353,0.060380,0.065472,0.071504,0.077026,0.082179,0.084471,0.088249,0.090467,0.089400,0.089748,0.085147,0.080875,0.079125,0.074358,0.064905,NaN,0.051095,0.045681,0.035625,0.023011,0.017797,0.006858,-0.001074,-0.010182,-0.018642,-0.026908,-0.031652,-0.039277,-0.043172,-0.048006,-0.052556,-0.053019,-0.054465,-0.053849,-0.052813,-0.050677,-0.047720,-0.046201,-0.041599,-0.038023,-0.031674,-0.027108,NaN,NaN,NaN,NaN,NaN
NaN,NaN,NaN,NaN,NaN,NaN,-0.000287,0.002839,0.006897,0.013324,0.020374,0.027506,0.033031,0.041629,0.045613,0.054664,0.061731,0.067131,0.072489,0.077291,0.079259,0.084533,0.085610,0.088346,0.089011,0.086836,0.086358,0.082520,0.078928,0.076050,0.069228,0.060593,NaN,0.045747,0.043625,0.035456,0.026580,0.019801,0.012297,0.002594,-0.004666,-0.014119,-0.020926,-0.027421,-0.029434,-0.036429,-0.040467,-0.047002,-0.047374,-0.051290,-0.048574,-0.050332,-0.048308,-0.046277,-0.044199,-0.043432,-0.040069,-0.034274,-0.028241,NaN,NaN,NaN,NaN,NaN
NaN,NaN,NaN,NaN,NaN,NaN,-0.035998,-0.036213,-0.037263,-0.035464,-0.030682,-0.023496,-0.018052,-0.008335,0.000773,0.008235,0.020313,0.030853,0.040838,0.050824,0.061167,0.074220,0.076808,0.085175,0.088512,0.092008,0.090854,0.087787,0.084730,0.077503,0.070886,0.058040,NaN,0.037163,0.026959,0.014043,-0.000950,-0.011283,-0.023005,-0.035433,-0.046491,-0.054062,-0.061508,-0.067444,-0.070298,-0.071501,-0.068914,-0.070097,-0.063579,-0.062730,-0.054021,-0.046788,-0.040421,-0.031025,-0.025065,-0.018278,-0.010703,-0.004196,0.000568,NaN,NaN,NaN,NaN,NaN
NaN,NaN,NaN,NaN,NaN,NaN,-0.033823,-0.033069,-0.033357,-0.030372,-0.026504,-0.019923,-0.012937,-0.004811,0.005049,0.013417,0.024812,0.035935,0.044539,0.054753,0.062672,0.073972,0.076996,0.084937,0.088591,0.089598,0.090781,0.088292,0.084912,0.080242,0.074968,0.066929,NaN,0.045392,0.037518,0.026175,0.009701,0.003500,-0.008508,-0.023103,-0.030652,-0.042885,-0.049429,-0.057353,-0.060626,-0.065600,-0.066565,-0.065394,-0.064967,-0.064554,-0.056866,-0.053964,-0.047436,-0.040196,-0.035789,-0.031212,-0.022287,-0.014720,-0.010680,NaN,NaN,NaN,NaN,NaN
NaN,NaN,NaN,NaN,NaN,NaN,0.011959,0.015913,0.020296,0.024974,0.031528,0.037650,0.044006,0.048543,0.052978,0.060492,0.066980,0.069975,0.076368,0.078409,0.080750,0.086182,0.085015,0.088707,0.090629,0.086679,0.085705,0.085441,0.083146,0.082076,0.076303,0.071453,NaN,0.061061,0.059826,0.052071,0.046854,0.042483,0.036428,0.031118,0.022942,0.017344,0.008540,0.002097,-0.002274,-0.008994,-0.011366,-0.017434,-0.021588,-0.024876,-0.026528,-0.029910,-0.031489,-0.030951,-0.032827,-0.031874,-0.031513,-0.031301,-0.027472,NaN,NaN,NaN,NaN,NaN
NaN,NaN,NaN,NaN,NaN,NaN,-0.000408,0.004047,0.008260,0.014344,0.020509,0.027599,0.036304,0.040044,0.047809,0.055040,0.060028,0.067763,0.073011,0.076930,0.081738,0.084758,0.083688,0.086610,0.087503,0.087500,0.083821,0.083490,0.075557,0.072763,0.068674,0.060696,NaN,0.046704,0.041659,0.033857,0.022658,0.017229,0.008866,0.002009,-0.006817,-0.017140,-0.022909,-0.028739,-0.034512,-0.039499,-0.043812,-0.045504,-0.047673,-0.049800,-0.051351,-0.049865,-0.049494,-0.046241,-0.046453,-0.042477,-0.039206,-0.033859,-0.029585,NaN,NaN,NaN,NaN,NaN
NaN,NaN,NaN,NaN,NaN,NaN,-0.020929,-0.019123,-0.015385,-0.012603,-0.005310,0.002223,0.008147,0.017210,0.024535,0.032119,0.043535,0.052247,0.059132,0.066773,0.072337,0.080167,0.083059,0.087237,0.090548,0.090836,0.088306,0.087064,0.083743,0.079812,0.073005,0.064438,NaN,0.050454,0.041371,0.032309,0.020773,0.014709,0.002489,-0.007040,-0.015324,-0.026633,-0.035157,-0.041806,-0.047054,-0.050949,-0.054417,-0.057020,-0.059036,-0.059411,-0.056790,-0.054841,-0.051682,-0.048687,-0.044752,-0.041622,-0.036206,-0.027746,-0.024108,NaN,NaN,NaN,NaN,NaN
NaN,NaN,NaN,NaN,NaN,NaN,-0.014947,-0.010502,-0.008815,-0.001070,0.003598,0.012391,0.021062,0.029147,0.036559,0.043116,0.052776,0.060992,0.066718,0.073592,0.078270,0.082974,0.086615,0.086319,0.088751,0.087051,0.084118,0.082448,0.074624,0.072111,0.064452,0.054571,NaN,0.033971,0.025271,0.017029,0.006589,-0.002756,-0.013721,-0.022924,-0.031410,-0.039419,-0.047167,-0.051113,-0.056242,-0.060253,-0.061841,-0.062782,-0.062691,-0.060403,-0.057866,-0.053844,-0.052330,-0.044526,-0.042681,-0.036753,-0.033303,-0.024438,-0.018308,NaN,NaN,NaN,NaN,NaN
NaN,NaN,NaN,NaN,NaN,NaN,-0.006843,-0.004293,-0.001137,0.005472,0.008391,0.017615,0.024534,0.029657,0.038863,0.042835,0.053393,0.057963,0.064954,0.070923,0.077922,0.080123,0.085311,0.086866,0.088855,0.089903,0.089200,0.088476,0.082085,0.084058,0.080973,0.073763,NaN,0.062752,0.056018,0.049368,0.040825,0.036410,0.026113,0.021111,0.010989,0.001274,-0.007404,-0.013628,-0.018250,-0.024322,-0.031257,-0.034515,-0.037756,-0.042742,-0.042983,-0.044455,-0.044377,-0.043835,-0.043178,-0.041217,-0.038244,-0.034073,-0.030378,NaN,NaN,NaN,NaN,NaN
NaN,NaN,NaN,NaN,NaN,NaN,0.028023,0.032655,0.035240,0.041988,0.047582,0.052401,0.055800,0.061583,0.066277,0.068928,0.072477,0.076109,0.077448,0.080620,0.079851,0.081444,0.080521,0.080368,0.078690,0.077977,0.074673,0.074583,0.067894,0.066110,0.059648,0.053988,NaN,0.045159,0.042099,0.039007,0.031060,0.026247,0.020399,0.016081,0.009212,0.002329,-0.002420,-0.007181,-0.010205,-0.014141,-0.018450,-0.022199,-0.026073,-0.028510,-0.030824,-0.032060,-0.032550,-0.031952,-0.033097,-0.032169,-0.032426,-0.029472,-0.027052,NaN,NaN,NaN,NaN,NaN
NaN,NaN,NaN,NaN,NaN,NaN,0.015964,0.021733,0.026013,0.032026,0.038106,0.044537,0.051899,0.056355,0.063192,0.066997,0.070326,0.076216,0.078811,0.080689,0.081626,0.082219,0.083360,0.082218,0.081423,0.078905,0.073955,0.072180,0.066009,0.061491,0.054710,0.046629,NaN,0.032868,0.027922,0.020881,0.010861,0.007485,-0.001854,-0.007310,-0.014684,-0.021091,-0.029621,-0.032946,-0.037279,-0.041512,-0.047084,-0.047901,-0.049886,-0.049735,-0.051057,-0.051056,-0.047661,-0.047067,-0.045868,-0.042329,-0.038135,-0.033615,-0.029359,NaN,NaN,NaN,NaN,NaN
NaN,NaN,NaN,NaN,NaN,NaN,-0.000627,0.004273,0.006731,0.014080,0.021880,0.027371,0.034304,0.041122,0.048523,0.055163,0.062472,0.067476,0.072274,0.077344,0.079778,0.085907,0.085190,0.088547,0.087499,0.085992,0.085623,0.082223,0.077376,0.074575,0.070979,0.061737,NaN,0.046948,0.042165,0.033708,0.023707,0.016786,0.008596,0.003381,-0.005605,-0.015699,-0.023125,-0.028651,-0.034344,-0.038665,-0.042372,-0.046246,-0.048012,-0.049841,-0.049260,-0.048780,-0.048098,-0.046684,-0.045975,-0.043023,-0.040039,-0.033227,-0.030013,NaN,NaN,NaN,NaN,NaN
NaN,NaN,NaN,NaN,NaN,NaN,-0.011767,-0.007375,-0.003985,0.001261,0.008360,0.017669,0.023179,0.032050,0.039209,0.048662,0.054996,0.063793,0.071991,0.074394,0.080065,0.085849,0.084238,0.087484,0.085985,0.084784,0.081504,0.077782,0.072481,0.067855,0.061464,0.049605,NaN,0.029863,0.023800,0.012475,-0.001128,-0.008122,-0.018393,-0.027775,-0.036546,-0.043959,-0.051192,-0.057300,-0.058223,-0.061225,-0.062207,-0.065196,-0.063330,-0.063730,-0.058475,-0.055838,-0.048357,-0.045486,-0.041769,-0.036572,-0.029871,-0.023548,-0.017441,NaN,NaN,NaN,NaN,NaN
NaN,NaN,NaN,NaN,NaN,NaN,0.020514,0.026191,0.030412,0.036457,0.041751,0.047606,0.053668,0.058451,0.061504,0.069547,0.071213,0.076113,0.077289,0.079951,0.081931,0.083272,0.082387,0.083136,0.082097,0.080327,0.077483,0.073910,0.070651,0.067716,0.061565,0.053975,NaN,0.042077,0.037946,0.033219,0.024657,0.020123,0.014501,0.006809,0.000744,-0.007074,-0.014156,-0.018878,-0.020867,-0.025257,-0.030270,-0.034914,-0.034949,-0.038398,-0.038991,-0.041952,-0.040332,-0.039490,-0.039522,-0.039392,-0.035377,-0.032330,-0.029884,NaN,NaN,NaN,NaN,NaN
NaN,NaN,NaN,NaN,NaN,NaN,-0.035623,-0.036130,-0.038685,-0.036615,-0.032626,-0.026184,-0.019821,-0.012067,-0.001322,0.004753,0.018517,0.029534,0.039872,0.050936,0.061858,0.070127,0.079649,0.085028,0.087571,0.090643,0.089006,0.088935,0.082570,0.078483,0.072203,0.061081,NaN,0.041181,0.027498,0.014933,0.002465,-0.008001,-0.022016,-0.032519,-0.042636,-0.052826,-0.059762,-0.064450,-0.069550,-0.070122,-0.071160,-0.068400,-0.064473,-0.061319,-0.053408,-0.047217,-0.038668,-0.031688,-0.026604,-0.017244,-0.011141,-0.004783,0.000592,NaN,NaN,NaN,NaN,NaN
NaN,NaN,NaN,NaN,NaN,NaN,-0.032718,-0.033358,-0.030467,-0.029587,-0.024422,-0.018414,-0.011343,-0.005108,0.007003,0.014623,0.025108,0.036091,0.045681,0.054185,0.065901,0.073126,0.081740,0.082020,0.087479,0.089964,0.091981,0.090711,0.082151,0.079140,0.074487,0.062720,NaN,0.043282,0.033542,0.024412,0.008892,-0.001694,-0.012796,-0.022903,-0.033860,-0.042445,-0.050025,-0.055359,-0.061711,-0.065534,-0.067776,-0.066095,-0.064278,-0.062978,-0.059188,-0.051492,-0.045686,-0.039459,-0.034539,-0.029147,-0.023840,-0.013649,-0.009543,NaN,NaN,NaN,NaN,NaN
NaN,NaN,NaN,NaN,NaN,NaN,-0.004733,0.001288,0.005747,0.010599,0.018354,0.025992,0.033880,0.039750,0.047897,0.052811,0.061607,0.067815,0.072080,0.079706,0.082902,0.083685,0.084575,0.086102,0.087073,0.084299,0.082213,0.079023,0.071298,0.067895,0.059830,0.052719,NaN,0.029957,0.025744,0.016394,0.006138,-0.000608,-0.009676,-0.018803,-0.029963,-0.035646,-0.039821,-0.046467,-0.050766,-0.052189,-0.056592,-0.059089,-0.060302,-0.059791,-0.057470,-0.055735,-0.052485,-0.047666,-0.046411,-0.039848,-0.036652,-0.028319,-0.025030,NaN,NaN,NaN,NaN,NaN
NaN,NaN,NaN,NaN,NaN,NaN,-0.037067,-0.042777,-0.044959,-0.046670,-0.044935,-0.043677,-0.040546,-0.034090,-0.027178,-0.017570,-0.008634,0.005460,0.015907,0.028536,0.040494,0.052786,0.064325,0.074117,0.081183,0.086426,0.090776,0.092525,0.090188,0.088334,0.084391,0.073570,NaN,0.054559,0.046472,0.033091,0.016626,0.004498,-0.008104,-0.019730,-0.033199,-0.044714,-0.054638,-0.061765,-0.064405,-0.067537,-0.070372,-0.067209,-0.065114,-0.063705,-0.053126,-0.046989,-0.042752,-0.032692,-0.028032,-0.018558,-0.012038,-0.003996,0.000530,NaN,NaN,NaN,NaN,NaN
NaN,NaN,NaN,NaN,NaN,NaN,0.020698,0.024580,0.029925,0.034448,0.041869,0.046660,0.053415,0.058964,0.062940,0.068466,0.072693,0.075840,0.079058,0.080020,0.081174,0.084763,0.082680,0.081758,0.082103,0.078960,0.077859,0.075102,0.073104,0.067884,0.063225,0.053722,NaN,0.044576,0.042194,0.033308,0.024992,0.018929,0.015479,0.009273,0.000699,-0.007591,-0.011025,-0.016766,-0.021809,-0.025012,-0.027518,-0.033136,-0.035288,-0.039171,-0.039060,-0.040340,-0.040977,-0.039525,-0.038317,-0.036955,-0.036293,-0.032977,-0.028202,NaN,NaN,NaN,NaN,NaN
NaN,NaN,NaN,NaN,NaN,NaN,0.019783,0.025119,0.029959,0.036248,0.039416,0.048008,0.053424,0.057542,0.063340,0.067153,0.071431,0.075897,0.078534,0.080414,0.082420,0.081950,0.083569,0.083682,0.083574,0.080764,0.078565,0.075918,0.068664,0.067808,0.062654,0.057173,NaN,0.044307,0.040601,0.033025,0.024513,0.022063,0.016295,0.009497,0.002003,-0.007971,-0.010870,-0.017729,-0.021243,-0.023879,-0.028033,-0.034546,-0.036143,-0.038573,-0.039466,-0.038915,-0.039024,-0.041051,-0.039377,-0.039061,-0.035286,-0.033403,-0.031016,NaN,NaN,NaN,NaN,NaN
NaN,NaN,NaN,NaN,NaN,NaN,-0.038271,-0.042998,-0.044994,-0.044507,-0.042264,-0.038959,-0.033992,-0.027849,-0.018122,-0.009629,0.005249,0.015444,0.026569,0.038145,0.048606,0.061830,0.071629,0.079356,0.085026,0.088557,0.091296,0.091548,0.086710,0.084822,0.075851,0.066449,NaN,0.042642,0.032361,0.021516,0.003353,-0.007511,-0.020381,-0.031609,-0.042955,-0.054142,-0.060244,-0.066886,-0.068787,-0.072236,-0.071973,-0.068868,-0.064004,-0.060328,-0.050760,-0.044500,-0.034384,-0.027351,-0.019890,-0.012208,-0.005100,0.001277,0.006690,NaN,NaN,NaN,NaN,NaN
NaN,NaN,NaN,NaN,NaN,NaN,0.010170,0.013933,0.018528,0.024778,0.029950,0.035945,0.043280,0.050461,0.056819,0.062440,0.067757,0.072521,0.075350,0.079132,0.083353,0.084460,0.084983,0.086566,0.086666,0.084775,0.082898,0.082078,0.074193,0.073324,0.070011,0.059012,NaN,0.046890,0.043941,0.035939,0.025921,0.021094,0.012273,0.006414,-0.001933,-0.010377,-0.014215,-0.021656,-0.022856,-0.027869,-0.033958,-0.037738,-0.042383,-0.042745,-0.045610,-0.044725,-0.045961,-0.043799,-0.042752,-0.039987,-0.039006,-0.034866,-0.029940,NaN,NaN,NaN,NaN,NaN
NaN,NaN,NaN,NaN,NaN,NaN,-0.009433,-0.005939,-0.000337,0.002790,0.009778,0.017650,0.024659,0.031926,0.040631,0.047731,0.055807,0.061729,0.068490,0.075139,0.079491,0.082702,0.084438,0.086696,0.089765,0.088487,0.087327,0.083057,0.078615,0.072990,0.068559,0.061764,NaN,0.047100,0.038537,0.026592,0.018331,0.011190,0.001918,-0.006510,-0.015389,-0.024598,-0.033173,-0.037973,-0.043151,-0.048244,-0.051521,-0.053081,-0.055701,-0.056832,-0.055794,-0.051862,-0.052144,-0.047219,-0.047541,-0.042809,-0.037432,-0.031530,-0.025855,NaN,NaN,NaN,NaN,NaN
NaN,NaN,NaN,NaN,NaN,NaN,-0.011868,-0.007369,-0.002815,0.001523,0.006594,0.014480,0.022551,0.030878,0.037646,0.045144,0.053050,0.060447,0.065850,0.071475,0.078489,0.082997,0.086931,0.086512,0.089834,0.088063,0.087807,0.085752,0.081050,0.077323,0.074331,0.066280,NaN,0.047711,0.043507,0.033648,0.022705,0.017011,0.007486,-0.003056,-0.009674,-0.022596,-0.028664,-0.033664,-0.039177,-0.043277,-0.046798,-0.050978,-0.052434,-0.055466,-0.054861,-0.053462,-0.050802,-0.047946,-0.045675,-0.041782,-0.037599,-0.031000,-0.027836,NaN,NaN,NaN,NaN,NaN
NaN,NaN,NaN,NaN,NaN,NaN,-0.032283,-0.032952,-0.030934,-0.028202,-0.024089,-0.017340,-0.010169,-0.002613,0.007089,0.017013,0.027080,0.037788,0.046054,0.056626,0.065666,0.074497,0.082871,0.086997,0.088001,0.089371,0.090926,0.088015,0.083248,0.078274,0.073104,0.062301,NaN,0.041107,0.032383,0.022561,0.008809,0.000621,-0.012459,-0.023035,-0.033316,-0.044450,-0.053770,-0.059709,-0.063352,-0.066780,-0.065013,-0.064906,-0.062983,-0.063188,-0.058098,-0.053900,-0.046978,-0.040442,-0.034224,-0.028894,-0.022225,-0.013748,-0.008384,NaN,NaN,NaN,NaN,NaN
NaN,NaN,NaN,NaN,NaN,NaN,-0.011295,-0.008533,-0.006014,-0.000198,0.008129,0.013714,0.021117,0.028085,0.036312,0.042396,0.050053,0.060089,0.066826,0.071542,0.077242,0.081707,0.084222,0.087994,0.088662,0.087667,0.088524,0.085881,0.080738,0.078002,0.071631,0.064806,NaN,0.047947,0.043638,0.035270,0.024779,0.017064,0.009203,-0.001356,-0.010850,-0.019846,-0.026665,-0.033681,-0.037996,-0.043153,-0.048613,-0.051148,-0.053810,-0.052962,-0.054413,-0.052665,-0.052023,-0.046695,-0.045487,-0.041685,-0.038336,-0.030697,-0.027020,NaN,NaN,NaN,NaN,NaN
NaN,NaN,NaN,NaN,NaN,NaN,-0.036031,-0.038477,-0.040010,-0.039579,-0.035403,-0.029715,-0.024763,-0.017534,-0.008010,0.002393,0.014202,0.025388,0.032879,0.046203,0.057125,0.068421,0.075618,0.082541,0.085826,0.089696,0.090304,0.091919,0.086760,0.083377,0.076287,0.066404,NaN,0.045306,0.035256,0.023279,0.009464,-0.001945,-0.013879,-0.027469,-0.036598,-0.046355,-0.057120,-0.061234,-0.064065,-0.069161,-0.069758,-0.067675,-0.064761,-0.063958,-0.056379,-0.050245,-0.040670,-0.035455,-0.028500,-0.022303,-0.015400,-0.008074,-0.002758,NaN,NaN,NaN,NaN,NaN
NaN,NaN,NaN,NaN,NaN,NaN,-0.037708,-0.040125,-0.040723,-0.040496,-0.038154,-0.033325,-0.027508,-0.018980,-0.009657,-0.000007,0.011175,0.024672,0.035367,0.046785,0.057857,0.069412,0.074928,0.082437,0.087508,0.091269,0.090589,0.087792,0.082560,0.076772,0.068530,0.056623,NaN,0.029359,0.022856,0.007350,-0.009009,-0.019631,-0.031903,-0.043685,-0.053353,-0.063116,-0.065894,-0.073028,-0.074475,-0.075027,-0.070631,-0.068100,-0.062125,-0.057522,-0.046122,-0.036932,-0.028301,-0.020732,-0.015187,-0.007170,-0.001362,0.005287,0.009641,NaN,NaN,NaN,NaN,NaN
NaN,NaN,NaN,NaN,NaN,NaN,-0.036548,-0.037208,-0.039025,-0.037031,-0.032855,-0.027776,-0.020183,-0.013369,-0.003231,0.004580,0.016186,0.027942,0.038415,0.048860,0.059313,0.067848,0.076458,0.083755,0.089323,0.090157,0.091716,0.088721,0.085041,0.080931,0.075256,0.063411,NaN,0.040681,0.030812,0.018027,0.004073,-0.007642,-0.019928,-0.030636,-0.040792,-0.050964,-0.057931,-0.065080,-0.068831,-0.070755,-0.071267,-0.067898,-0.065521,-0.063250,-0.053078,-0.047245,-0.040841,-0.033997,-0.026915,-0.018828,-0.013259,-0.005643,-0.000652,NaN,NaN,NaN,NaN,NaN
NaN,NaN,NaN,NaN,NaN,NaN,0.027865,0.032921,0.037381,0.043719,0.047432,0.051506,0.057706,0.060721,0.066389,0.067445,0.071688,0.075922,0.078654,0.080890,0.082392,0.080259,0.082524,0.080349,0.082926,0.079073,0.076959,0.075089,0.067362,0.066252,0.065013,0.058985,NaN,0.048466,0.043388,0.039169,0.031924,0.029442,0.021917,0.017273,0.010813,0.004448,-0.001232,-0.005125,-0.010138,-0.011628,-0.016091,-0.021634,-0.024269,-0.025803,-0.029869,-0.030690,-0.032335,-0.031107,-0.031274,-0.030506,-0.029691,-0.029723,-0.027744,NaN,NaN,NaN,NaN,NaN
NaN,NaN,NaN,NaN,NaN,NaN,0.025061,0.030716,0.035804,0.040403,0.045308,0.051257,0.054917,0.061840,0.064424,0.069860,0.073027,0.074537,0.077730,0.081542,0.081676,0.082097,0.083336,0.082595,0.081666,0.080707,0.079284,0.076260,0.072826,0.069126,0.065332,0.055416,NaN,0.048455,0.046425,0.042115,0.033149,0.030016,0.025693,0.017875,0.013810,0.006381,-0.000094,-0.005631,-0.007184,-0.010777,-0.015226,-0.019671,-0.024116,-0.023711,-0.026981,-0.030395,-0.031497,-0.032225,-0.031147,-0.030706,-0.029776,-0.028580,-0.025983,NaN,NaN,NaN,NaN,NaN
NaN,NaN,NaN,NaN,NaN,NaN,0.025751,0.031993,0.037166,0.039496,0.045835,0.052354,0.056019,0.061835,0.065929,0.068978,0.072645,0.075158,0.077702,0.080896,0.082052,0.080741,0.080410,0.082256,0.082531,0.078353,0.077369,0.075650,0.071475,0.068886,0.066448,0.057500,NaN,0.048318,0.045202,0.042618,0.032889,0.030844,0.023329,0.019708,0.015225,0.005746,0.001008,-0.004478,-0.007629,-0.012276,-0.016079,-0.020518,-0.024455,-0.025271,-0.029443,-0.031308,-0.030700,-0.030547,-0.030319,-0.031302,-0.031541,-0.028017,-0.026027,NaN,NaN,NaN,NaN,NaN
NaN,NaN,NaN,NaN,NaN,NaN,-0.030402,-0.028110,-0.027985,-0.025289,-0.020959,-0.015389,-0.008844,-0.001624,0.007028,0.014152,0.025703,0.033591,0.043410,0.051399,0.060412,0.069866,0.073406,0.078504,0.079450,0.083848,0.082154,0.080501,0.074892,0.071421,0.064160,0.054783,NaN,0.038677,0.030495,0.019575,0.007086,-0.000758,-0.013433,-0.021262,-0.030332,-0.039702,-0.047093,-0.053396,-0.056537,-0.058017,-0.060573,-0.060985,-0.059339,-0.058173,-0.050703,-0.048674,-0.041096,-0.036606,-0.032202,-0.026279,-0.020353,-0.011789,-0.007877,NaN,NaN,NaN,NaN,NaN
NaN,NaN,NaN,NaN,NaN,NaN,-0.036421,-0.036832,-0.037099,-0.036097,-0.032689,-0.026946,-0.021447,-0.011554,-0.003761,0.006349,0.018127,0.029540,0.039543,0.049939,0.058520,0.070586,0.077586,0.086879,0.086865,0.089852,0.092854,0.088390,0.085452,0.081842,0.071985,0.059688,NaN,0.039309,0.030339,0.017030,0.002080,-0.009135,-0.020322,-0.031852,-0.043079,-0.050103,-0.060314,-0.063611,-0.067665,-0.069939,-0.068773,-0.069706,-0.063936,-0.062073,-0.052461,-0.049507,-0.039486,-0.032743,-0.026322,-0.020020,-0.012854,-0.005290,0.000397,NaN,NaN,NaN,NaN,NaN
NaN,NaN,NaN,NaN,NaN,NaN,0.020255,0.026084,0.031508,0.035727,0.043248,0.048490,0.053075,0.058150,0.062373,0.068647,0.071494,0.075708,0.078779,0.081261,0.080004,0.084367,0.080855,0.083583,0.081169,0.078077,0.076400,0.074954,0.067909,0.065491,0.061146,0.054296,NaN,0.038829,0.038891,0.032249,0.021792,0.018150,0.015325,0.006766,0.001715,-0.007355,-0.014718,-0.020655,-0.021442,-0.026443,-0.029360,-0.037163,-0.037192,-0.039230,-0.039683,-0.041488,-0.041787,-0.041443,-0.038883,-0.038007,-0.036460,-0.032921,-0.029483,NaN,NaN,NaN,NaN,NaN
NaN,NaN,NaN,NaN,NaN,NaN,-0.037726,-0.041452,-0.042899,-0.044832,-0.040542,-0.038141,-0.032015,-0.025692,-0.016821,-0.007997,0.003413,0.016617,0.026697,0.039864,0.051813,0.062231,0.072665,0.080021,0.085476,0.090707,0.092640,0.090903,0.084532,0.080945,0.074276,0.065579,NaN,0.041343,0.028557,0.018384,0.000466,-0.009045,-0.023116,-0.035868,-0.045651,-0.056071,-0.062575,-0.066939,-0.072201,-0.071694,-0.073422,-0.067335,-0.063381,-0.057794,-0.050665,-0.040870,-0.032291,-0.026521,-0.019647,-0.011752,-0.004865,0.001605,0.006556,NaN,NaN,NaN,NaN,NaN
NaN,NaN,NaN,NaN,NaN,NaN,0.001106,0.004317,0.010055,0.016634,0.020206,0.027215,0.036675,0.041364,0.048128,0.053760,0.061574,0.067529,0.072249,0.076778,0.083172,0.082519,0.084738,0.086328,0.087244,0.085047,0.083333,0.082062,0.074566,0.072840,0.069078,0.060589,NaN,0.045902,0.039032,0.031833,0.022169,0.017236,0.008043,-0.001142,-0.008471,-0.018179,-0.022752,-0.030131,-0.033443,-0.039286,-0.043778,-0.046605,-0.047492,-0.050802,-0.050954,-0.050115,-0.049269,-0.045623,-0.044123,-0.041424,-0.038139,-0.034420,-0.028535,NaN,NaN,NaN,NaN,NaN
NaN,NaN,NaN,NaN,NaN,NaN,0.029746,0.035387,0.038020,0.044492,0.049270,0.055133,0.058352,0.061854,0.065113,0.071115,0.073465,0.075168,0.075748,0.077865,0.079178,0.077406,0.076820,0.075082,0.074631,0.073473,0.070457,0.066768,0.062252,0.063984,0.056293,0.049706,NaN,0.036513,0.037818,0.029134,0.020707,0.018440,0.012623,0.006160,0.001317,-0.006434,-0.008666,-0.015670,-0.016531,-0.021078,-0.024072,-0.029985,-0.030347,-0.032396,-0.034619,-0.036935,-0.034999,-0.034972,-0.037176,-0.034393,-0.033537,-0.029988,-0.027499,NaN,NaN,NaN,NaN,NaN
NaN,NaN,NaN,NaN,NaN,NaN,0.005119,0.007415,0.012796,0.017199,0.026271,0.031099,0.037244,0.045111,0.051553,0.058757,0.064567,0.070056,0.073804,0.077943,0.081821,0.084852,0.084796,0.085329,0.083189,0.082206,0.082199,0.078533,0.071465,0.068742,0.061061,0.052345,NaN,0.035975,0.033807,0.023947,0.015258,0.007261,0.001056,-0.007422,-0.015522,-0.025619,-0.029016,-0.034829,-0.037961,-0.044576,-0.047171,-0.052368,-0.052749,-0.052357,-0.052006,-0.051913,-0.050842,-0.046804,-0.045585,-0.043426,-0.037224,-0.031820,-0.028359,NaN,NaN,NaN,NaN,NaN
NaN,NaN,NaN,NaN,NaN,NaN,-0.015975,-0.013803,-0.008163,-0.003357,0.002518,0.010949,0.017736,0.026857,0.034688,0.043994,0.050857,0.058184,0.065259,0.071557,0.078536,0.081708,0.085789,0.088534,0.087690,0.087763,0.084351,0.080946,0.075122,0.071978,0.064112,0.055651,NaN,0.035501,0.030445,0.018724,0.009383,-0.000746,-0.009862,-0.020494,-0.028889,-0.038110,-0.043208,-0.049543,-0.055239,-0.058433,-0.060699,-0.063641,-0.061148,-0.061482,-0.057557,-0.055464,-0.050006,-0.046011,-0.042486,-0.037759,-0.031812,-0.024868,-0.019773,NaN,NaN,NaN,NaN,NaN
NaN,NaN,NaN,NaN,NaN,NaN,0.014315,0.020659,0.023590,0.029538,0.034618,0.039026,0.046066,0.051085,0.055477,0.061045,0.066317,0.071761,0.075451,0.079483,0.081818,0.081949,0.083795,0.085077,0.086243,0.084201,0.081927,0.084564,0.074761,0.074023,0.071620,0.064494,NaN,0.054807,0.051010,0.044486,0.038172,0.033765,0.029326,0.024479,0.015554,0.008141,0.002698,-0.002801,-0.008300,-0.015338,-0.019005,-0.022364,-0.025214,-0.029806,-0.030391,-0.032253,-0.034784,-0.032773,-0.035185,-0.032282,-0.032180,-0.031336,-0.027994,NaN,NaN,NaN,NaN,NaN
NaN,NaN,NaN,NaN,NaN,NaN,0.031821,0.036372,0.042055,0.046829,0.049059,0.055540,0.058507,0.061351,0.065663,0.069507,0.073399,0.074461,0.076416,0.079974,0.079950,0.078813,0.079873,0.080590,0.078961,0.077763,0.078110,0.075134,0.069043,0.069372,0.066821,0.060138,NaN,0.052707,0.049982,0.046363,0.037917,0.037566,0.032064,0.028395,0.024545,0.014562,0.011422,0.005900,0.005407,0.002046,-0.002178,-0.005910,-0.010953,-0.012908,-0.017232,-0.019037,-0.018550,-0.021249,-0.019507,-0.021475,-0.022173,-0.022763,-0.021763,NaN,NaN,NaN,NaN,NaN
NaN,NaN,NaN,NaN,NaN,NaN,-0.013092,-0.009016,-0.005785,-0.000629,0.005647,0.014218,0.022010,0.029825,0.039038,0.046231,0.052905,0.061419,0.067330,0.071767,0.076555,0.083149,0.083650,0.085348,0.085068,0.082327,0.082491,0.076716,0.069973,0.066254,0.057743,0.048007,NaN,0.030680,0.021467,0.013288,0.001837,-0.006446,-0.015906,-0.026033,-0.033401,-0.042763,-0.049057,-0.050853,-0.056229,-0.058748,-0.061706,-0.063246,-0.060176,-0.060026,-0.056637,-0.053202,-0.048781,-0.045436,-0.040237,-0.035957,-0.030078,-0.023170,-0.017975,NaN,NaN,NaN,NaN,NaN
NaN,NaN,NaN,NaN,NaN,NaN,0.005960,0.010723,0.015268,0.020954,0.026549,0.033683,0.038964,0.044910,0.052001,0.058361,0.064957,0.067312,0.072531,0.078070,0.081975,0.083399,0.085561,0.087840,0.089702,0.088249,0.087215,0.082317,0.076737,0.075923,0.070628,0.063967,NaN,0.051193,0.048098,0.041266,0.033561,0.027086,0.021464,0.013600,0.007771,-0.001607,-0.008416,-0.013645,-0.017910,-0.024011,-0.028751,-0.033819,-0.036914,-0.037614,-0.040531,-0.041288,-0.039963,-0.041261,-0.040306,-0.038122,-0.036492,-0.032928,-0.029177,NaN,NaN,NaN,NaN,NaN
NaN,NaN,NaN,NaN,NaN,NaN,0.027929,0.032575,0.037091,0.042165,0.047060,0.052306,0.057206,0.062058,0.065037,0.069894,0.073415,0.075545,0.076052,0.079113,0.078984,0.081406,0.080186,0.079857,0.077700,0.075443,0.073542,0.070891,0.066035,0.064813,0.061978,0.052478,NaN,0.043293,0.041628,0.036403,0.029417,0.025870,0.017725,0.011876,0.006957,-0.000419,-0.005988,-0.009658,-0.011404,-0.015190,-0.018606,-0.025880,-0.027631,-0.029366,-0.031073,-0.033143,-0.033787,-0.033469,-0.033031,-0.033175,-0.030874,-0.028796,-0.027239,NaN,NaN,NaN,NaN,NaN
NaN,NaN,NaN,NaN,NaN,NaN,0.014803,0.019466,0.023895,0.030475,0.037049,0.042736,0.048740,0.054299,0.060034,0.064620,0.071293,0.073684,0.076247,0.080059,0.079776,0.083693,0.083037,0.082581,0.081672,0.079328,0.075690,0.072016,0.065526,0.064265,0.057272,0.050736,NaN,0.034776,0.031641,0.024248,0.015036,0.009725,0.000531,-0.006086,-0.013016,-0.019823,-0.026921,-0.031388,-0.032933,-0.038038,-0.040849,-0.046192,-0.046435,-0.048689,-0.049337,-0.048551,-0.046591,-0.046053,-0.044408,-0.041043,-0.039906,-0.034070,-0.029370,NaN,NaN,NaN,NaN,NaN
NaN,NaN,NaN,NaN,NaN,NaN,0.026567,0.032392,0.035316,0.041625,0.045392,0.051948,0.055905,0.060948,0.065403,0.067621,0.072110,0.075717,0.077301,0.079696,0.081103,0.080076,0.081699,0.079344,0.081906,0.077299,0.078972,0.075283,0.067318,0.066307,0.062250,0.057960,NaN,0.048554,0.044293,0.039299,0.031725,0.027951,0.021429,0.017609,0.012832,0.004695,-0.001252,-0.005003,-0.010021,-0.013438,-0.019058,-0.021158,-0.025849,-0.026052,-0.029173,-0.030590,-0.030572,-0.031504,-0.031485,-0.029193,-0.029803,-0.028578,-0.026483,NaN,NaN,NaN,NaN,NaN
NaN,NaN,NaN,NaN,NaN,NaN,0.021278,0.027337,0.031524,0.036656,0.042832,0.046997,0.055220,0.058284,0.063048,0.067248,0.071781,0.075470,0.075824,0.078553,0.080794,0.081057,0.081433,0.079099,0.078779,0.077908,0.074364,0.071060,0.065852,0.064192,0.058148,0.050910,NaN,0.038143,0.035126,0.028733,0.020094,0.016988,0.009730,0.001461,-0.004093,-0.009692,-0.018253,-0.021934,-0.023718,-0.026813,-0.031431,-0.037635,-0.038500,-0.039882,-0.040362,-0.042450,-0.041576,-0.039753,-0.040404,-0.037805,-0.037135,-0.032133,-0.030429,NaN,NaN,NaN,NaN,NaN
NaN,NaN,NaN,NaN,NaN,NaN,0.004152,0.008504,0.013400,0.018423,0.023812,0.030408,0.035531,0.042880,0.048890,0.055262,0.061596,0.067591,0.072124,0.075492,0.080901,0.083039,0.085338,0.085282,0.088670,0.089417,0.088076,0.086523,0.080735,0.079375,0.075186,0.069734,NaN,0.056679,0.054599,0.048001,0.039915,0.035122,0.027599,0.019213,0.011775,0.003714,-0.003427,-0.008562,-0.013916,-0.019451,-0.025573,-0.029584,-0.033964,-0.036347,-0.037437,-0.040289,-0.040986,-0.040863,-0.039858,-0.037492,-0.036412,-0.032747,-0.030297,NaN,NaN,NaN,NaN,NaN
NaN,NaN,NaN,NaN,NaN,NaN,0.026196,0.031596,0.034659,0.041241,0.045315,0.050327,0.053842,0.061039,0.064619,0.069960,0.071654,0.075275,0.078056,0.080727,0.080542,0.084450,0.080175,0.082913,0.080531,0.080417,0.077980,0.075600,0.073362,0.070468,0.065820,0.059313,NaN,0.048575,0.048782,0.044117,0.034599,0.032454,0.028839,0.020287,0.015460,0.008561,0.003162,-0.001957,-0.005068,-0.009449,-0.012789,-0.018183,-0.022407,-0.023270,-0.027147,-0.028501,-0.030340,-0.029016,-0.029997,-0.030717,-0.029905,-0.027338,-0.025118,NaN,NaN,NaN,NaN,NaN
NaN,NaN,NaN,NaN,NaN,NaN,0.012652,0.018463,0.022516,0.029417,0.033153,0.040262,0.045786,0.050980,0.056288,0.061946,0.067896,0.072755,0.075404,0.078499,0.080538,0.085158,0.084609,0.088688,0.085805,0.085079,0.085822,0.083621,0.078869,0.080120,0.076234,0.070440,NaN,0.056381,0.055045,0.049209,0.042295,0.037080,0.031608,0.024182,0.020716,0.009770,0.005656,-0.002199,-0.004937,-0.010367,-0.015294,-0.021187,-0.023841,-0.028060,-0.028039,-0.033511,-0.032872,-0.033099,-0.034245,-0.033538,-0.032897,-0.031475,-0.026080,NaN,NaN,NaN,NaN,NaN
NaN,NaN,NaN,NaN,NaN,NaN,0.029347,0.032831,0.036688,0.043446,0.048539,0.053208,0.057943,0.062632,0.068242,0.069998,0.071000,0.076356,0.078102,0.078731,0.080574,0.078574,0.079193,0.077219,0.076166,0.075615,0.070655,0.071847,0.062164,0.063065,0.057930,0.050525,NaN,0.042095,0.037357,0.034879,0.025908,0.023413,0.018163,0.011110,0.006801,0.000230,-0.006846,-0.011004,-0.013844,-0.018361,-0.022613,-0.025534,-0.029719,-0.030639,-0.033176,-0.033323,-0.033874,-0.035021,-0.033830,-0.032144,-0.032041,-0.029906,-0.028988,NaN,NaN,NaN,NaN,NaN
NaN,NaN,NaN,NaN,NaN,NaN,0.012192,0.017358,0.021975,0.028270,0.033803,0.040769,0.047103,0.052917,0.058088,0.062525,0.068740,0.073255,0.078416,0.079285,0.081131,0.085024,0.083894,0.083514,0.083251,0.083367,0.080207,0.075379,0.070612,0.066274,0.063005,0.052758,NaN,0.039369,0.036946,0.028506,0.018934,0.016236,0.007210,-0.001439,-0.007108,-0.015921,-0.020758,-0.027191,-0.030774,-0.036435,-0.039538,-0.045131,-0.045748,-0.047721,-0.045794,-0.048017,-0.044912,-0.044696,-0.042850,-0.042622,-0.038148,-0.034571,-0.031502,NaN,NaN,NaN,NaN,NaN
NaN,NaN,NaN,NaN,NaN,NaN,-0.026589,-0.026009,-0.023982,-0.019962,-0.015571,-0.007290,0.000183,0.008296,0.015760,0.023486,0.035173,0.044526,0.052031,0.059843,0.069530,0.076070,0.080022,0.086428,0.087575,0.089142,0.089757,0.087337,0.084311,0.079235,0.075374,0.064344,NaN,0.043942,0.038187,0.027931,0.015318,0.006003,-0.004509,-0.016248,-0.024164,-0.036052,-0.043356,-0.049632,-0.054547,-0.058137,-0.062194,-0.064505,-0.060706,-0.062236,-0.055741,-0.055578,-0.050491,-0.045369,-0.041448,-0.035152,-0.031981,-0.021068,-0.017625,NaN,NaN,NaN,NaN,NaN
NaN,NaN,NaN,NaN,NaN,NaN,0.010083,0.015099,0.020723,0.024189,0.032766,0.037892,0.045507,0.049327,0.055305,0.062745,0.065962,0.072864,0.074590,0.081428,0.083187,0.085357,0.084411,0.085774,0.083689,0.084731,0.081109,0.077647,0.074954,0.071176,0.065334,0.057556,NaN,0.044447,0.041218,0.031326,0.023658,0.020411,0.011576,0.004249,-0.004624,-0.012959,-0.017312,-0.022523,-0.027547,-0.031262,-0.037841,-0.040812,-0.042809,-0.044330,-0.044263,-0.045407,-0.045069,-0.044708,-0.043167,-0.041215,-0.037653,-0.033330,-0.030632,NaN,NaN,NaN,NaN,NaN
NaN,NaN,NaN,NaN,NaN,NaN,0.028352,0.034511,0.037738,0.043067,0.047988,0.052116,0.058655,0.062025,0.066012,0.071032,0.073137,0.075162,0.077888,0.078532,0.081157,0.081090,0.081123,0.079185,0.079234,0.075392,0.075139,0.071510,0.067165,0.064384,0.060770,0.055090,NaN,0.042807,0.042094,0.037247,0.026782,0.024981,0.018337,0.013727,0.005622,0.000959,-0.006018,-0.007779,-0.011413,-0.015763,-0.019417,-0.025618,-0.029036,-0.027641,-0.031959,-0.034587,-0.033794,-0.033086,-0.033310,-0.033921,-0.032248,-0.029508,-0.027522,NaN,NaN,NaN,NaN,NaN
NaN,NaN,NaN,NaN,NaN,NaN,-0.026466,-0.024290,-0.024703,-0.018069,-0.013795,-0.006162,0.000814,0.009485,0.017962,0.025966,0.039050,0.047286,0.056234,0.063264,0.072443,0.078327,0.082710,0.087441,0.089756,0.089953,0.089014,0.089740,0.083128,0.077528,0.070511,0.060390,NaN,0.043794,0.037186,0.025440,0.010712,0.002710,-0.004818,-0.017191,-0.027335,-0.036228,-0.044685,-0.051242,-0.055602,-0.059671,-0.059593,-0.064104,-0.063601,-0.062591,-0.056597,-0.055476,-0.049032,-0.043988,-0.041767,-0.034681,-0.029773,-0.021563,-0.016136,NaN,NaN,NaN,NaN,NaN
NaN,NaN,NaN,NaN,NaN,NaN,0.030070,0.034170,0.038182,0.042981,0.049114,0.053639,0.057906,0.063500,0.064812,0.071898,0.073916,0.076140,0.077719,0.079610,0.079764,0.081300,0.079111,0.079681,0.079058,0.074689,0.074177,0.067980,0.065602,0.063002,0.058257,0.050052,NaN,0.041957,0.039168,0.033098,0.027713,0.021044,0.016053,0.010450,0.005493,-0.002775,-0.007401,-0.010494,-0.013423,-0.018775,-0.021134,-0.026343,-0.028185,-0.030904,-0.031771,-0.033946,-0.034600,-0.036642,-0.033671,-0.034447,-0.032565,-0.029914,-0.026073,NaN,NaN,NaN,NaN,NaN
NaN,NaN,NaN,NaN,NaN,NaN,-0.039641,-0.041311,-0.045592,-0.042860,-0.044445,-0.040142,-0.035662,-0.029262,-0.021415,-0.011928,-0.001124,0.012360,0.023026,0.035472,0.046505,0.060839,0.066617,0.077906,0.083443,0.088531,0.092490,0.090899,0.090779,0.083966,0.079077,0.068703,NaN,0.043367,0.037311,0.025964,0.008250,-0.003967,-0.018217,-0.031144,-0.042142,-0.053272,-0.058917,-0.065024,-0.069866,-0.069978,-0.071219,-0.070010,-0.063693,-0.060845,-0.050217,-0.045393,-0.036218,-0.029036,-0.021414,-0.015468,-0.007127,-0.000594,0.004827,NaN,NaN,NaN,NaN,NaN
NaN,NaN,NaN,NaN,NaN,NaN,0.018715,0.023701,0.027161,0.034201,0.038263,0.045744,0.049748,0.056460,0.060491,0.065322,0.069831,0.072862,0.078903,0.082312,0.083224,0.083964,0.083764,0.083786,0.084113,0.083850,0.079489,0.076758,0.072904,0.070822,0.066522,0.058476,NaN,0.046265,0.042606,0.039748,0.030471,0.026322,0.019512,0.014969,0.007836,-0.000146,-0.007201,-0.012901,-0.014513,-0.021904,-0.024770,-0.029816,-0.034323,-0.035610,-0.036344,-0.037658,-0.038108,-0.038520,-0.037253,-0.036505,-0.034528,-0.033528,-0.029910,NaN,NaN,NaN,NaN,NaN
NaN,NaN,NaN,NaN,NaN,NaN,0.025206,0.031337,0.035655,0.042558,0.045295,0.050643,0.054824,0.059870,0.063990,0.067369,0.070213,0.073047,0.076584,0.079569,0.081817,0.079641,0.082179,0.080892,0.080363,0.078384,0.076897,0.075068,0.068309,0.068299,0.065970,0.059085,NaN,0.049656,0.043437,0.042198,0.031027,0.030371,0.024096,0.018801,0.013794,0.007679,-0.000770,-0.005809,-0.007549,-0.011607,-0.015211,-0.019401,-0.023467,-0.023710,-0.025402,-0.029066,-0.029672,-0.030736,-0.029795,-0.029588,-0.029526,-0.027641,-0.026383,NaN,NaN,NaN,NaN,NaN
NaN,NaN,NaN,NaN,NaN,NaN,0.004717,0.009406,0.013508,0.019697,0.027947,0.033738,0.038947,0.047606,0.054387,0.061681,0.065491,0.070097,0.075181,0.080192,0.083166,0.084991,0.086614,0.086386,0.084154,0.083831,0.078718,0.074373,0.071425,0.067453,0.059282,0.053333,NaN,0.035000,0.032416,0.022132,0.011179,0.005720,-0.002966,-0.012542,-0.017743,-0.027032,-0.031349,-0.037034,-0.039347,-0.044682,-0.050192,-0.054198,-0.052990,-0.054244,-0.052484,-0.051588,-0.049834,-0.048922,-0.045542,-0.043291,-0.039807,-0.032628,-0.028381,NaN,NaN,NaN,NaN,NaN
NaN,NaN,NaN,NaN,NaN,NaN,0.026641,0.030914,0.037021,0.042085,0.046135,0.051512,0.056169,0.061529,0.064980,0.070137,0.072991,0.075761,0.079009,0.080509,0.081891,0.084055,0.080318,0.082695,0.081404,0.080305,0.077595,0.075514,0.071182,0.069258,0.066080,0.057237,NaN,0.051050,0.045769,0.041399,0.032215,0.030169,0.025425,0.019031,0.013487,0.005867,0.002084,-0.004665,-0.007396,-0.010761,-0.014253,-0.019251,-0.023563,-0.024786,-0.028183,-0.030612,-0.029999,-0.031585,-0.031069,-0.031179,-0.030592,-0.027094,-0.026089,NaN,NaN,NaN,NaN,NaN
NaN,NaN,NaN,NaN,NaN,NaN,-0.021630,-0.018664,-0.017940,-0.009939,-0.004665,0.004904,0.013416,0.020554,0.029717,0.040107,0.047271,0.056888,0.062566,0.069237,0.074872,0.082659,0.087216,0.089687,0.087521,0.086185,0.085503,0.079854,0.078328,0.069762,0.062564,0.049588,NaN,0.029537,0.021120,0.009461,-0.004193,-0.012393,-0.024005,-0.032643,-0.040680,-0.050680,-0.057739,-0.060611,-0.063633,-0.066826,-0.066243,-0.068715,-0.065298,-0.064322,-0.056969,-0.052962,-0.045650,-0.042411,-0.037237,-0.030265,-0.024962,-0.017393,-0.011229,NaN,NaN,NaN,NaN,NaN
NaN,NaN,NaN,NaN,NaN,NaN,0.021001,0.026661,0.031016,0.035065,0.040411,0.046128,0.051719,0.053665,0.056927,0.063373,0.066664,0.070346,0.070666,0.073013,0.073736,0.076283,0.074099,0.071382,0.071596,0.070546,0.065795,0.062749,0.057751,0.057202,0.051951,0.044145,NaN,0.034896,0.028671,0.022912,0.015439,0.009591,0.006540,0.000210,-0.006453,-0.013679,-0.017697,-0.022102,-0.023911,-0.027991,-0.031940,-0.036109,-0.036530,-0.038142,-0.039144,-0.040126,-0.039650,-0.037614,-0.037657,-0.036930,-0.034076,-0.029598,-0.026978,NaN,NaN,NaN,NaN,NaN
NaN,NaN,NaN,NaN,NaN,NaN,0.027265,0.032863,0.035839,0.043114,0.047241,0.052393,0.056283,0.061167,0.066563,0.068969,0.074094,0.075808,0.080032,0.082204,0.081930,0.082190,0.081779,0.081632,0.083407,0.079416,0.079175,0.075942,0.069807,0.068361,0.065570,0.057374,NaN,0.049362,0.044460,0.040485,0.031567,0.028990,0.024253,0.018392,0.013798,0.003152,-0.000874,-0.005124,-0.007336,-0.013046,-0.015754,-0.022064,-0.025087,-0.026655,-0.027985,-0.030612,-0.029868,-0.032242,-0.031706,-0.030347,-0.031557,-0.029486,-0.026158,NaN,NaN,NaN,NaN,NaN
NaN,NaN,NaN,NaN,NaN,NaN,-0.007855,-0.005029,-0.000574,0.004429,0.011154,0.018242,0.027140,0.034391,0.041163,0.046683,0.056163,0.064798,0.068950,0.076848,0.080688,0.082922,0.088261,0.086933,0.090230,0.087642,0.086146,0.084377,0.076773,0.074284,0.070052,0.061906,NaN,0.042954,0.037970,0.029151,0.015892,0.008627,0.000765,-0.007494,-0.016765,-0.026595,-0.034278,-0.040049,-0.042061,-0.047665,-0.052715,-0.055058,-0.056595,-0.057441,-0.056232,-0.054089,-0.051614,-0.048511,-0.045196,-0.042954,-0.036772,-0.031524,-0.026333,NaN,NaN,NaN,NaN,NaN
NaN,NaN,NaN,NaN,NaN,NaN,-0.026921,-0.025142,-0.022157,-0.017676,-0.012106,-0.004725,0.002335,0.008974,0.018614,0.029391,0.036531,0.050085,0.056146,0.063586,0.071209,0.080401,0.082808,0.088456,0.087955,0.091902,0.089523,0.088551,0.081949,0.077928,0.070619,0.062118,NaN,0.041529,0.033997,0.023927,0.010826,0.002282,-0.008327,-0.018066,-0.028727,-0.038348,-0.045974,-0.053237,-0.057091,-0.059694,-0.061319,-0.064595,-0.062323,-0.063629,-0.057843,-0.054457,-0.050259,-0.046379,-0.040820,-0.034880,-0.028990,-0.020246,-0.015385,NaN,NaN,NaN,NaN,NaN
NaN,NaN,NaN,NaN,NaN,NaN,0.031223,0.033619,0.043070,0.043772,0.053249,0.054086,0.059690,0.064757,0.067415,0.071627,0.073803,0.077719,0.077607,0.078785,0.075358,0.079573,0.075496,0.077915,0.072894,0.071714,0.068979,0.063670,0.061936,0.058814,0.053028,0.043601,NaN,0.035115,0.032679,0.025628,0.020214,0.016781,0.010415,0.004350,0.001111,-0.007077,-0.013524,-0.018244,-0.019262,-0.022782,-0.026619,-0.032866,-0.032782,-0.035230,-0.036534,-0.038157,-0.036945,-0.038021,-0.037102,-0.036891,-0.032752,-0.030787,-0.027492,NaN,NaN,NaN,NaN,NaN
NaN,NaN,NaN,NaN,NaN,NaN,-0.037016,-0.040680,-0.044352,-0.043048,-0.041073,-0.036017,-0.029683,-0.022778,-0.013621,-0.004400,0.009412,0.021809,0.032854,0.044473,0.055007,0.066263,0.073338,0.083271,0.087315,0.091442,0.092587,0.092833,0.086545,0.082208,0.073739,0.059720,NaN,0.035101,0.025728,0.013917,-0.005024,-0.014506,-0.026999,-0.038828,-0.051126,-0.058147,-0.067933,-0.070538,-0.073729,-0.073204,-0.070933,-0.069591,-0.062297,-0.060543,-0.048709,-0.042885,-0.032254,-0.024936,-0.017583,-0.009913,-0.002840,0.004780,0.008418,NaN,NaN,NaN,NaN,NaN
NaN,NaN,NaN,NaN,NaN,NaN,-0.023740,-0.021074,-0.017659,-0.013807,-0.007339,0.000206,0.010372,0.015546,0.026096,0.034793,0.045187,0.053065,0.061020,0.070082,0.074347,0.082285,0.085079,0.089915,0.090004,0.088934,0.086827,0.083204,0.078775,0.071965,0.065513,0.054696,NaN,0.032052,0.027669,0.012899,0.000731,-0.007660,-0.018193,-0.028891,-0.036968,-0.046655,-0.053505,-0.057980,-0.062762,-0.065412,-0.066959,-0.066424,-0.064913,-0.064671,-0.057558,-0.053396,-0.048846,-0.042521,-0.038473,-0.031333,-0.024088,-0.018013,-0.013062,NaN,NaN,NaN,NaN,NaN
NaN,NaN,NaN,NaN,NaN,NaN,-0.028954,-0.027409,-0.026463,-0.023416,-0.017927,-0.011169,-0.003885,0.004053,0.013031,0.021140,0.032856,0.041978,0.051739,0.060234,0.065900,0.074830,0.080759,0.086229,0.089177,0.089038,0.091901,0.090066,0.085507,0.083422,0.077313,0.069292,NaN,0.049160,0.043552,0.032015,0.019986,0.010637,-0.001504,-0.010035,-0.020476,-0.029893,-0.039092,-0.046659,-0.053079,-0.058107,-0.058294,-0.062208,-0.060440,-0.061386,-0.058596,-0.056045,-0.050862,-0.044727,-0.041376,-0.037588,-0.030804,-0.024789,-0.018642,NaN,NaN,NaN,NaN,NaN
NaN,NaN,NaN,NaN,NaN,NaN,0.026814,0.031435,0.035853,0.041183,0.046757,0.050650,0.056148,0.061358,0.065521,0.070961,0.073636,0.075867,0.081336,0.080410,0.082403,0.085527,0.082792,0.083264,0.082619,0.082691,0.079642,0.078324,0.071964,0.071175,0.067967,0.060081,NaN,0.050251,0.047231,0.044143,0.033087,0.031006,0.026450,0.021527,0.014887,0.008578,0.001884,-0.004080,-0.006488,-0.010250,-0.012844,-0.019029,-0.022942,-0.022934,-0.027933,-0.030238,-0.031469,-0.031384,-0.031340,-0.030936,-0.030626,-0.029534,-0.027015,NaN,NaN,NaN,NaN,NaN
NaN,NaN,NaN,NaN,NaN,NaN,0.009201,0.014779,0.020124,0.025145,0.031470,0.038619,0.044003,0.051638,0.056320,0.063670,0.068570,0.071289,0.078139,0.080846,0.082154,0.086244,0.085321,0.084739,0.084189,0.086267,0.083942,0.080112,0.076018,0.070538,0.066792,0.058765,NaN,0.043488,0.042964,0.033435,0.024770,0.018453,0.011862,0.005079,-0.002891,-0.010147,-0.019696,-0.023020,-0.025957,-0.032094,-0.036389,-0.040551,-0.044171,-0.044820,-0.043174,-0.046078,-0.045191,-0.044780,-0.042865,-0.042708,-0.039257,-0.035269,-0.029791,NaN,NaN,NaN,NaN,NaN
NaN,NaN,NaN,NaN,NaN,NaN,0.010795,0.016675,0.020639,0.025988,0.032544,0.040562,0.046703,0.050730,0.057755,0.064980,0.068746,0.073528,0.076791,0.081253,0.083663,0.085631,0.087366,0.086077,0.087367,0.085290,0.082253,0.079266,0.072952,0.070683,0.065816,0.059021,NaN,0.045109,0.038655,0.032897,0.021178,0.018314,0.011079,0.003278,-0.003132,-0.013471,-0.019149,-0.023638,-0.028389,-0.032619,-0.037984,-0.041650,-0.043228,-0.045309,-0.046310,-0.046089,-0.046034,-0.044397,-0.044081,-0.042964,-0.038168,-0.032960,-0.031372,NaN,NaN,NaN,NaN,NaN
NaN,NaN,NaN,NaN,NaN,NaN,0.003633,0.008008,0.013268,0.018577,0.025667,0.033079,0.040033,0.045537,0.052631,0.057433,0.065124,0.069861,0.073201,0.079895,0.083049,0.086382,0.085587,0.086070,0.086784,0.084767,0.083757,0.081910,0.072871,0.069407,0.065538,0.055795,NaN,0.038979,0.033285,0.026278,0.016023,0.008223,0.001434,-0.006279,-0.014680,-0.023861,-0.028775,-0.036452,-0.038314,-0.043799,-0.046767,-0.052012,-0.052173,-0.053852,-0.053699,-0.052790,-0.049668,-0.047464,-0.047724,-0.042938,-0.040698,-0.034049,-0.028616,NaN,NaN,NaN,NaN,NaN
NaN,NaN,NaN,NaN,NaN,NaN,0.011918,0.016338,0.020592,0.025975,0.032565,0.039113,0.044218,0.050397,0.056004,0.063595,0.070395,0.074381,0.078341,0.079551,0.083776,0.086559,0.085316,0.087195,0.087198,0.084989,0.085339,0.080204,0.075914,0.071099,0.064734,0.056838,NaN,0.043882,0.040218,0.034426,0.024783,0.019650,0.012419,0.004608,-0.001565,-0.011417,-0.016763,-0.023796,-0.026929,-0.031925,-0.035336,-0.041158,-0.042979,-0.044262,-0.045893,-0.046352,-0.044836,-0.043967,-0.041830,-0.041406,-0.038462,-0.034680,-0.029625,NaN,NaN,NaN,NaN,NaN
