NaN,NaN,NaN,NaN,NaN,NaN,0.001251,0.000276,0.000797,0.000881,-0.001024,-0.000231,-0.000096,-0.001158,0.000025,-0.000139,0.000817,0.000447,0.001615,0.000916,-0.000413,0.000749,0.001518,0.000413,-0.001240,0.001252,-0.000549,0.000026,0.000239,-0.000016,-0.001274,0.000480,NaN,-0.001395,0.000322,-0.001174,-0.000929,-0.001252,0.000790,0.001159,-0.000821,0.000580,0.000655,0.001147,-0.000475,-0.000886,0.000318,0.000576,0.000581,-0.001540,0.000742,-0.000906,0.000748,0.000728,0.000432,-0.000247,-0.001096,0.000826,0.001238,NaN,NaN,NaN,NaN,NaN
NaN,NaN,NaN,NaN,NaN,NaN,0.038474,0.040438,0.045065,0.044272,0.045257,0.044756,0.045560,0.041100,0.039383,0.037115,0.031652,0.027808,0.024346,0.015322,0.009652,0.000878,-0.007218,-0.014840,-0.022033,-0.027709,-0.034087,-0.042088,-0.051884,-0.056453,-0.063802,-0.067024,NaN,-0.076089,-0.082820,-0.084373,-0.086342,-0.089001,-0.086691,-0.086057,-0.087521,-0.084529,-0.080504,-0.078002,-0.075842,-0.070077,-0.064775,-0.059410,-0.053616,-0.047894,-0.040155,-0.033185,-0.027917,-0.022782,-0.018776,-0.015178,-0.010067,-0.003260,-0.002328,NaN,NaN,NaN,NaN,NaN
NaN,NaN,NaN,NaN,NaN,NaN,0.006202,0.013685,0.022135,0.028924,0.038417,0.047003,0.055802,0.062252,0.065366,0.069528,0.072446,0.072046,0.070349,0.065434,0.059211,0.049505,0.037494,0.026001,0.014206,0.000704,-0.014345,-0.025423,-0.040363,-0.051598,-0.062140,-0.074927,NaN,-0.086784,-0.090318,-0.092523,-0.090639,-0.090596,-0.082941,-0.076329,-0.068539,-0.054489,-0.043645,-0.033174,-0.023435,-0.011846,0.001864,0.013208,0.020638,0.028479,0.037440,0.039691,0.042370,0.044006,0.044458,0.041431,0.039646,0.033300,0.029451,NaN,NaN,NaN,NaN,NaN
NaN,NaN,NaN,NaN,NaN,NaN,0.038054,0.043164,0.047464,0.049644,0.051529,0.052863,0.054493,0.051978,0.050072,0.049581,0.043776,0.037182,0.031627,0.026923,0.017358,0.008643,-0.001707,-0.011421,-0.019858,-0.028320,-0.035219,-0.046330,-0.057050,-0.064117,-0.069695,-0.077702,NaN,-0.085145,-0.088779,-0.089234,-0.090574,-0.090263,-0.090629,-0.086362,-0.086346,-0.077739,-0.074088,-0.066877,-0.062275,-0.054776,-0.046803,-0.037118,-0.028922,-0.023686,-0.014217,-0.008578,-0.002037,0.003693,0.008432,0.011107,0.013210,0.016527,0.017964,NaN,NaN,NaN,NaN,NaN
NaN,NaN,NaN,NaN,NaN,NaN,0.030587,0.036157,0.041650,0.048666,0.052218,0.058158,0.062084,0.063087,0.064281,0.063207,0.062442,0.061635,0.058312,0.052027,0.045564,0.037800,0.026320,0.018525,0.009989,0.000042,-0.009018,-0.019539,-0.032649,-0.041252,-0.050373,-0.060138,NaN,-0.072742,-0.080283,-0.082983,-0.085730,-0.088610,-0.090402,-0.089587,-0.086082,-0.080882,-0.076770,-0.071012,-0.067080,-0.059856,-0.054140,-0.043035,-0.033982,-0.028043,-0.019131,-0.011424,-0.005631,0.001531,0.004809,0.009730,0.013645,0.016164,0.016140,NaN,NaN,NaN,NaN,NaN
NaN,NaN,NaN,NaN,NaN,NaN,0.038008,0.040829,0.042139,0.044009,0.046215,0.043692,0.041772,0.040480,0.037118,0.037181,0.030096,0.025204,0.019358,0.013593,0.005390,-0.000100,-0.009973,-0.017784,-0.024157,-0.030141,-0.038063,-0.045672,-0.053626,-0.058177,-0.063803,-0.071599,NaN,-0.078451,-0.083220,-0.084943,-0.086470,-0.087340,-0.088443,-0.089153,-0.087114,-0.082907,-0.082891,-0.078074,-0.075643,-0.071188,-0.065383,-0.056389,-0.049806,-0.047634,-0.037742,-0.034345,-0.024806,-0.020199,-0.018394,-0.011850,-0.008839,-0.003508,0.000565,NaN,NaN,NaN,NaN,NaN
NaN,NaN,NaN,NaN,NaN,NaN,0.030906,0.036085,0.040937,0.047348,0.053612,0.060701,0.061090,0.063588,0.063280,0.064245,0.060420,0.054682,0.051443,0.045743,0.034666,0.027732,0.016354,0.006867,-0.003566,-0.014410,-0.025525,-0.034867,-0.049292,-0.058137,-0.068027,-0.074609,NaN,-0.085356,-0.089710,-0.091446,-0.091828,-0.089263,-0.089360,-0.085731,-0.079163,-0.069732,-0.062316,-0.055050,-0.050071,-0.040018,-0.029902,-0.018414,-0.010757,-0.003404,0.005686,0.011607,0.016848,0.020213,0.024573,0.027673,0.028967,0.029387,0.028902,NaN,NaN,NaN,NaN,NaN
NaN,NaN,NaN,NaN,NaN,NaN,0.029585,0.034191,0.040840,0.048444,0.051570,0.057697,0.061513,0.063704,0.063870,0.064751,0.061354,0.057224,0.052485,0.048836,0.040304,0.029035,0.019865,0.009834,0.000971,-0.010748,-0.022828,-0.034779,-0.046430,-0.054426,-0.062890,-0.072281,NaN,-0.084462,-0.085660,-0.088301,-0.089643,-0.092750,-0.088564,-0.087760,-0.079589,-0.072110,-0.063652,-0.056757,-0.051530,-0.044273,-0.033016,-0.021756,-0.012528,-0.006626,0.002938,0.009063,0.014529,0.019772,0.023911,0.026103,0.027575,0.027769,0.027059,NaN,NaN,NaN,NaN,NaN
NaN,NaN,NaN,NaN,NaN,NaN,0.027996,0.034562,0.041475,0.046008,0.052503,0.057735,0.060231,0.063958,0.064465,0.067364,0.062968,0.060832,0.057074,0.049035,0.042939,0.035266,0.024509,0.014111,0.004238,-0.005395,-0.019928,-0.028751,-0.044035,-0.050557,-0.059049,-0.069412,NaN,-0.080516,-0.086992,-0.089167,-0.089830,-0.089681,-0.088416,-0.085795,-0.082320,-0.074634,-0.070073,-0.061632,-0.055559,-0.044551,-0.035750,-0.025005,-0.016023,-0.009354,-0.000235,0.007856,0.013021,0.017960,0.021044,0.026142,0.026212,0.026943,0.025450,NaN,NaN,NaN,NaN,NaN
NaN,NaN,NaN,NaN,NaN,NaN,0.034290,0.035266,0.034296,0.036185,0.034243,0.032681,0.030330,0.026974,0.024299,0.021517,0.015596,0.009884,0.006613,-0.000160,-0.005948,-0.015279,-0.022078,-0.030443,-0.035396,-0.039405,-0.048250,-0.053454,-0.059095,-0.064343,-0.067950,-0.073305,NaN,-0.080805,-0.082156,-0.087283,-0.086386,-0.089028,-0.087784,-0.086744,-0.087203,-0.082946,-0.080898,-0.078997,-0.076400,-0.072466,-0.068129,-0.058784,-0.054314,-0.051249,-0.042599,-0.037681,-0.033137,-0.027938,-0.022565,-0.017915,-0.014987,-0.009143,-0.007073,NaN,NaN,NaN,NaN,NaN
NaN,NaN,NaN,NaN,NaN,NaN,0.021685,0.028576,0.036172,0.043679,0.050249,0.056469,0.060655,0.063437,0.066105,0.068570,0.065238,0.063498,0.061389,0.054874,0.046750,0.036016,0.026357,0.014602,0.005139,-0.007262,-0.018919,-0.029767,-0.044231,-0.053422,-0.062861,-0.073982,NaN,-0.084514,-0.087469,-0.091911,-0.091466,-0.089954,-0.087609,-0.082280,-0.078398,-0.067457,-0.058671,-0.050971,-0.043085,-0.032975,-0.023049,-0.010468,-0.000931,0.004683,0.014384,0.019389,0.025482,0.029385,0.030821,0.034032,0.034728,0.032534,0.029923,NaN,NaN,NaN,NaN,NaN
NaN,NaN,NaN,NaN,NaN,NaN,0.003348,0.009323,0.017495,0.026715,0.035468,0.043978,0.052060,0.059971,0.066212,0.070669,0.073806,0.073102,0.071880,0.066196,0.062496,0.054091,0.043587,0.032534,0.022078,0.007860,-0.005256,-0.019698,-0.035564,-0.046631,-0.057542,-0.067467,NaN,-0.082871,-0.090194,-0.091143,-0.090528,-0.088361,-0.085700,-0.078237,-0.072685,-0.060583,-0.049776,-0.036955,-0.028277,-0.015746,-0.005936,0.007764,0.016578,0.024327,0.031644,0.038159,0.038466,0.039830,0.042861,0.041813,0.040182,0.034063,0.028285,NaN,NaN,NaN,NaN,NaN
NaN,NaN,NaN,NaN,NaN,NaN,0.038162,0.042370,0.047531,0.050775,0.051598,0.054204,0.053562,0.054171,0.052271,0.050542,0.045431,0.039384,0.036239,0.029274,0.021476,0.010845,0.002602,-0.007251,-0.014848,-0.025668,-0.035058,-0.042115,-0.050524,-0.057789,-0.066730,-0.071565,NaN,-0.081130,-0.087337,-0.089368,-0.089901,-0.090728,-0.089006,-0.086928,-0.085913,-0.078560,-0.073813,-0.067564,-0.064910,-0.057209,-0.048738,-0.039447,-0.031343,-0.027174,-0.016880,-0.010920,-0.004374,0.000823,0.005892,0.007809,0.012074,0.015912,0.017807,NaN,NaN,NaN,NaN,NaN
NaN,NaN,NaN,NaN,NaN,NaN,0.002816,0.009406,0.017365,0.025007,0.036364,0.043624,0.053408,0.060464,0.065825,0.072234,0.073592,0.072708,0.073122,0.071205,0.063237,0.055784,0.044664,0.034870,0.021886,0.010446,-0.005215,-0.018723,-0.034133,-0.047158,-0.057513,-0.068234,NaN,-0.082933,-0.089030,-0.090939,-0.091882,-0.089687,-0.086853,-0.080344,-0.073384,-0.059628,-0.050943,-0.039040,-0.029839,-0.017142,-0.006500,0.007265,0.015598,0.023770,0.030656,0.035251,0.039623,0.042955,0.041762,0.042584,0.039535,0.033255,0.028647,NaN,NaN,NaN,NaN,NaN
NaN,NaN,NaN,NaN,NaN,NaN,0.017681,0.023931,0.031487,0.038997,0.045351,0.052897,0.058817,0.063593,0.067221,0.070909,0.069851,0.068670,0.066505,0.063253,0.056766,0.047036,0.038238,0.029299,0.019874,0.007081,-0.004809,-0.017900,-0.029403,-0.040654,-0.051932,-0.062202,NaN,-0.078712,-0.083283,-0.086597,-0.088795,-0.092383,-0.089816,-0.085298,-0.082535,-0.074462,-0.066745,-0.057845,-0.053209,-0.042582,-0.033218,-0.020839,-0.011208,-0.004039,0.006199,0.012952,0.019576,0.023057,0.025933,0.027880,0.031369,0.029795,0.027568,NaN,NaN,NaN,NaN,NaN
NaN,NaN,NaN,NaN,NaN,NaN,0.033291,0.039180,0.044700,0.049704,0.053793,0.057790,0.058517,0.061304,0.060497,0.060037,0.056709,0.052781,0.048925,0.042711,0.034402,0.025393,0.016487,0.005884,-0.001925,-0.013193,-0.022833,-0.032545,-0.045361,-0.049523,-0.060847,-0.069585,NaN,-0.079322,-0.084261,-0.088739,-0.088282,-0.090859,-0.088863,-0.088925,-0.083764,-0.078004,-0.072366,-0.065306,-0.061317,-0.055337,-0.046563,-0.035905,-0.025574,-0.020073,-0.010956,-0.005117,0.003422,0.007567,0.011578,0.014798,0.018010,0.020841,0.019697,NaN,NaN,NaN,NaN,NaN
NaN,NaN,NaN,NaN,NaN,NaN,-0.000046,0.005919,0.013637,0.023360,0.029533,0.043065,0.051060,0.058069,0.065189,0.067438,0.071403,0.074349,0.075140,0.073720,0.070716,0.058121,0.052391,0.040410,0.031254,0.016276,0.004140,-0.011620,-0.024401,-0.037044,-0.049360,-0.063393,NaN,-0.080006,-0.083730,-0.090242,-0.089938,-0.090522,-0.086405,-0.084711,-0.075592,-0.066669,-0.054510,-0.043577,-0.036704,-0.024327,-0.013013,0.000118,0.010706,0.019374,0.027454,0.032430,0.035323,0.039355,0.040390,0.038647,0.037354,0.032851,0.030161,NaN,NaN,NaN,NaN,NaN
NaN,NaN,NaN,NaN,NaN,NaN,0.032643,0.040177,0.045077,0.050055,0.052409,0.057687,0.058807,0.060696,0.060711,0.060845,0.057154,0.052460,0.047836,0.042614,0.034847,0.022644,0.015915,0.006734,-0.002611,-0.011986,-0.023066,-0.031709,-0.043754,-0.052308,-0.060457,-0.068286,NaN,-0.081515,-0.085459,-0.088199,-0.088406,-0.091762,-0.091529,-0.087857,-0.084742,-0.076373,-0.071322,-0.065568,-0.061002,-0.053137,-0.044345,-0.033604,-0.027350,-0.019210,-0.008527,-0.003742,0.002981,0.007156,0.012138,0.015886,0.017227,0.020992,0.021231,NaN,NaN,NaN,NaN,NaN
NaN,NaN,NaN,NaN,NaN,NaN,0.016867,0.021647,0.030623,0.037237,0.046085,0.053165,0.058663,0.064848,0.066045,0.071993,0.069092,0.067052,0.063601,0.058139,0.050106,0.039400,0.029983,0.017611,0.006557,-0.008544,-0.021386,-0.032930,-0.045938,-0.055612,-0.065370,-0.077414,NaN,-0.085537,-0.091304,-0.092236,-0.090870,-0.088488,-0.085564,-0.077475,-0.069138,-0.058292,-0.049413,-0.038865,-0.031454,-0.018577,-0.007094,0.003645,0.012442,0.021684,0.027680,0.033576,0.034995,0.038855,0.039246,0.039075,0.037689,0.034059,0.029736,NaN,NaN,NaN,NaN,NaN
NaN,NaN,NaN,NaN,NaN,NaN,0.034853,0.037392,0.039133,0.039083,0.036096,0.035597,0.033865,0.028288,0.025559,0.023358,0.018563,0.012253,0.006313,-0.000721,-0.008328,-0.017249,-0.026483,-0.031639,-0.038310,-0.046303,-0.054142,-0.060163,-0.066701,-0.070141,-0.075084,-0.080161,NaN,-0.086823,-0.089469,-0.088276,-0.090749,-0.092082,-0.088283,-0.087803,-0.084681,-0.079593,-0.077352,-0.071358,-0.068173,-0.063705,-0.058462,-0.049643,-0.040632,-0.039132,-0.029667,-0.023186,-0.017314,-0.012753,-0.009098,-0.004131,-0.002003,0.003437,0.005265,NaN,NaN,NaN,NaN,NaN
NaN,NaN,NaN,NaN,NaN,NaN,0.025297,0.032227,0.037716,0.044620,0.049566,0.055244,0.060824,0.064619,0.066028,0.066625,0.066472,0.064697,0.060210,0.057167,0.050211,0.040828,0.031900,0.021140,0.014015,0.000995,-0.008355,-0.021496,-0.033093,-0.043503,-0.052630,-0.061024,NaN,-0.074991,-0.080659,-0.085370,-0.087486,-0.090804,-0.089693,-0.087059,-0.083194,-0.077839,-0.069775,-0.064531,-0.060077,-0.050489,-0.042209,-0.029836,-0.021929,-0.014998,-0.004156,0.001100,0.008341,0.014686,0.017884,0.021976,0.023830,0.025545,0.023670,NaN,NaN,NaN,NaN,NaN
NaN,NaN,NaN,NaN,NaN,NaN,0.011770,0.019764,0.028082,0.035605,0.042483,0.051864,0.057622,0.063713,0.067739,0.071596,0.072156,0.071235,0.067879,0.063228,0.054858,0.045694,0.035614,0.024990,0.015506,0.001375,-0.011838,-0.024339,-0.039087,-0.048469,-0.059401,-0.070218,NaN,-0.084386,-0.087605,-0.092193,-0.091289,-0.090349,-0.087486,-0.080810,-0.076575,-0.064603,-0.055881,-0.046489,-0.038267,-0.024093,-0.014185,-0.001335,0.008388,0.013629,0.024439,0.031403,0.033492,0.037744,0.038399,0.037973,0.036539,0.033950,0.029277,NaN,NaN,NaN,NaN,NaN
NaN,NaN,NaN,NaN,NaN,NaN,0.037840,0.042884,0.046011,0.049180,0.051037,0.052160,0.052920,0.052169,0.050985,0.049573,0.042610,0.037369,0.031734,0.025496,0.017245,0.007549,-0.001964,-0.010539,-0.019847,-0.029170,-0.036984,-0.045678,-0.055406,-0.062137,-0.070018,-0.075330,NaN,-0.086531,-0.087656,-0.089278,-0.090015,-0.092653,-0.090180,-0.085901,-0.085432,-0.076375,-0.071267,-0.064882,-0.061336,-0.054815,-0.047328,-0.036808,-0.028471,-0.025284,-0.015640,-0.007359,-0.002285,0.002345,0.007942,0.011216,0.014421,0.016281,0.016815,NaN,NaN,NaN,NaN,NaN
NaN,NaN,NaN,NaN,NaN,NaN,0.013998,0.018855,0.028027,0.034387,0.044140,0.051173,0.057998,0.063036,0.068431,0.070118,0.070000,0.069543,0.066781,0.061870,0.056721,0.045752,0.035757,0.022492,0.010889,-0.001061,-0.012362,-0.026236,-0.039553,-0.049672,-0.058182,-0.070654,NaN,-0.082820,-0.090180,-0.092241,-0.089422,-0.090965,-0.086351,-0.081088,-0.073319,-0.063771,-0.053327,-0.044442,-0.036590,-0.024449,-0.012763,-0.002677,0.007920,0.015223,0.022704,0.030229,0.033957,0.036553,0.036465,0.036951,0.036782,0.032889,0.030874,NaN,NaN,NaN,NaN,NaN
NaN,NaN,NaN,NaN,NaN,NaN,0.036148,0.038691,0.039802,0.041480,0.040314,0.039912,0.038592,0.033482,0.032956,0.028676,0.023538,0.017333,0.011161,0.005662,-0.001924,-0.012183,-0.018811,-0.026670,-0.032346,-0.040684,-0.046390,-0.054272,-0.060503,-0.063982,-0.071355,-0.076377,NaN,-0.082864,-0.086115,-0.089616,-0.089254,-0.091032,-0.090007,-0.088018,-0.086128,-0.082984,-0.076470,-0.074714,-0.070828,-0.066534,-0.061256,-0.050976,-0.045579,-0.042949,-0.033516,-0.026885,-0.022720,-0.015335,-0.011213,-0.008246,-0.004192,0.001089,0.002998,NaN,NaN,NaN,NaN,NaN
NaN,NaN,NaN,NaN,NaN,NaN,0.037775,0.041932,0.047243,0.049962,0.051594,0.054590,0.054153,0.052812,0.050995,0.049179,0.043907,0.037246,0.034904,0.025611,0.018407,0.007161,-0.000158,-0.009630,-0.016980,-0.026802,-0.035417,-0.044630,-0.054072,-0.061537,-0.067954,-0.073999,NaN,-0.082317,-0.086067,-0.087743,-0.091349,-0.090233,-0.089578,-0.087226,-0.084021,-0.078777,-0.071019,-0.067038,-0.063375,-0.054310,-0.047609,-0.039300,-0.028799,-0.025204,-0.016439,-0.010892,-0.003730,0.002790,0.005367,0.009072,0.012709,0.015238,0.016972,NaN,NaN,NaN,NaN,NaN
NaN,NaN,NaN,NaN,NaN,NaN,0.038615,0.041462,0.046201,0.047595,0.050708,0.050323,0.050548,0.049312,0.047162,0.044465,0.039235,0.034744,0.030479,0.024113,0.017524,0.006507,0.001911,-0.008667,-0.016266,-0.025158,-0.033242,-0.041151,-0.050439,-0.056541,-0.060526,-0.067878,NaN,-0.079217,-0.085211,-0.085188,-0.088149,-0.088996,-0.089777,-0.088028,-0.086944,-0.081660,-0.079169,-0.073749,-0.071587,-0.065953,-0.056810,-0.050173,-0.044562,-0.038545,-0.029189,-0.021989,-0.017836,-0.013076,-0.009200,-0.003787,0.000768,0.002656,0.007913,NaN,NaN,NaN,NaN,NaN
NaN,NaN,NaN,NaN,NaN,NaN,0.038290,0.041889,0.043559,0.043853,0.045416,0.045870,0.043510,0.040348,0.038385,0.034933,0.029578,0.024963,0.019172,0.012463,0.002627,-0.005852,-0.016233,-0.022916,-0.031070,-0.039767,-0.047071,-0.055712,-0.061612,-0.067255,-0.072909,-0.079620,NaN,-0.086113,-0.087592,-0.091147,-0.091411,-0.090663,-0.090371,-0.086636,-0.083120,-0.077874,-0.072429,-0.068083,-0.065734,-0.060095,-0.051972,-0.040595,-0.036083,-0.028920,-0.020703,-0.015288,-0.007297,-0.002014,0.000114,0.004058,0.006757,0.010149,0.012855,NaN,NaN,NaN,NaN,NaN
NaN,NaN,NaN,NaN,NaN,NaN,0.013279,0.020307,0.027820,0.035942,0.044983,0.051721,0.057657,0.062536,0.066040,0.070319,0.071356,0.070029,0.068477,0.063018,0.054778,0.045806,0.035951,0.024946,0.013485,0.000902,-0.012540,-0.023490,-0.040131,-0.047919,-0.060436,-0.068968,NaN,-0.084195,-0.089173,-0.090228,-0.091127,-0.090120,-0.088417,-0.081635,-0.074840,-0.063262,-0.056393,-0.044709,-0.036296,-0.025099,-0.015303,-0.002440,0.008659,0.015168,0.022061,0.028084,0.033994,0.036161,0.036798,0.038217,0.036384,0.034155,0.029631,NaN,NaN,NaN,NaN,NaN
NaN,NaN,NaN,NaN,NaN,NaN,0.037708,0.038460,0.039841,0.039938,0.040363,0.039290,0.036240,0.035123,0.031678,0.027525,0.021282,0.015657,0.011649,0.003545,-0.002385,-0.013545,-0.020344,-0.028471,-0.034523,-0.040102,-0.048500,-0.055417,-0.061117,-0.064919,-0.072575,-0.076756,NaN,-0.082598,-0.087450,-0.089103,-0.087802,-0.091297,-0.090192,-0.087687,-0.085638,-0.080272,-0.077204,-0.073716,-0.070696,-0.066459,-0.058863,-0.052254,-0.045200,-0.041839,-0.032664,-0.025676,-0.022417,-0.016117,-0.012814,-0.008819,-0.003359,0.001831,0.004072,NaN,NaN,NaN,NaN,NaN
NaN,NaN,NaN,NaN,NaN,NaN,0.037958,0.041535,0.043236,0.049846,0.047179,0.047365,0.047209,0.045725,0.043258,0.040503,0.034486,0.027030,0.025583,0.017620,0.011185,0.000223,-0.008082,-0.015550,-0.023284,-0.032747,-0.037817,-0.047516,-0.057557,-0.062630,-0.068544,-0.076622,NaN,-0.083344,-0.086017,-0.089642,-0.089852,-0.091192,-0.090543,-0.089035,-0.084703,-0.079479,-0.073312,-0.070840,-0.067529,-0.063264,-0.057374,-0.046034,-0.040448,-0.034777,-0.024563,-0.018632,-0.014374,-0.007795,-0.003798,-0.000493,0.003957,0.007817,0.010780,NaN,NaN,NaN,NaN,NaN
NaN,NaN,NaN,NaN,NaN,NaN,0.029576,0.036181,0.041379,0.047193,0.050931,0.057163,0.060050,0.063146,0.063490,0.062642,0.060432,0.056169,0.054533,0.047690,0.038940,0.027832,0.016729,0.006457,-0.002451,-0.012699,-0.025451,-0.034862,-0.044892,-0.054148,-0.064841,-0.072337,NaN,-0.086171,-0.087405,-0.091876,-0.090074,-0.091987,-0.088701,-0.084091,-0.080815,-0.072903,-0.062572,-0.057308,-0.052174,-0.040535,-0.031766,-0.021753,-0.011613,-0.005599,0.003781,0.010861,0.016612,0.020339,0.024256,0.025553,0.027387,0.028120,0.026200,NaN,NaN,NaN,NaN,NaN
NaN,NaN,NaN,NaN,NaN,NaN,0.031935,0.034134,0.034431,0.035564,0.035381,0.033309,0.034168,0.031455,0.026463,0.023906,0.019561,0.014428,0.011461,0.007208,0.002250,-0.006606,-0.011340,-0.017743,-0.020956,-0.029072,-0.034502,-0.038986,-0.045130,-0.050434,-0.055233,-0.060458,NaN,-0.068146,-0.071860,-0.073827,-0.077782,-0.079425,-0.079441,-0.081780,-0.082041,-0.081583,-0.080798,-0.078964,-0.078695,-0.076199,-0.072380,-0.065655,-0.063109,-0.062218,-0.055625,-0.052452,-0.046483,-0.041630,-0.039480,-0.034711,-0.028767,-0.021967,-0.018757,NaN,NaN,NaN,NaN,NaN
NaN,NaN,NaN,NaN,NaN,NaN,0.013757,0.013142,0.011182,0.009396,0.006622,0.001784,-0.001494,-0.003651,-0.008922,-0.011586,-0.017127,-0.023744,-0.025057,-0.030555,-0.036471,-0.042869,-0.048147,-0.054130,-0.056932,-0.061002,-0.065029,-0.070936,-0.074263,-0.074803,-0.080695,-0.081660,NaN,-0.086802,-0.086860,-0.087263,-0.090681,-0.087062,-0.088736,-0.087125,-0.085614,-0.083581,-0.081750,-0.079170,-0.077862,-0.073010,-0.069809,-0.064070,-0.058576,-0.058510,-0.051146,-0.045404,-0.041513,-0.037547,-0.034973,-0.030426,-0.024084,-0.020833,-0.016929,NaN,NaN,NaN,NaN,NaN
NaN,NaN,NaN,NaN,NaN,NaN,0.032806,0.033221,0.034603,0.035595,0.033269,0.031074,0.028266,0.026234,0.022988,0.019523,0.014869,0.006791,0.002801,-0.003178,-0.008469,-0.017362,-0.024388,-0.031272,-0.036394,-0.042209,-0.046918,-0.056586,-0.060929,-0.066094,-0.068894,-0.077116,NaN,-0.083999,-0.086300,-0.088356,-0.087574,-0.087838,-0.088850,-0.088455,-0.085259,-0.085498,-0.080017,-0.075574,-0.073718,-0.071122,-0.067453,-0.059194,-0.054058,-0.050230,-0.042934,-0.037456,-0.032812,-0.025377,-0.023133,-0.018135,-0.013611,-0.008881,-0.006398,NaN,NaN,NaN,NaN,NaN
NaN,NaN,NaN,NaN,NaN,NaN,0.036198,0.037254,0.038422,0.040149,0.038901,0.037479,0.035998,0.033689,0.030038,0.028204,0.021778,0.014117,0.008817,0.004277,-0.003941,-0.012186,-0.019078,-0.029569,-0.034267,-0.041954,-0.049305,-0.055989,-0.063211,-0.068645,-0.072320,-0.077507,NaN,-0.082152,-0.089961,-0.088766,-0.087315,-0.088593,-0.090578,-0.085541,-0.087045,-0.080555,-0.080049,-0.074894,-0.072213,-0.064490,-0.058332,-0.051846,-0.043289,-0.042643,-0.034350,-0.024890,-0.019450,-0.014926,-0.011521,-0.006861,-0.004538,0.000237,0.003492,NaN,NaN,NaN,NaN,NaN
NaN,NaN,NaN,NaN,NaN,NaN,0.035512,0.038319,0.038708,0.038772,0.039152,0.039628,0.040056,0.036391,0.034636,0.030421,0.025509,0.021949,0.017958,0.011950,0.006837,-0.002947,-0.008936,-0.015151,-0.021500,-0.024877,-0.032296,-0.038851,-0.047344,-0.053306,-0.058894,-0.063840,NaN,-0.073048,-0.076382,-0.078882,-0.081212,-0.083480,-0.083772,-0.084885,-0.084946,-0.082615,-0.081349,-0.078685,-0.076658,-0.074742,-0.071855,-0.062090,-0.059417,-0.056740,-0.048999,-0.043329,-0.037418,-0.032701,-0.029869,-0.025236,-0.019191,-0.013937,-0.010129,NaN,NaN,NaN,NaN,NaN
NaN,NaN,NaN,NaN,NaN,NaN,0.029301,0.030239,0.031709,0.031842,0.030143,0.028239,0.022927,0.021794,0.016587,0.013178,0.008568,0.002534,-0.003612,-0.008951,-0.014938,-0.024377,-0.031852,-0.038448,-0.042182,-0.049518,-0.054724,-0.062046,-0.068609,-0.070065,-0.075779,-0.079705,NaN,-0.085860,-0.086012,-0.090082,-0.088283,-0.090103,-0.091166,-0.087628,-0.086128,-0.082186,-0.078516,-0.074693,-0.074541,-0.068310,-0.063535,-0.056254,-0.050896,-0.048118,-0.041674,-0.034364,-0.027179,-0.022788,-0.019089,-0.015497,-0.012151,-0.005989,-0.003310,NaN,NaN,NaN,NaN,NaN
NaN,NaN,NaN,NaN,NaN,NaN,0.038187,0.040963,0.043734,0.045786,0.047152,0.044496,0.044852,0.042617,0.039920,0.037916,0.034331,0.027016,0.023378,0.019001,0.012723,0.002474,-0.006832,-0.012364,-0.018780,-0.026106,-0.032817,-0.041605,-0.049794,-0.054246,-0.061297,-0.065143,NaN,-0.078083,-0.078410,-0.082658,-0.084397,-0.087569,-0.088049,-0.088085,-0.085879,-0.082455,-0.079303,-0.076260,-0.075097,-0.071090,-0.065357,-0.057626,-0.052369,-0.047861,-0.041461,-0.034183,-0.029640,-0.022452,-0.021239,-0.015119,-0.009076,-0.004850,-0.000777,NaN,NaN,NaN,NaN,NaN
NaN,NaN,NaN,NaN,NaN,NaN,0.026586,0.026445,0.027241,0.025279,0.026571,0.021534,0.019311,0.015789,0.010758,0.009697,0.004750,-0.002657,-0.006154,-0.010972,-0.016158,-0.024648,-0.029833,-0.037168,-0.039562,-0.045373,-0.051968,-0.059450,-0.065411,-0.067700,-0.068870,-0.074894,NaN,-0.081115,-0.086668,-0.084137,-0.085207,-0.084216,-0.087150,-0.085748,-0.087207,-0.083566,-0.084444,-0.079263,-0.079837,-0.072484,-0.068561,-0.064727,-0.059097,-0.057905,-0.049959,-0.044422,-0.039175,-0.035220,-0.032720,-0.027693,-0.022841,-0.015433,-0.012492,NaN,NaN,NaN,NaN,NaN
NaN,NaN,NaN,NaN,NaN,NaN,0.005291,0.013055,0.018618,0.027447,0.035859,0.045238,0.051988,0.060013,0.066834,0.070173,0.073165,0.073254,0.073985,0.071679,0.065325,0.058279,0.049699,0.039870,0.031683,0.018723,0.006473,-0.008101,-0.023045,-0.035343,-0.045516,-0.056772,NaN,-0.074670,-0.081438,-0.085008,-0.087807,-0.092407,-0.090559,-0.088116,-0.081039,-0.074065,-0.067012,-0.055165,-0.047879,-0.038382,-0.027314,-0.015249,-0.004459,0.001725,0.013043,0.017750,0.025247,0.030725,0.030910,0.034251,0.034512,0.033203,0.030536,NaN,NaN,NaN,NaN,NaN
NaN,NaN,NaN,NaN,NaN,NaN,0.013209,0.020948,0.029597,0.037675,0.042189,0.050071,0.057540,0.062496,0.068574,0.068525,0.067752,0.068489,0.066509,0.060395,0.056052,0.044461,0.034291,0.022850,0.014012,-0.000336,-0.011153,-0.026046,-0.037790,-0.049127,-0.060098,-0.070896,NaN,-0.083930,-0.086128,-0.091659,-0.089019,-0.090724,-0.084946,-0.082813,-0.073801,-0.065051,-0.052492,-0.042476,-0.034200,-0.024446,-0.014068,-0.000043,0.007643,0.015526,0.023391,0.029023,0.034761,0.034305,0.037849,0.036522,0.037544,0.033772,0.030283,NaN,NaN,NaN,NaN,NaN
NaN,NaN,NaN,NaN,NaN,NaN,0.008608,0.014964,0.022241,0.031831,0.037373,0.047782,0.056246,0.060808,0.066076,0.068549,0.072195,0.072015,0.072442,0.070686,0.064101,0.052970,0.046454,0.033956,0.025318,0.011136,-0.001062,-0.015451,-0.028080,-0.039162,-0.048992,-0.063340,NaN,-0.077977,-0.082764,-0.088957,-0.088021,-0.091662,-0.087698,-0.086611,-0.079934,-0.068915,-0.059071,-0.051528,-0.044778,-0.034405,-0.022944,-0.010113,-0.000930,0.007913,0.016757,0.021399,0.028671,0.031937,0.034154,0.034269,0.036137,0.032464,0.029841,NaN,NaN,NaN,NaN,NaN
NaN,NaN,NaN,NaN,NaN,NaN,0.037440,0.042674,0.046166,0.048997,0.051877,0.052895,0.053410,0.051552,0.050774,0.049700,0.045950,0.041433,0.036896,0.031489,0.021087,0.015376,0.007488,-0.001090,-0.009272,-0.017154,-0.026729,-0.033665,-0.042806,-0.049720,-0.057348,-0.062129,NaN,-0.073692,-0.078929,-0.082501,-0.084226,-0.086097,-0.089290,-0.088270,-0.086970,-0.083168,-0.078833,-0.076748,-0.073274,-0.067516,-0.062872,-0.053620,-0.047168,-0.043940,-0.033641,-0.028114,-0.022057,-0.016593,-0.012669,-0.006972,-0.003675,0.002769,0.004803,NaN,NaN,NaN,NaN,NaN
NaN,NaN,NaN,NaN,NaN,NaN,0.019239,0.018392,0.018498,0.016521,0.014769,0.011983,0.010073,0.005751,0.003283,-0.001196,-0.006502,-0.013657,-0.014980,-0.018663,-0.025091,-0.032324,-0.036360,-0.040261,-0.044498,-0.051971,-0.055097,-0.060402,-0.064311,-0.067155,-0.069224,-0.071865,NaN,-0.079847,-0.079761,-0.082670,-0.082576,-0.084136,-0.086924,-0.084668,-0.084248,-0.082186,-0.080869,-0.079325,-0.077356,-0.075915,-0.071625,-0.068072,-0.063061,-0.060807,-0.053981,-0.051428,-0.045958,-0.041735,-0.038860,-0.032786,-0.030008,-0.024890,-0.020502,NaN,NaN,NaN,NaN,NaN
NaN,NaN,NaN,NaN,NaN,NaN,0.012974,0.020364,0.027215,0.036102,0.043438,0.051416,0.056972,0.062635,0.067669,0.070638,0.072781,0.069360,0.066564,0.062587,0.055810,0.045128,0.035036,0.024231,0.013188,-0.000329,-0.015135,-0.025932,-0.040054,-0.050378,-0.058934,-0.071166,NaN,-0.083284,-0.090773,-0.090048,-0.092097,-0.089292,-0.086199,-0.079244,-0.074887,-0.062895,-0.054650,-0.045183,-0.037350,-0.026881,-0.011881,-0.002219,0.006926,0.014601,0.022690,0.029010,0.033871,0.036106,0.037475,0.038082,0.038377,0.033322,0.030277,NaN,NaN,NaN,NaN,NaN
NaN,NaN,NaN,NaN,NaN,NaN,0.037064,0.040957,0.045005,0.050249,0.051283,0.053485,0.053769,0.054491,0.052494,0.051609,0.046919,0.041091,0.036482,0.030768,0.020093,0.012615,0.002686,-0.007094,-0.014017,-0.023186,-0.032593,-0.042458,-0.050410,-0.056979,-0.063940,-0.072813,NaN,-0.079235,-0.086858,-0.086373,-0.088349,-0.089539,-0.091255,-0.087529,-0.085919,-0.077693,-0.075455,-0.070008,-0.063855,-0.056909,-0.049327,-0.040782,-0.032033,-0.026340,-0.018350,-0.011823,-0.005335,0.001332,0.004682,0.007769,0.011183,0.013315,0.015653,NaN,NaN,NaN,NaN,NaN
NaN,NaN,NaN,NaN,NaN,NaN,0.036132,0.037701,0.038500,0.038360,0.039641,0.037685,0.034718,0.031526,0.028233,0.026731,0.018888,0.012901,0.008932,0.000955,-0.005531,-0.015866,-0.021104,-0.031204,-0.034863,-0.044381,-0.049538,-0.056168,-0.063942,-0.069286,-0.074101,-0.078370,NaN,-0.084768,-0.090434,-0.088973,-0.091176,-0.089178,-0.092012,-0.087144,-0.086080,-0.080069,-0.077333,-0.072940,-0.070865,-0.063523,-0.057405,-0.050290,-0.044017,-0.038879,-0.031734,-0.025636,-0.020317,-0.012218,-0.012409,-0.005821,-0.002955,0.002039,0.003766,NaN,NaN,NaN,NaN,NaN
NaN,NaN,NaN,NaN,NaN,NaN,0.035755,0.041089,0.046929,0.049528,0.053986,0.056094,0.057930,0.059475,0.058723,0.057424,0.053651,0.050526,0.046939,0.039202,0.034339,0.024302,0.016766,0.005869,-0.000931,-0.010698,-0.019894,-0.028724,-0.039556,-0.046142,-0.055357,-0.061071,NaN,-0.072780,-0.079476,-0.082506,-0.085484,-0.088185,-0.088988,-0.089157,-0.085553,-0.081231,-0.077911,-0.073166,-0.070409,-0.064204,-0.057561,-0.045527,-0.040763,-0.033821,-0.025957,-0.018630,-0.013152,-0.007709,-0.001353,0.004247,0.004905,0.010253,0.011919,NaN,NaN,NaN,NaN,NaN
NaN,NaN,NaN,NaN,NaN,NaN,0.019661,0.026659,0.032651,0.041435,0.046961,0.054428,0.060296,0.064569,0.068072,0.067599,0.067125,0.064844,0.064574,0.057564,0.052039,0.040382,0.030986,0.020203,0.010005,-0.000887,-0.012341,-0.024092,-0.039643,-0.047095,-0.056923,-0.068705,NaN,-0.082652,-0.084449,-0.092495,-0.091469,-0.091613,-0.088899,-0.085770,-0.080117,-0.071271,-0.062148,-0.054683,-0.045493,-0.036742,-0.029565,-0.012739,-0.006050,0.001385,0.010497,0.015700,0.021836,0.026474,0.029139,0.031064,0.031125,0.031363,0.028889,NaN,NaN,NaN,NaN,NaN
NaN,NaN,NaN,NaN,NaN,NaN,0.023274,0.030747,0.037600,0.043279,0.050710,0.055907,0.060078,0.065205,0.065147,0.066195,0.064633,0.060369,0.056500,0.049392,0.042820,0.032632,0.021663,0.010599,0.000430,-0.011032,-0.024110,-0.035628,-0.050328,-0.055876,-0.065956,-0.073573,NaN,-0.083262,-0.091983,-0.092342,-0.091368,-0.088360,-0.086701,-0.082227,-0.075056,-0.065820,-0.059725,-0.045583,-0.040496,-0.029241,-0.018643,-0.008368,0.002452,0.007633,0.017198,0.023936,0.028033,0.031560,0.033670,0.035881,0.035119,0.032410,0.030065,NaN,NaN,NaN,NaN,NaN
NaN,NaN,NaN,NaN,NaN,NaN,-0.000858,0.006713,0.012981,0.021075,0.030840,0.039480,0.044602,0.055589,0.059029,0.064343,0.065576,0.068629,0.068239,0.066240,0.061402,0.053196,0.043942,0.037533,0.025902,0.013734,0.002301,-0.011870,-0.025343,-0.036576,-0.049542,-0.060523,NaN,-0.074185,-0.078066,-0.081374,-0.083013,-0.081414,-0.078541,-0.076264,-0.068116,-0.057748,-0.049527,-0.039040,-0.030657,-0.020994,-0.009139,0.003607,0.011088,0.017471,0.025585,0.031815,0.034574,0.036813,0.037451,0.037983,0.035566,0.031458,0.026206,NaN,NaN,NaN,NaN,NaN
NaN,NaN,NaN,NaN,NaN,NaN,0.019226,0.025992,0.034306,0.038954,0.047224,0.055461,0.059666,0.063317,0.066040,0.069947,0.069877,0.067116,0.063733,0.058605,0.055278,0.044117,0.033719,0.024313,0.016113,0.001735,-0.009435,-0.022430,-0.034308,-0.045186,-0.057183,-0.065272,NaN,-0.078507,-0.086922,-0.088125,-0.091688,-0.090044,-0.090357,-0.086221,-0.080118,-0.070785,-0.065725,-0.056048,-0.050382,-0.038293,-0.029432,-0.017184,-0.007212,-0.000164,0.009176,0.014906,0.020554,0.025938,0.028677,0.030218,0.029851,0.029856,0.028039,NaN,NaN,NaN,NaN,NaN
NaN,NaN,NaN,NaN,NaN,NaN,0.024299,0.023394,0.023213,0.022420,0.020347,0.017176,0.012589,0.010898,0.005710,0.003120,-0.001959,-0.009428,-0.011974,-0.018639,-0.023907,-0.032255,-0.036579,-0.045298,-0.047599,-0.053931,-0.059579,-0.063571,-0.070517,-0.071318,-0.076775,-0.079330,NaN,-0.083546,-0.087681,-0.089858,-0.088525,-0.086536,-0.091538,-0.086526,-0.086665,-0.082326,-0.082769,-0.077973,-0.076044,-0.071725,-0.066664,-0.062731,-0.054637,-0.053200,-0.046323,-0.041816,-0.035689,-0.031906,-0.027170,-0.024000,-0.020315,-0.012967,-0.010434,NaN,NaN,NaN,NaN,NaN
NaN,NaN,NaN,NaN,NaN,NaN,0.038482,0.041320,0.044835,0.043788,0.046069,0.044984,0.044341,0.042602,0.038741,0.034941,0.029930,0.025019,0.018577,0.014450,0.005690,-0.004700,-0.012911,-0.021062,-0.027650,-0.038427,-0.045664,-0.051258,-0.061114,-0.067117,-0.070809,-0.076258,NaN,-0.085480,-0.087339,-0.089548,-0.089712,-0.091729,-0.089380,-0.086812,-0.085468,-0.077589,-0.073933,-0.068627,-0.064809,-0.059500,-0.053329,-0.040246,-0.037054,-0.030612,-0.021824,-0.016599,-0.009795,-0.005066,-0.002443,0.002973,0.006610,0.010923,0.011249,NaN,NaN,NaN,NaN,NaN
NaN,NaN,NaN,NaN,NaN,NaN,0.038471,0.041274,0.046422,0.049159,0.050569,0.050690,0.050917,0.049941,0.049138,0.047024,0.040756,0.036935,0.033678,0.025874,0.018770,0.009511,0.000742,-0.006751,-0.012273,-0.022757,-0.028959,-0.038348,-0.049025,-0.053136,-0.060140,-0.067765,NaN,-0.078189,-0.082409,-0.084324,-0.088117,-0.089471,-0.090370,-0.086799,-0.087265,-0.083686,-0.079349,-0.075810,-0.071673,-0.063487,-0.059143,-0.052337,-0.045644,-0.040204,-0.031366,-0.024889,-0.018558,-0.012904,-0.008395,-0.005026,0.000259,0.004617,0.007771,NaN,NaN,NaN,NaN,NaN
NaN,NaN,NaN,NaN,NaN,NaN,0.003565,0.011033,0.020471,0.027988,0.036944,0.045153,0.053594,0.058642,0.066824,0.070328,0.072126,0.073331,0.071068,0.067113,0.060625,0.049067,0.038862,0.027117,0.016322,0.003619,-0.010942,-0.025385,-0.038744,-0.050972,-0.062087,-0.071880,NaN,-0.086650,-0.090777,-0.091342,-0.091047,-0.089683,-0.082789,-0.077912,-0.069418,-0.057265,-0.047524,-0.034167,-0.025112,-0.013863,-0.000322,0.010757,0.019092,0.028011,0.033789,0.039029,0.039426,0.042354,0.043269,0.042049,0.039439,0.033146,0.027855,NaN,NaN,NaN,NaN,NaN
NaN,NaN,NaN,NaN,NaN,NaN,0.038578,0.039223,0.042595,0.043709,0.046202,0.043799,0.040487,0.041146,0.038638,0.035087,0.030379,0.024522,0.019755,0.013697,0.005073,-0.003055,-0.009365,-0.017427,-0.023915,-0.030439,-0.040212,-0.045755,-0.054759,-0.059054,-0.063761,-0.069048,NaN,-0.076893,-0.083716,-0.084822,-0.087037,-0.086118,-0.090032,-0.087297,-0.086733,-0.082026,-0.081102,-0.076201,-0.074047,-0.066675,-0.064294,-0.056712,-0.051482,-0.047149,-0.037522,-0.031153,-0.025093,-0.021261,-0.017378,-0.013166,-0.008025,-0.003112,0.001132,NaN,NaN,NaN,NaN,NaN
NaN,NaN,NaN,NaN,NaN,NaN,0.037640,0.043100,0.047266,0.050038,0.051716,0.053502,0.055226,0.055144,0.054597,0.053315,0.048754,0.043627,0.039722,0.033502,0.026140,0.016090,0.006400,-0.002951,-0.011175,-0.019755,-0.030128,-0.039518,-0.048080,-0.054607,-0.061104,-0.070135,NaN,-0.080932,-0.083738,-0.086017,-0.087887,-0.090160,-0.090086,-0.088207,-0.084939,-0.080391,-0.074087,-0.070357,-0.068099,-0.058739,-0.053313,-0.042853,-0.033990,-0.030282,-0.020024,-0.012685,-0.007928,0.000247,0.002577,0.006680,0.009184,0.013453,0.014492,NaN,NaN,NaN,NaN,NaN
NaN,NaN,NaN,NaN,NaN,NaN,0.034926,0.037671,0.039372,0.040742,0.044310,0.042810,0.042344,0.040811,0.037070,0.036554,0.030790,0.026505,0.022030,0.016569,0.009065,-0.000710,-0.008864,-0.017253,-0.021819,-0.029929,-0.035684,-0.042029,-0.051303,-0.058390,-0.062536,-0.064982,NaN,-0.072495,-0.078026,-0.080072,-0.079580,-0.081299,-0.081943,-0.080188,-0.078047,-0.072629,-0.070984,-0.066435,-0.061650,-0.056216,-0.049535,-0.041626,-0.033223,-0.030872,-0.024903,-0.017800,-0.012033,-0.006893,-0.003735,0.000341,0.004164,0.006950,0.008131,NaN,NaN,NaN,NaN,NaN
NaN,NaN,NaN,NaN,NaN,NaN,0.017389,0.025525,0.032712,0.038461,0.045733,0.053443,0.058961,0.063505,0.066695,0.069915,0.070971,0.067700,0.067493,0.062865,0.055286,0.047055,0.037404,0.026986,0.017440,0.004560,-0.005352,-0.018306,-0.031551,-0.039834,-0.052353,-0.063421,NaN,-0.077014,-0.082752,-0.086097,-0.089688,-0.090574,-0.088686,-0.085778,-0.082004,-0.073260,-0.067299,-0.058480,-0.050807,-0.042576,-0.032240,-0.020486,-0.011094,-0.003179,0.005452,0.012736,0.020337,0.024700,0.027525,0.029393,0.028571,0.030273,0.027888,NaN,NaN,NaN,NaN,NaN
NaN,NaN,NaN,NaN,NaN,NaN,0.036572,0.040318,0.042025,0.046273,0.044746,0.046415,0.042804,0.043590,0.039130,0.036531,0.031953,0.025872,0.022573,0.017380,0.009764,0.002609,-0.006926,-0.012707,-0.021015,-0.026713,-0.034856,-0.043039,-0.049310,-0.055977,-0.061904,-0.068822,NaN,-0.080533,-0.078439,-0.083051,-0.083973,-0.088203,-0.087849,-0.087712,-0.085823,-0.084358,-0.080033,-0.077483,-0.073313,-0.071801,-0.066913,-0.057527,-0.052512,-0.048403,-0.042063,-0.032724,-0.029172,-0.022569,-0.019927,-0.014120,-0.008668,-0.003723,-0.000957,NaN,NaN,NaN,NaN,NaN
NaN,NaN,NaN,NaN,NaN,NaN,0.031770,0.037046,0.043003,0.048700,0.052867,0.056967,0.059300,0.061767,0.063489,0.063625,0.059677,0.058024,0.053984,0.046456,0.043418,0.032104,0.024563,0.013873,0.004622,-0.003604,-0.013727,-0.023634,-0.037093,-0.044897,-0.053148,-0.065783,NaN,-0.075351,-0.081400,-0.085665,-0.088510,-0.089237,-0.090299,-0.087432,-0.085211,-0.080248,-0.073546,-0.068426,-0.065069,-0.058291,-0.049725,-0.038916,-0.031434,-0.025175,-0.014783,-0.009209,-0.002211,0.003945,0.007756,0.011846,0.015564,0.018672,0.019385,NaN,NaN,NaN,NaN,NaN
NaN,NaN,NaN,NaN,NaN,NaN,0.036238,0.041804,0.046879,0.050751,0.054132,0.056516,0.056484,0.058304,0.055930,0.055879,0.052486,0.047369,0.044895,0.037818,0.031208,0.021401,0.013529,0.005635,-0.003795,-0.012899,-0.020628,-0.032294,-0.042834,-0.048152,-0.057362,-0.062690,NaN,-0.077336,-0.082840,-0.081895,-0.088317,-0.088155,-0.089314,-0.086368,-0.084827,-0.081182,-0.078688,-0.071856,-0.068835,-0.064109,-0.056746,-0.045995,-0.038304,-0.033677,-0.024805,-0.017607,-0.010342,-0.004594,-0.001479,0.003319,0.008131,0.010373,0.014319,NaN,NaN,NaN,NaN,NaN
NaN,NaN,NaN,NaN,NaN,NaN,0.017620,0.024056,0.032186,0.039795,0.044643,0.054306,0.060051,0.063817,0.067471,0.067814,0.068905,0.064771,0.062559,0.057311,0.048005,0.036326,0.026391,0.013553,0.004128,-0.008914,-0.021362,-0.036230,-0.045429,-0.057353,-0.067503,-0.078814,NaN,-0.088154,-0.088360,-0.092961,-0.090867,-0.088545,-0.084402,-0.077301,-0.070698,-0.057540,-0.050049,-0.036400,-0.027843,-0.018893,-0.007220,0.005134,0.014582,0.022316,0.030742,0.031925,0.037181,0.038985,0.039590,0.039766,0.038866,0.034952,0.029942,NaN,NaN,NaN,NaN,NaN
NaN,NaN,NaN,NaN,NaN,NaN,0.034556,0.039472,0.045981,0.047310,0.053051,0.057131,0.057229,0.058838,0.056238,0.057535,0.055424,0.050021,0.044294,0.038196,0.028758,0.017714,0.008770,-0.001066,-0.009036,-0.019283,-0.030762,-0.040838,-0.051058,-0.056868,-0.065262,-0.072483,NaN,-0.081942,-0.086254,-0.088117,-0.089430,-0.089230,-0.089184,-0.084688,-0.082136,-0.074496,-0.067460,-0.063100,-0.057472,-0.049506,-0.041694,-0.029311,-0.021404,-0.015720,-0.005959,0.001498,0.006774,0.011567,0.016559,0.018899,0.020420,0.021871,0.022369,NaN,NaN,NaN,NaN,NaN
NaN,NaN,NaN,NaN,NaN,NaN,0.037034,0.038373,0.041639,0.043693,0.042961,0.041288,0.039892,0.037783,0.034641,0.033340,0.026500,0.021900,0.017224,0.008929,0.003153,-0.005231,-0.013687,-0.020429,-0.027113,-0.035944,-0.041520,-0.049311,-0.056308,-0.062816,-0.067267,-0.072937,NaN,-0.082231,-0.086015,-0.087111,-0.087428,-0.090034,-0.088895,-0.087343,-0.085877,-0.082477,-0.078311,-0.074435,-0.074692,-0.068781,-0.063729,-0.054934,-0.048937,-0.045974,-0.037493,-0.031246,-0.024590,-0.019824,-0.014915,-0.011284,-0.007164,-0.002122,0.000501,NaN,NaN,NaN,NaN,NaN
NaN,NaN,NaN,NaN,NaN,NaN,0.036139,0.041474,0.045251,0.051661,0.052910,0.056130,0.058259,0.057395,0.057805,0.055621,0.054741,0.049517,0.045124,0.040518,0.032717,0.022893,0.013160,0.005913,-0.000529,-0.010614,-0.019951,-0.029826,-0.038443,-0.045137,-0.054909,-0.063768,NaN,-0.076579,-0.078924,-0.083648,-0.085321,-0.088187,-0.088262,-0.087606,-0.084683,-0.084195,-0.077238,-0.072166,-0.070252,-0.063803,-0.057295,-0.048860,-0.041046,-0.034848,-0.025974,-0.019714,-0.012644,-0.006251,-0.002008,0.001873,0.006079,0.010733,0.012918,NaN,NaN,NaN,NaN,NaN
NaN,NaN,NaN,NaN,NaN,NaN,0.022694,0.028805,0.036383,0.043621,0.048625,0.054877,0.060976,0.063426,0.065821,0.067195,0.064469,0.061539,0.058699,0.054235,0.046272,0.036775,0.024124,0.013079,0.002778,-0.008678,-0.020370,-0.030220,-0.044195,-0.053851,-0.064923,-0.072548,NaN,-0.082986,-0.089008,-0.092931,-0.089604,-0.088987,-0.087189,-0.082910,-0.076197,-0.067626,-0.057256,-0.047781,-0.042386,-0.030362,-0.021204,-0.008999,-0.001034,0.007177,0.016218,0.021052,0.025847,0.029068,0.033486,0.034907,0.033561,0.030455,0.029162,NaN,NaN,NaN,NaN,NaN
NaN,NaN,NaN,NaN,NaN,NaN,0.037681,0.041436,0.047498,0.048831,0.052791,0.054943,0.055897,0.054862,0.053325,0.053976,0.048004,0.042030,0.039630,0.032017,0.025726,0.014806,0.006289,-0.003572,-0.011202,-0.020847,-0.029024,-0.036978,-0.048611,-0.055596,-0.061829,-0.069052,NaN,-0.080569,-0.085142,-0.087051,-0.088782,-0.089299,-0.088627,-0.087767,-0.086608,-0.080159,-0.075878,-0.069011,-0.065878,-0.059913,-0.051640,-0.042719,-0.034027,-0.030853,-0.018856,-0.013623,-0.006524,-0.001463,0.002731,0.007830,0.010787,0.013528,0.015733,NaN,NaN,NaN,NaN,NaN
NaN,NaN,NaN,NaN,NaN,NaN,0.004185,0.012663,0.019935,0.026507,0.037897,0.045718,0.053599,0.060898,0.064865,0.071939,0.073213,0.072461,0.068039,0.066599,0.057191,0.050585,0.038150,0.029025,0.015049,0.001617,-0.011549,-0.023955,-0.041429,-0.050666,-0.062929,-0.073424,NaN,-0.084567,-0.094007,-0.091011,-0.091648,-0.087404,-0.083971,-0.077216,-0.070226,-0.055088,-0.045629,-0.034730,-0.025936,-0.012188,-0.001466,0.013158,0.021533,0.027587,0.034408,0.038206,0.041915,0.042336,0.043448,0.042050,0.039247,0.032821,0.028057,NaN,NaN,NaN,NaN,NaN
NaN,NaN,NaN,NaN,NaN,NaN,0.035218,0.034507,0.037830,0.037991,0.036583,0.034787,0.032883,0.029939,0.028909,0.025295,0.019769,0.015531,0.011391,0.004195,-0.002059,-0.008214,-0.015869,-0.020427,-0.028269,-0.036227,-0.041027,-0.047688,-0.053584,-0.058100,-0.062661,-0.069283,NaN,-0.077400,-0.079691,-0.082180,-0.082599,-0.086507,-0.086010,-0.086774,-0.086055,-0.082094,-0.079521,-0.077500,-0.078052,-0.072785,-0.069464,-0.060149,-0.057320,-0.051739,-0.045551,-0.040231,-0.036195,-0.030723,-0.027035,-0.020873,-0.016988,-0.011278,-0.009301,NaN,NaN,NaN,NaN,NaN
NaN,NaN,NaN,NaN,NaN,NaN,0.012263,0.020545,0.028116,0.035907,0.043746,0.050693,0.058146,0.062945,0.066887,0.069171,0.069770,0.068215,0.065446,0.062349,0.055902,0.045977,0.034760,0.025427,0.015067,-0.000443,-0.013022,-0.026563,-0.038851,-0.049464,-0.058297,-0.070043,NaN,-0.083973,-0.087764,-0.089476,-0.088501,-0.089669,-0.085960,-0.081572,-0.074628,-0.062756,-0.054928,-0.043909,-0.035640,-0.025184,-0.013723,-0.001827,0.006424,0.014676,0.023384,0.029084,0.033071,0.036436,0.038274,0.037961,0.037793,0.033195,0.029246,NaN,NaN,NaN,NaN,NaN
NaN,NaN,NaN,NaN,NaN,NaN,0.031120,0.033699,0.033433,0.032421,0.033660,0.029478,0.025923,0.025095,0.020695,0.018003,0.010300,0.006279,0.000480,-0.003200,-0.010566,-0.018897,-0.025665,-0.033122,-0.035538,-0.043164,-0.051492,-0.055500,-0.063724,-0.068132,-0.071348,-0.075136,NaN,-0.082919,-0.085440,-0.084763,-0.089483,-0.088140,-0.088004,-0.085901,-0.085824,-0.082053,-0.079748,-0.077021,-0.074751,-0.069576,-0.064972,-0.058429,-0.053552,-0.049243,-0.041720,-0.034981,-0.031410,-0.025607,-0.022791,-0.018596,-0.013807,-0.007902,-0.004297,NaN,NaN,NaN,NaN,NaN
NaN,NaN,NaN,NaN,NaN,NaN,0.027946,0.034724,0.040810,0.045206,0.051987,0.057202,0.060571,0.063577,0.063019,0.065479,0.064678,0.061737,0.059622,0.052822,0.043701,0.037030,0.024597,0.013941,0.006484,-0.004370,-0.015785,-0.027808,-0.041242,-0.046954,-0.055822,-0.066760,NaN,-0.080041,-0.084897,-0.087452,-0.089870,-0.090407,-0.089189,-0.087331,-0.082227,-0.073840,-0.067883,-0.061170,-0.054814,-0.045989,-0.037278,-0.025604,-0.017135,-0.009273,-0.002341,0.007034,0.012816,0.017217,0.019232,0.024858,0.025854,0.026713,0.025142,NaN,NaN,NaN,NaN,NaN
NaN,NaN,NaN,NaN,NaN,NaN,0.018967,0.026743,0.033188,0.039751,0.045596,0.054062,0.058816,0.061766,0.067630,0.067050,0.068813,0.069844,0.068914,0.065253,0.060344,0.052464,0.043484,0.035943,0.027620,0.016879,0.006599,-0.004812,-0.018086,-0.028528,-0.040029,-0.051200,NaN,-0.065692,-0.071603,-0.079630,-0.083343,-0.084118,-0.086806,-0.088232,-0.084986,-0.082589,-0.078201,-0.070947,-0.065568,-0.058849,-0.052620,-0.039791,-0.031302,-0.026936,-0.014978,-0.007939,-0.001008,0.003274,0.009296,0.014258,0.019285,0.020547,0.021286,NaN,NaN,NaN,NaN,NaN
NaN,NaN,NaN,NaN,NaN,NaN,0.029786,0.029691,0.032891,0.032336,0.030986,0.027700,0.027519,0.023191,0.021789,0.017827,0.012202,0.008713,0.003548,-0.001308,-0.005821,-0.014412,-0.019275,-0.025765,-0.029117,-0.034454,-0.040643,-0.045361,-0.053447,-0.056375,-0.061169,-0.066806,NaN,-0.074683,-0.076695,-0.077466,-0.082305,-0.083799,-0.082561,-0.084104,-0.083375,-0.082442,-0.078837,-0.078873,-0.077282,-0.074985,-0.072988,-0.065934,-0.062452,-0.060517,-0.053187,-0.048472,-0.041780,-0.037406,-0.036925,-0.031991,-0.027123,-0.021036,-0.016496,NaN,NaN,NaN,NaN,NaN
NaN,NaN,NaN,NaN,NaN,NaN,0.038010,0.041980,0.045238,0.047184,0.049269,0.048944,0.048490,0.046413,0.044002,0.042962,0.038164,0.033532,0.027075,0.021076,0.013386,0.003876,-0.004739,-0.011942,-0.020561,-0.028557,-0.036554,-0.045333,-0.051986,-0.058196,-0.061931,-0.071073,NaN,-0.082606,-0.084587,-0.086151,-0.087287,-0.087369,-0.088719,-0.087395,-0.086347,-0.079614,-0.077056,-0.071586,-0.069781,-0.063777,-0.056316,-0.046807,-0.040701,-0.036974,-0.028378,-0.021294,-0.014669,-0.010437,-0.006381,-0.001645,0.000848,0.006078,0.008720,NaN,NaN,NaN,NaN,NaN
NaN,NaN,NaN,NaN,NaN,NaN,0.019971,0.025987,0.033845,0.040029,0.047255,0.053895,0.059377,0.063179,0.066214,0.066542,0.068808,0.066840,0.063849,0.058502,0.053309,0.040352,0.031797,0.021126,0.010995,-0.000452,-0.010202,-0.024922,-0.035487,-0.047885,-0.055835,-0.066559,NaN,-0.080620,-0.084303,-0.089746,-0.088650,-0.090901,-0.087427,-0.085895,-0.080121,-0.071393,-0.062903,-0.055365,-0.049642,-0.038906,-0.028967,-0.016532,-0.006945,-0.000160,0.009317,0.016361,0.021539,0.025777,0.029274,0.030585,0.029840,0.031633,0.028730,NaN,NaN,NaN,NaN,NaN
NaN,NaN,NaN,NaN,NaN,NaN,0.021888,0.028746,0.034701,0.042135,0.048622,0.053891,0.060898,0.065109,0.066881,0.066149,0.065647,0.065183,0.059323,0.053229,0.048459,0.039158,0.028028,0.016209,0.006587,-0.004251,-0.016002,-0.027365,-0.042184,-0.049648,-0.061266,-0.071601,NaN,-0.082338,-0.086735,-0.091482,-0.088299,-0.089216,-0.088790,-0.082503,-0.078231,-0.068968,-0.060638,-0.051672,-0.043811,-0.035268,-0.022878,-0.012386,-0.002308,0.004156,0.011871,0.019818,0.025790,0.026805,0.031757,0.033309,0.033317,0.031863,0.028165,NaN,NaN,NaN,NaN,NaN
NaN,NaN,NaN,NaN,NaN,NaN,0.036937,0.039410,0.042493,0.043323,0.043879,0.043859,0.042682,0.042324,0.039053,0.037949,0.032634,0.029034,0.025868,0.021937,0.014914,0.008272,-0.000012,-0.004781,-0.011082,-0.015077,-0.024365,-0.029299,-0.038566,-0.042176,-0.050508,-0.054571,NaN,-0.064655,-0.067624,-0.072823,-0.074816,-0.078753,-0.079292,-0.081757,-0.080387,-0.081627,-0.077799,-0.077093,-0.078007,-0.074115,-0.071216,-0.066848,-0.060707,-0.058207,-0.051020,-0.047633,-0.041632,-0.038048,-0.033314,-0.029294,-0.022641,-0.017640,-0.012806,NaN,NaN,NaN,NaN,NaN
NaN,NaN,NaN,NaN,NaN,NaN,0.038200,0.043699,0.045807,0.049435,0.049651,0.053003,0.054022,0.051063,0.050359,0.046719,0.043544,0.039193,0.035799,0.029307,0.022232,0.011601,0.004205,-0.003394,-0.009726,-0.018312,-0.027936,-0.034837,-0.045304,-0.050740,-0.057888,-0.066011,NaN,-0.077642,-0.076356,-0.081741,-0.085626,-0.087068,-0.086680,-0.088595,-0.086582,-0.084018,-0.077578,-0.073834,-0.071814,-0.067147,-0.063684,-0.051799,-0.047088,-0.043244,-0.033966,-0.028174,-0.020997,-0.014167,-0.010085,-0.003583,-0.002043,0.001860,0.006248,NaN,NaN,NaN,NaN,NaN
NaN,NaN,NaN,NaN,NaN,NaN,0.036086,0.039488,0.041269,0.041265,0.042785,0.041200,0.041681,0.038895,0.034850,0.030567,0.026010,0.020725,0.016592,0.010533,0.003511,-0.005880,-0.014177,-0.022313,-0.026614,-0.033484,-0.040335,-0.047255,-0.058831,-0.061602,-0.067142,-0.072171,NaN,-0.080043,-0.084571,-0.086499,-0.087619,-0.086970,-0.089357,-0.086913,-0.088005,-0.082505,-0.080298,-0.074129,-0.071673,-0.067817,-0.061363,-0.055234,-0.048865,-0.044853,-0.035189,-0.030174,-0.025331,-0.018124,-0.014958,-0.011849,-0.004717,-0.001079,0.001732,NaN,NaN,NaN,NaN,NaN
NaN,NaN,NaN,NaN,NaN,NaN,-0.002639,0.004719,0.009812,0.022554,0.028972,0.038614,0.048272,0.057080,0.063376,0.069274,0.073024,0.074592,0.075824,0.072776,0.068981,0.061212,0.051728,0.041810,0.033395,0.019308,0.005756,-0.005744,-0.023237,-0.037438,-0.047321,-0.062245,NaN,-0.077705,-0.084517,-0.089575,-0.089108,-0.090479,-0.089503,-0.082457,-0.076424,-0.065307,-0.055700,-0.045694,-0.037497,-0.024657,-0.013432,0.000578,0.009456,0.016857,0.025489,0.030211,0.036553,0.038484,0.038753,0.038554,0.039589,0.034270,0.029138,NaN,NaN,NaN,NaN,NaN
NaN,NaN,NaN,NaN,NaN,NaN,0.035303,0.036525,0.040976,0.041999,0.041446,0.039613,0.040717,0.037846,0.036385,0.032506,0.026363,0.024906,0.019230,0.013470,0.008076,0.000420,-0.005255,-0.013334,-0.019143,-0.024970,-0.029217,-0.036770,-0.045377,-0.050657,-0.054958,-0.062120,NaN,-0.070859,-0.074733,-0.075071,-0.079793,-0.082690,-0.081982,-0.084257,-0.082222,-0.083043,-0.080217,-0.078329,-0.077143,-0.075492,-0.071732,-0.064357,-0.058556,-0.057046,-0.050625,-0.044495,-0.040887,-0.035023,-0.031675,-0.025812,-0.021631,-0.015022,-0.011605,NaN,NaN,NaN,NaN,NaN
NaN,NaN,NaN,NaN,NaN,NaN,0.038752,0.041767,0.047898,0.047688,0.052397,0.051029,0.050495,0.051137,0.048070,0.048333,0.044531,0.037931,0.031481,0.027033,0.018962,0.007206,-0.001171,-0.011644,-0.018183,-0.027919,-0.037139,-0.043810,-0.056839,-0.060021,-0.069639,-0.071565,NaN,-0.082960,-0.089873,-0.088374,-0.091759,-0.086799,-0.089027,-0.087196,-0.083237,-0.076662,-0.073893,-0.067466,-0.062844,-0.054335,-0.045623,-0.039450,-0.028649,-0.022756,-0.016345,-0.007887,-0.002644,0.003718,0.006833,0.010498,0.013289,0.016203,0.017136,NaN,NaN,NaN,NaN,NaN
NaN,NaN,NaN,NaN,NaN,NaN,0.005960,0.012734,0.020036,0.027540,0.037044,0.045309,0.053777,0.060261,0.067964,0.071177,0.072838,0.072319,0.070634,0.066389,0.059055,0.049451,0.038917,0.027732,0.014828,0.003436,-0.009500,-0.022413,-0.039882,-0.050793,-0.061106,-0.071275,NaN,-0.084481,-0.089843,-0.091772,-0.090674,-0.088432,-0.085857,-0.075548,-0.068184,-0.057018,-0.047352,-0.032682,-0.025010,-0.012899,-0.002206,0.010730,0.019599,0.027809,0.035587,0.037547,0.041958,0.042179,0.043267,0.041981,0.035549,0.033607,0.028489,NaN,NaN,NaN,NaN,NaN
NaN,NaN,NaN,NaN,NaN,NaN,0.032652,0.038640,0.042500,0.049385,0.053515,0.057062,0.059215,0.060653,0.061360,0.061786,0.058989,0.054643,0.050657,0.043025,0.036747,0.026460,0.018112,0.008109,0.001764,-0.009588,-0.020634,-0.029181,-0.040564,-0.049465,-0.057697,-0.066141,NaN,-0.079293,-0.084892,-0.086408,-0.086447,-0.089397,-0.089645,-0.086211,-0.086682,-0.078082,-0.074293,-0.067532,-0.064027,-0.055380,-0.047519,-0.036039,-0.028552,-0.022465,-0.012390,-0.005798,0.000661,0.006897,0.009667,0.013927,0.016773,0.018893,0.019934,NaN,NaN,NaN,NaN,NaN
NaN,NaN,NaN,NaN,NaN,NaN,0.022885,0.029555,0.037132,0.040726,0.050492,0.054551,0.060110,0.063408,0.064710,0.068422,0.068596,0.063511,0.059755,0.052067,0.045289,0.035707,0.025317,0.013964,0.005140,-0.008131,-0.018348,-0.030060,-0.045422,-0.053790,-0.061313,-0.068431,NaN,-0.081316,-0.091796,-0.087630,-0.091087,-0.087333,-0.088922,-0.081875,-0.077624,-0.064835,-0.059646,-0.052399,-0.043264,-0.031216,-0.021837,-0.011015,0.000194,0.005228,0.012934,0.020902,0.026984,0.031272,0.032731,0.033597,0.033320,0.031699,0.030049,NaN,NaN,NaN,NaN,NaN
NaN,NaN,NaN,NaN,NaN,NaN,0.023631,0.031724,0.037281,0.045592,0.049429,0.056880,0.060793,0.062932,0.066812,0.065287,0.065911,0.062124,0.058880,0.056677,0.049626,0.038476,0.029810,0.021062,0.009792,0.000997,-0.010815,-0.020708,-0.033679,-0.043077,-0.053479,-0.062710,NaN,-0.079320,-0.079226,-0.087608,-0.088475,-0.092350,-0.088586,-0.087507,-0.082976,-0.079375,-0.068821,-0.064218,-0.058444,-0.049822,-0.041079,-0.029584,-0.021179,-0.015250,-0.003073,0.003373,0.009421,0.014383,0.018521,0.019241,0.022195,0.026148,0.024475,NaN,NaN,NaN,NaN,NaN
NaN,NaN,NaN,NaN,NaN,NaN,0.036233,0.042037,0.046470,0.050335,0.053038,0.057042,0.057618,0.056345,0.057097,0.055486,0.050876,0.047169,0.043009,0.038645,0.028202,0.020406,0.010678,0.001820,-0.005621,-0.015228,-0.023674,-0.033908,-0.042877,-0.051015,-0.055641,-0.066633,NaN,-0.076063,-0.081030,-0.085077,-0.086481,-0.091449,-0.090912,-0.088170,-0.087744,-0.080344,-0.075441,-0.071871,-0.068739,-0.060308,-0.054207,-0.044821,-0.037403,-0.033128,-0.023179,-0.015676,-0.010780,-0.003542,0.001738,0.005748,0.008295,0.011365,0.013526,NaN,NaN,NaN,NaN,NaN
NaN,NaN,NaN,NaN,NaN,NaN,0.038804,0.041870,0.045402,0.046403,0.051665,0.051329,0.051022,0.050618,0.047104,0.045474,0.040632,0.034849,0.030768,0.026332,0.016829,0.009581,0.001076,-0.007940,-0.013632,-0.021899,-0.031193,-0.039223,-0.047806,-0.054945,-0.059111,-0.067209,NaN,-0.078338,-0.080783,-0.085945,-0.088444,-0.085624,-0.088545,-0.087191,-0.086332,-0.079824,-0.080156,-0.074839,-0.072379,-0.066439,-0.059652,-0.051608,-0.043843,-0.039938,-0.029825,-0.023772,-0.018253,-0.012805,-0.008039,-0.004150,-0.000053,0.003836,0.007510,NaN,NaN,NaN,NaN,NaN
NaN,NaN,NaN,NaN,NaN,NaN,0.014334,0.021187,0.027675,0.035223,0.044237,0.050089,0.057286,0.064316,0.067171,0.069964,0.071838,0.068450,0.065046,0.060265,0.051104,0.045188,0.034739,0.023512,0.012184,-0.000382,-0.012557,-0.025802,-0.041764,-0.049632,-0.061566,-0.071971,NaN,-0.082362,-0.090224,-0.091032,-0.090782,-0.089962,-0.086559,-0.080912,-0.073701,-0.064961,-0.052772,-0.042966,-0.034562,-0.024140,-0.011580,-0.000540,0.008524,0.016712,0.023936,0.030169,0.033925,0.037716,0.036901,0.038585,0.038723,0.034485,0.030359,NaN,NaN,NaN,NaN,NaN
NaN,NaN,NaN,NaN,NaN,NaN,0.019395,0.026212,0.032584,0.038726,0.047298,0.052937,0.060204,0.063847,0.066411,0.069611,0.068674,0.065753,0.064602,0.059150,0.052202,0.042185,0.034184,0.025344,0.014705,0.002655,-0.008818,-0.019991,-0.036177,-0.045383,-0.054272,-0.064738,NaN,-0.080997,-0.087346,-0.087589,-0.089299,-0.089596,-0.089193,-0.084555,-0.080746,-0.070866,-0.064352,-0.056071,-0.049321,-0.038018,-0.029650,-0.019411,-0.009269,-0.000993,0.007756,0.015054,0.020496,0.026628,0.028535,0.031244,0.032296,0.029870,0.027501,NaN,NaN,NaN,NaN,NaN
NaN,NaN,NaN,NaN,NaN,NaN,0.036662,0.039119,0.040688,0.041951,0.042943,0.042946,0.042912,0.040206,0.037713,0.037396,0.031779,0.028556,0.022358,0.016678,0.012759,0.004266,-0.000664,-0.008358,-0.014782,-0.019478,-0.027521,-0.032106,-0.042432,-0.046400,-0.055187,-0.058256,NaN,-0.067355,-0.073938,-0.075356,-0.077853,-0.079632,-0.083828,-0.084025,-0.082628,-0.080608,-0.079524,-0.077851,-0.078658,-0.074882,-0.071545,-0.065310,-0.062168,-0.059336,-0.050649,-0.046162,-0.041918,-0.035867,-0.034401,-0.028260,-0.022679,-0.016526,-0.012029,NaN,NaN,NaN,NaN,NaN
NaN,NaN,NaN,NaN,NaN,NaN,0.038585,0.042405,0.044883,0.047890,0.048214,0.049932,0.049872,0.047417,0.047663,0.043290,0.039161,0.033195,0.031280,0.023458,0.015682,0.007627,-0.002676,-0.009326,-0.016986,-0.025411,-0.033254,-0.041893,-0.048711,-0.056716,-0.062892,-0.068301,NaN,-0.079686,-0.083333,-0.086801,-0.088491,-0.088616,-0.088575,-0.088251,-0.085558,-0.083104,-0.076622,-0.071489,-0.070671,-0.064082,-0.058634,-0.048225,-0.041833,-0.037586,-0.029298,-0.022073,-0.017640,-0.011122,-0.007281,-0.002739,0.000166,0.004933,0.007907,NaN,NaN,NaN,NaN,NaN
NaN,NaN,NaN,NaN,NaN,NaN,0.032136,0.036995,0.044336,0.047970,0.054669,0.057454,0.060619,0.060622,0.061694,0.062661,0.058480,0.053599,0.051193,0.044855,0.039661,0.029624,0.019514,0.010312,0.001244,-0.007574,-0.017559,-0.028966,-0.040177,-0.050087,-0.057394,-0.065311,NaN,-0.078775,-0.082189,-0.087452,-0.087968,-0.090007,-0.091118,-0.087553,-0.086265,-0.077970,-0.073972,-0.066595,-0.060880,-0.055495,-0.047415,-0.036711,-0.028649,-0.023197,-0.012932,-0.006431,0.001249,0.005498,0.008404,0.014678,0.016318,0.020200,0.019004,NaN,NaN,NaN,NaN,NaN
NaN,NaN,NaN,NaN,NaN,NaN,0.034383,0.041813,0.045743,0.049950,0.053511,0.055692,0.058274,0.057653,0.055207,0.053971,0.050806,0.046917,0.041764,0.035319,0.024708,0.014955,0.005884,-0.004591,-0.012850,-0.024776,-0.034390,-0.044748,-0.053732,-0.061063,-0.068915,-0.076617,NaN,-0.086903,-0.087940,-0.090142,-0.092120,-0.089499,-0.087043,-0.085410,-0.080432,-0.074116,-0.064857,-0.060688,-0.055203,-0.046594,-0.037146,-0.026233,-0.018698,-0.012336,-0.001653,0.004457,0.009406,0.013476,0.017579,0.020534,0.021505,0.023455,0.024683,NaN,NaN,NaN,NaN,NaN
NaN,NaN,NaN,NaN,NaN,NaN,0.036764,0.041356,0.047043,0.050419,0.051964,0.056281,0.056441,0.055277,0.055652,0.054438,0.050710,0.044472,0.044440,0.037090,0.032752,0.024145,0.016757,0.007656,0.002375,-0.005014,-0.013507,-0.023143,-0.034061,-0.040659,-0.048504,-0.056231,NaN,-0.067253,-0.071364,-0.077039,-0.080030,-0.085130,-0.085875,-0.087757,-0.084662,-0.084325,-0.078655,-0.078742,-0.075005,-0.072391,-0.067728,-0.059026,-0.052258,-0.047295,-0.039281,-0.033564,-0.026875,-0.020754,-0.016823,-0.011850,-0.005631,-0.001140,0.000836,NaN,NaN,NaN,NaN,NaN
NaN,NaN,NaN,NaN,NaN,NaN,0.025627,0.026826,0.027617,0.028586,0.024684,0.021898,0.019761,0.016434,0.013278,0.011758,0.002712,0.000409,-0.004535,-0.010827,-0.015504,-0.022291,-0.029309,-0.035632,-0.040917,-0.046582,-0.049575,-0.054575,-0.062111,-0.066901,-0.068797,-0.075521,NaN,-0.079992,-0.081513,-0.082393,-0.084306,-0.085144,-0.087559,-0.087924,-0.086572,-0.082447,-0.082548,-0.077645,-0.077609,-0.072937,-0.070520,-0.064486,-0.059343,-0.057790,-0.049666,-0.045658,-0.039751,-0.036521,-0.030728,-0.028049,-0.022972,-0.017050,-0.012630,NaN,NaN,NaN,NaN,NaN
NaN,NaN,NaN,NaN,NaN,NaN,0.035305,0.036300,0.039516,0.038414,0.039161,0.035427,0.035893,0.031203,0.026130,0.024241,0.016987,0.010970,0.006066,0.000050,-0.006283,-0.016360,-0.024872,-0.031666,-0.039461,-0.044131,-0.051789,-0.057365,-0.066794,-0.069422,-0.073623,-0.080991,NaN,-0.085466,-0.089530,-0.088047,-0.087335,-0.090602,-0.089179,-0.087549,-0.086184,-0.080351,-0.076051,-0.071290,-0.067813,-0.062394,-0.057102,-0.048444,-0.042955,-0.039318,-0.031981,-0.025351,-0.018235,-0.013755,-0.010371,-0.004993,-0.001277,0.002479,0.006163,NaN,NaN,NaN,NaN,NaN
NaN,NaN,NaN,NaN,NaN,NaN,0.038212,0.041533,0.046410,0.047945,0.049622,0.050676,0.049961,0.049449,0.047059,0.045475,0.040273,0.036161,0.030364,0.024690,0.017806,0.007166,-0.000459,-0.009519,-0.016372,-0.025013,-0.032917,-0.042059,-0.050268,-0.054532,-0.061369,-0.068875,NaN,-0.077493,-0.082577,-0.084823,-0.086711,-0.086638,-0.088433,-0.088889,-0.086756,-0.082772,-0.076557,-0.073231,-0.071958,-0.063447,-0.058540,-0.048450,-0.042277,-0.039119,-0.029175,-0.022703,-0.016969,-0.011550,-0.007877,-0.003777,0.000653,0.004423,0.007523,NaN,NaN,NaN,NaN,NaN
NaN,NaN,NaN,NaN,NaN,NaN,0.036400,0.041405,0.046110,0.049262,0.054345,0.055041,0.055612,0.057526,0.053284,0.053965,0.048168,0.040573,0.037164,0.030067,0.019392,0.009215,0.000523,-0.011260,-0.019341,-0.029308,-0.038701,-0.049338,-0.059451,-0.064596,-0.072622,-0.075950,NaN,-0.088027,-0.090857,-0.091621,-0.090942,-0.087420,-0.089362,-0.082214,-0.079738,-0.069718,-0.065466,-0.057303,-0.049577,-0.042748,-0.032999,-0.022702,-0.014516,-0.007784,0.001154,0.008423,0.011561,0.017436,0.020008,0.022530,0.024708,0.025223,0.024912,NaN,NaN,NaN,NaN,NaN
NaN,NaN,NaN,NaN,NaN,NaN,0.031602,0.033446,0.034646,0.034324,0.035051,0.031297,0.030484,0.025637,0.022679,0.020078,0.014881,0.008211,0.004269,-0.001920,-0.007859,-0.015438,-0.023040,-0.031141,-0.034838,-0.041128,-0.046543,-0.054083,-0.059747,-0.065267,-0.069704,-0.071794,NaN,-0.081883,-0.084727,-0.085698,-0.087269,-0.086670,-0.086490,-0.086090,-0.087484,-0.082292,-0.080537,-0.076370,-0.074659,-0.070639,-0.065870,-0.059354,-0.053594,-0.051277,-0.042535,-0.037087,-0.030451,-0.026274,-0.023327,-0.018935,-0.013814,-0.009472,-0.005708,NaN,NaN,NaN,NaN,NaN
NaN,NaN,NaN,NaN,NaN,NaN,0.012729,0.021382,0.026642,0.034675,0.042009,0.050344,0.058262,0.062564,0.067691,0.069335,0.070384,0.070101,0.069350,0.065914,0.055500,0.048114,0.037002,0.025401,0.015648,0.002007,-0.010484,-0.025581,-0.037828,-0.047188,-0.058390,-0.070730,NaN,-0.086229,-0.087893,-0.090842,-0.090273,-0.089724,-0.086027,-0.083030,-0.074439,-0.062672,-0.054393,-0.045011,-0.036935,-0.026662,-0.015809,-0.003011,0.007028,0.014988,0.021352,0.028841,0.032591,0.035256,0.038036,0.037097,0.036786,0.034741,0.030860,NaN,NaN,NaN,NaN,NaN
NaN,NaN,NaN,NaN,NaN,NaN,0.019837,0.026253,0.033542,0.042111,0.046045,0.053664,0.058319,0.063850,0.067766,0.068670,0.066960,0.066452,0.063978,0.059710,0.053525,0.041397,0.032476,0.021481,0.013511,-0.000251,-0.011745,-0.025712,-0.035912,-0.047720,-0.055952,-0.067586,NaN,-0.081085,-0.085552,-0.090377,-0.089647,-0.089820,-0.089588,-0.084867,-0.079778,-0.072366,-0.061401,-0.054631,-0.048817,-0.038397,-0.028380,-0.015738,-0.006712,0.001788,0.009079,0.016362,0.021442,0.026585,0.029052,0.030740,0.030520,0.030354,0.029271,NaN,NaN,NaN,NaN,NaN
NaN,NaN,NaN,NaN,NaN,NaN,0.038194,0.043521,0.045716,0.049704,0.049762,0.051067,0.051549,0.050074,0.048444,0.045388,0.041235,0.034397,0.029635,0.022212,0.013934,0.004674,-0.005150,-0.013904,-0.023729,-0.032796,-0.040608,-0.050585,-0.058518,-0.065735,-0.070489,-0.078343,NaN,-0.087296,-0.086193,-0.089426,-0.089205,-0.089076,-0.088783,-0.085683,-0.081353,-0.077275,-0.069862,-0.064158,-0.058606,-0.052084,-0.045938,-0.034474,-0.025842,-0.021376,-0.012579,-0.004992,0.001548,0.006446,0.009345,0.012441,0.015638,0.018123,0.018410,NaN,NaN,NaN,NaN,NaN
NaN,NaN,NaN,NaN,NaN,NaN,-0.004301,0.001540,0.008535,0.017368,0.024737,0.036716,0.045221,0.053214,0.061758,0.066079,0.072037,0.075608,0.077522,0.076675,0.073491,0.066142,0.058618,0.048814,0.038271,0.026249,0.012580,-0.001067,-0.017336,-0.028334,-0.041654,-0.054210,NaN,-0.072346,-0.082169,-0.085589,-0.088950,-0.090450,-0.088931,-0.086238,-0.078591,-0.071480,-0.061345,-0.049757,-0.043426,-0.031763,-0.019105,-0.007797,0.004114,0.013316,0.020907,0.027001,0.033090,0.035318,0.037755,0.038620,0.036931,0.034263,0.028576,NaN,NaN,NaN,NaN,NaN
NaN,NaN,NaN,NaN,NaN,NaN,0.033000,0.032809,0.035663,0.034182,0.034155,0.032067,0.030178,0.027737,0.023748,0.022132,0.014497,0.010225,0.004319,-0.000012,-0.008849,-0.015913,-0.022519,-0.029231,-0.032757,-0.042368,-0.047359,-0.052007,-0.062393,-0.063687,-0.067651,-0.073892,NaN,-0.079743,-0.087899,-0.086620,-0.089789,-0.087193,-0.090757,-0.087609,-0.087824,-0.081631,-0.082508,-0.078897,-0.075338,-0.071968,-0.065729,-0.060111,-0.053809,-0.052008,-0.043557,-0.038256,-0.031431,-0.026814,-0.022952,-0.020406,-0.015099,-0.008346,-0.006762,NaN,NaN,NaN,NaN,NaN
NaN,NaN,NaN,NaN,NaN,NaN,0.033013,0.034092,0.034450,0.035607,0.033950,0.033650,0.027583,0.027258,0.024131,0.022142,0.015213,0.011244,0.006661,0.000482,-0.007634,-0.015700,-0.022581,-0.028729,-0.035071,-0.041029,-0.045837,-0.052288,-0.060037,-0.062262,-0.069341,-0.073976,NaN,-0.079765,-0.083266,-0.084041,-0.085741,-0.088470,-0.087068,-0.087286,-0.085127,-0.083640,-0.080044,-0.078659,-0.076128,-0.070770,-0.067284,-0.058027,-0.054083,-0.051746,-0.043003,-0.037563,-0.031857,-0.027392,-0.023475,-0.020088,-0.014192,-0.009916,-0.005565,NaN,NaN,NaN,NaN,NaN
NaN,NaN,NaN,NaN,NaN,NaN,0.000113,0.008459,0.015351,0.023495,0.031678,0.041522,0.049291,0.058508,0.064007,0.069410,0.073413,0.074118,0.074322,0.071935,0.067023,0.058079,0.049006,0.038332,0.026135,0.015122,0.000811,-0.014773,-0.029159,-0.041976,-0.053102,-0.063957,NaN,-0.080005,-0.087276,-0.089825,-0.090349,-0.090150,-0.087329,-0.080206,-0.076248,-0.064638,-0.053325,-0.041323,-0.031605,-0.021348,-0.010267,0.003060,0.013100,0.020561,0.027929,0.033542,0.037923,0.039441,0.041121,0.041142,0.038237,0.033783,0.029162,NaN,NaN,NaN,NaN,NaN
NaN,NaN,NaN,NaN,NaN,NaN,0.036917,0.040769,0.041875,0.042573,0.043327,0.043850,0.042775,0.038165,0.038050,0.033939,0.031113,0.023775,0.020244,0.013973,0.006747,-0.001165,-0.008782,-0.016931,-0.020305,-0.031074,-0.038843,-0.045983,-0.053608,-0.057593,-0.063874,-0.068353,NaN,-0.079984,-0.081618,-0.083667,-0.084975,-0.089066,-0.087481,-0.086445,-0.086672,-0.082715,-0.078385,-0.076976,-0.074355,-0.069600,-0.064683,-0.055937,-0.050368,-0.045572,-0.037834,-0.032874,-0.027042,-0.020221,-0.018288,-0.011564,-0.008086,-0.003416,-0.000725,NaN,NaN,NaN,NaN,NaN
NaN,NaN,NaN,NaN,NaN,NaN,0.036509,0.042087,0.045366,0.050518,0.051769,0.054161,0.054619,0.055759,0.054525,0.052090,0.047841,0.043618,0.038397,0.032495,0.024661,0.014436,0.007172,-0.003098,-0.011751,-0.018612,-0.030098,-0.035980,-0.050744,-0.053991,-0.063324,-0.070454,NaN,-0.082172,-0.083121,-0.087771,-0.089141,-0.089156,-0.088309,-0.089299,-0.085616,-0.079687,-0.073014,-0.069298,-0.064716,-0.059258,-0.049884,-0.041879,-0.033713,-0.027636,-0.020609,-0.012368,-0.007151,-0.000924,0.002200,0.006439,0.010597,0.014638,0.015133,NaN,NaN,NaN,NaN,NaN
NaN,NaN,NaN,NaN,NaN,NaN,0.037638,0.042625,0.046726,0.050955,0.053750,0.055168,0.056329,0.056909,0.055133,0.054952,0.051357,0.046195,0.044143,0.037356,0.028630,0.018596,0.011704,0.002226,-0.006836,-0.016423,-0.024406,-0.033729,-0.043957,-0.050945,-0.057503,-0.067412,NaN,-0.080767,-0.080464,-0.084362,-0.088532,-0.088399,-0.090370,-0.089868,-0.086611,-0.081650,-0.076139,-0.070530,-0.067944,-0.060756,-0.055360,-0.043417,-0.037194,-0.030877,-0.020962,-0.015916,-0.010185,-0.003024,0.001554,0.005479,0.007708,0.012478,0.013471,NaN,NaN,NaN,NaN,NaN
NaN,NaN,NaN,NaN,NaN,NaN,0.020528,0.026282,0.034136,0.038921,0.049235,0.052936,0.060300,0.065016,0.067067,0.068930,0.068492,0.065485,0.061809,0.057344,0.048669,0.041457,0.030713,0.020406,0.010124,-0.001280,-0.013692,-0.026766,-0.039976,-0.047713,-0.058890,-0.068584,NaN,-0.079969,-0.086771,-0.088328,-0.089968,-0.089981,-0.088615,-0.084628,-0.079790,-0.072062,-0.063614,-0.052900,-0.045407,-0.035687,-0.025541,-0.015022,-0.005415,0.001553,0.010776,0.018824,0.023242,0.026698,0.028055,0.031815,0.032644,0.032059,0.029049,NaN,NaN,NaN,NaN,NaN
NaN,NaN,NaN,NaN,NaN,NaN,0.037088,0.041886,0.045904,0.050249,0.052188,0.056025,0.057551,0.056847,0.056192,0.054926,0.050122,0.046278,0.042669,0.035733,0.031187,0.020504,0.010865,0.001662,-0.004259,-0.014869,-0.025388,-0.033544,-0.041700,-0.050772,-0.058392,-0.066139,NaN,-0.078364,-0.080752,-0.085651,-0.087893,-0.089301,-0.090409,-0.088679,-0.086770,-0.081539,-0.076367,-0.070184,-0.068230,-0.061079,-0.054107,-0.044835,-0.037124,-0.033491,-0.023953,-0.017405,-0.009751,-0.004443,0.000129,0.004722,0.008447,0.010307,0.012453,NaN,NaN,NaN,NaN,NaN
NaN,NaN,NaN,NaN,NaN,NaN,0.011608,0.017649,0.024553,0.031490,0.041758,0.049231,0.055210,0.063303,0.067015,0.071210,0.072531,0.071267,0.071030,0.066343,0.059973,0.053089,0.040694,0.030495,0.024336,0.008332,-0.004166,-0.015627,-0.031624,-0.043481,-0.054204,-0.063435,NaN,-0.077737,-0.086418,-0.087973,-0.090232,-0.089900,-0.087300,-0.083817,-0.078607,-0.066656,-0.060051,-0.049786,-0.041251,-0.031857,-0.021675,-0.008658,0.000894,0.009006,0.016254,0.023482,0.030624,0.033606,0.035915,0.035856,0.035836,0.032953,0.028198,NaN,NaN,NaN,NaN,NaN
NaN,NaN,NaN,NaN,NaN,NaN,0.005954,0.013024,0.021000,0.029253,0.039013,0.048092,0.053955,0.062853,0.065814,0.070825,0.072607,0.071226,0.071903,0.065672,0.058701,0.049458,0.037833,0.025853,0.015016,0.000807,-0.011508,-0.025037,-0.039225,-0.052470,-0.060702,-0.072691,NaN,-0.085686,-0.089603,-0.090845,-0.089061,-0.086624,-0.084611,-0.075360,-0.067559,-0.054218,-0.044221,-0.033444,-0.022513,-0.010651,0.000142,0.012590,0.022363,0.028648,0.034114,0.041668,0.041326,0.043138,0.041703,0.042201,0.038553,0.033195,0.027960,NaN,NaN,NaN,NaN,NaN
NaN,NaN,NaN,NaN,NaN,NaN,0.011606,0.017809,0.025103,0.033687,0.041587,0.049894,0.057101,0.062495,0.066363,0.067990,0.069409,0.070788,0.068883,0.064418,0.058003,0.048140,0.040287,0.028300,0.016527,0.002657,-0.008992,-0.020945,-0.034091,-0.045961,-0.056019,-0.068573,NaN,-0.085013,-0.087021,-0.088443,-0.089298,-0.088588,-0.087344,-0.081975,-0.075216,-0.067089,-0.055552,-0.046266,-0.038527,-0.029294,-0.016279,-0.003300,0.003710,0.012728,0.019735,0.026754,0.031379,0.034883,0.036630,0.036874,0.036199,0.033674,0.030304,NaN,NaN,NaN,NaN,NaN
NaN,NaN,NaN,NaN,NaN,NaN,0.027278,0.027516,0.028304,0.028526,0.025725,0.023445,0.021668,0.018527,0.016146,0.010202,0.006151,0.000944,-0.005425,-0.008191,-0.013349,-0.022678,-0.026787,-0.033855,-0.037289,-0.044880,-0.048413,-0.053228,-0.057774,-0.065410,-0.068250,-0.073850,NaN,-0.080341,-0.079226,-0.084384,-0.084794,-0.087850,-0.085365,-0.085657,-0.083723,-0.084060,-0.078628,-0.077748,-0.075989,-0.074410,-0.072397,-0.064523,-0.059098,-0.056251,-0.052676,-0.046680,-0.040849,-0.036461,-0.033197,-0.027705,-0.023068,-0.017754,-0.013954,NaN,NaN,NaN,NaN,NaN
NaN,NaN,NaN,NaN,NaN,NaN,0.027289,0.028766,0.030233,0.029015,0.027562,0.024239,0.022835,0.020949,0.017510,0.014020,0.006753,0.002096,-0.003357,-0.007906,-0.011886,-0.018846,-0.025195,-0.032239,-0.033805,-0.041738,-0.046323,-0.052812,-0.059596,-0.064302,-0.068979,-0.073275,NaN,-0.077809,-0.078853,-0.080926,-0.082570,-0.083831,-0.086336,-0.085818,-0.084324,-0.083233,-0.080638,-0.079135,-0.079736,-0.074587,-0.071276,-0.066016,-0.060386,-0.060384,-0.051339,-0.046264,-0.041975,-0.034318,-0.034400,-0.028091,-0.023922,-0.017766,-0.014910,NaN,NaN,NaN,NaN,NaN
NaN,NaN,NaN,NaN,NaN,NaN,0.027945,0.028809,0.029265,0.028477,0.027054,0.024744,0.022298,0.020008,0.017120,0.012287,0.006122,0.001419,-0.002005,-0.008177,-0.011434,-0.021367,-0.026956,-0.034600,-0.037646,-0.043781,-0.048218,-0.051774,-0.059530,-0.062329,-0.066138,-0.073982,NaN,-0.076369,-0.078155,-0.081089,-0.083908,-0.086724,-0.085462,-0.086699,-0.084156,-0.081861,-0.080407,-0.077894,-0.077389,-0.075073,-0.071321,-0.065630,-0.060078,-0.057138,-0.050354,-0.045705,-0.040871,-0.037816,-0.033889,-0.026940,-0.023575,-0.019736,-0.014863,NaN,NaN,NaN,NaN,NaN
NaN,NaN,NaN,NaN,NaN,NaN,0.017613,0.024191,0.030667,0.037204,0.043358,0.049096,0.053504,0.059276,0.059645,0.061394,0.060668,0.059675,0.058764,0.051045,0.046517,0.037262,0.027854,0.019632,0.009057,0.000336,-0.011330,-0.022738,-0.034441,-0.042277,-0.053961,-0.060695,NaN,-0.075018,-0.078977,-0.081906,-0.082508,-0.081468,-0.079437,-0.075524,-0.073194,-0.063229,-0.057028,-0.048172,-0.041195,-0.032520,-0.024022,-0.014429,-0.005424,0.002662,0.009183,0.016765,0.020523,0.023352,0.027245,0.027640,0.029873,0.026621,0.026364,NaN,NaN,NaN,NaN,NaN
NaN,NaN,NaN,NaN,NaN,NaN,0.013659,0.018960,0.025808,0.033970,0.044028,0.051069,0.055785,0.062761,0.066075,0.071012,0.070602,0.070178,0.067137,0.062111,0.055494,0.047445,0.037087,0.024406,0.015045,0.002817,-0.009825,-0.022545,-0.037845,-0.048328,-0.057882,-0.068418,NaN,-0.081764,-0.088318,-0.088830,-0.089617,-0.088725,-0.086377,-0.081041,-0.075174,-0.063775,-0.057614,-0.046275,-0.038060,-0.026960,-0.016939,-0.002810,0.006160,0.012514,0.021706,0.027890,0.033079,0.036486,0.036765,0.038931,0.037001,0.033078,0.030254,NaN,NaN,NaN,NaN,NaN
NaN,NaN,NaN,NaN,NaN,NaN,0.032387,0.032238,0.033984,0.032642,0.033675,0.030083,0.027891,0.026121,0.021903,0.022315,0.013796,0.008588,0.003338,-0.003229,-0.008846,-0.016220,-0.025218,-0.033117,-0.036241,-0.042521,-0.049653,-0.053167,-0.062081,-0.065927,-0.069280,-0.074147,NaN,-0.079430,-0.085407,-0.087001,-0.086405,-0.086000,-0.088292,-0.087730,-0.086817,-0.081678,-0.080622,-0.076128,-0.075751,-0.069556,-0.063110,-0.058868,-0.051457,-0.051575,-0.040300,-0.037190,-0.031140,-0.026425,-0.023385,-0.017644,-0.012912,-0.007767,-0.005209,NaN,NaN,NaN,NaN,NaN
NaN,NaN,NaN,NaN,NaN,NaN,0.000278,0.007969,0.014885,0.024457,0.032115,0.043090,0.051141,0.057295,0.065715,0.070261,0.072857,0.073587,0.072777,0.069716,0.065376,0.055446,0.045716,0.034958,0.025859,0.011821,-0.003372,-0.014408,-0.029763,-0.042378,-0.052495,-0.067477,NaN,-0.083515,-0.085473,-0.089577,-0.089704,-0.088203,-0.084847,-0.079878,-0.072730,-0.061498,-0.051468,-0.040360,-0.032331,-0.020542,-0.010034,0.004907,0.013854,0.020970,0.029695,0.035167,0.038213,0.040649,0.041473,0.040202,0.039153,0.033336,0.029490,NaN,NaN,NaN,NaN,NaN
NaN,NaN,NaN,NaN,NaN,NaN,0.037499,0.042561,0.044565,0.048217,0.048997,0.047849,0.048442,0.046475,0.046510,0.044155,0.038069,0.032820,0.028800,0.023640,0.015426,0.004966,-0.002900,-0.011394,-0.017523,-0.026219,-0.033746,-0.043310,-0.050033,-0.058713,-0.062863,-0.070568,NaN,-0.080932,-0.083222,-0.083511,-0.088183,-0.088601,-0.086775,-0.087200,-0.085531,-0.082133,-0.077121,-0.071613,-0.068545,-0.064062,-0.058112,-0.047484,-0.043537,-0.037491,-0.028692,-0.022527,-0.018779,-0.011035,-0.006959,-0.002822,0.001478,0.005071,0.007937,NaN,NaN,NaN,NaN,NaN
NaN,NaN,NaN,NaN,NaN,NaN,0.024222,0.025136,0.023716,0.022835,0.022420,0.016756,0.013556,0.010418,0.006351,0.004350,-0.001993,-0.005176,-0.009816,-0.016049,-0.024003,-0.028922,-0.035428,-0.041467,-0.046042,-0.053820,-0.058189,-0.061691,-0.067582,-0.070232,-0.071920,-0.075978,NaN,-0.082430,-0.084371,-0.087240,-0.085458,-0.087623,-0.089933,-0.086464,-0.086638,-0.080941,-0.081391,-0.076612,-0.076957,-0.071538,-0.067927,-0.062354,-0.055632,-0.053880,-0.045805,-0.041193,-0.035929,-0.033027,-0.029249,-0.024428,-0.019210,-0.014472,-0.011155,NaN,NaN,NaN,NaN,NaN
NaN,NaN,NaN,NaN,NaN,NaN,0.038402,0.041144,0.043959,0.045294,0.047710,0.045632,0.046337,0.043701,0.041912,0.039465,0.033852,0.027813,0.022925,0.018127,0.008054,-0.000675,-0.009859,-0.017595,-0.025754,-0.032653,-0.040832,-0.048046,-0.056080,-0.062236,-0.069178,-0.073896,NaN,-0.082068,-0.086340,-0.087292,-0.088104,-0.088442,-0.089394,-0.085844,-0.083431,-0.077157,-0.078106,-0.070499,-0.066828,-0.060334,-0.052440,-0.044813,-0.038100,-0.033435,-0.023996,-0.017307,-0.011369,-0.005487,-0.004123,0.000942,0.003530,0.008245,0.010116,NaN,NaN,NaN,NaN,NaN
NaN,NaN,NaN,NaN,NaN,NaN,0.035443,0.040693,0.046926,0.049750,0.052190,0.057045,0.056886,0.057214,0.056560,0.056316,0.051609,0.047000,0.043194,0.035581,0.026634,0.016909,0.006641,-0.002269,-0.011606,-0.022552,-0.031815,-0.040963,-0.052593,-0.059438,-0.066291,-0.076022,NaN,-0.084670,-0.086574,-0.088795,-0.087675,-0.087608,-0.089449,-0.085049,-0.081088,-0.072263,-0.068500,-0.060552,-0.055688,-0.046480,-0.039234,-0.026666,-0.018325,-0.014727,-0.004150,0.002564,0.008135,0.013428,0.015937,0.018884,0.021005,0.023372,0.021728,NaN,NaN,NaN,NaN,NaN
NaN,NaN,NaN,NaN,NaN,NaN,0.034180,0.037060,0.039415,0.040503,0.038875,0.038055,0.037425,0.035432,0.033638,0.031529,0.023659,0.020314,0.017123,0.011258,0.006240,-0.004133,-0.008367,-0.013398,-0.021669,-0.025669,-0.033873,-0.039243,-0.046810,-0.052856,-0.057296,-0.064342,NaN,-0.071446,-0.073242,-0.077545,-0.079804,-0.084157,-0.081826,-0.083558,-0.082398,-0.080574,-0.079126,-0.077305,-0.077968,-0.072831,-0.071952,-0.062624,-0.058232,-0.054522,-0.047903,-0.043094,-0.039240,-0.033084,-0.029285,-0.024052,-0.020839,-0.013990,-0.009690,NaN,NaN,NaN,NaN,NaN
NaN,NaN,NaN,NaN,NaN,NaN,0.021282,0.021841,0.021797,0.020816,0.017565,0.015523,0.013249,0.010529,0.008177,0.005799,-0.000803,-0.006084,-0.007812,-0.013589,-0.018950,-0.026996,-0.030192,-0.036350,-0.039539,-0.045118,-0.046771,-0.051318,-0.057675,-0.058868,-0.066320,-0.070550,NaN,-0.075630,-0.077511,-0.077170,-0.079300,-0.081497,-0.082168,-0.082201,-0.080896,-0.080960,-0.079601,-0.077865,-0.079907,-0.074903,-0.072077,-0.065730,-0.063403,-0.060782,-0.055827,-0.050318,-0.045426,-0.041897,-0.041152,-0.036233,-0.030828,-0.026446,-0.020104,NaN,NaN,NaN,NaN,NaN
NaN,NaN,NaN,NaN,NaN,NaN,0.035741,0.040399,0.045402,0.048831,0.053215,0.052014,0.054566,0.053996,0.054957,0.052590,0.047815,0.042765,0.037952,0.030317,0.021600,0.011361,0.001863,-0.007172,-0.016393,-0.027283,-0.035846,-0.043765,-0.053459,-0.060450,-0.068048,-0.074383,NaN,-0.085104,-0.088286,-0.088833,-0.086693,-0.085503,-0.086644,-0.081840,-0.075599,-0.067740,-0.063712,-0.055787,-0.050248,-0.043949,-0.033155,-0.023146,-0.014754,-0.008899,-0.001062,0.005808,0.009795,0.015914,0.019802,0.021475,0.022707,0.023433,0.024086,NaN,NaN,NaN,NaN,NaN
NaN,NaN,NaN,NaN,NaN,NaN,0.037950,0.041243,0.043600,0.045539,0.046807,0.045020,0.045905,0.044765,0.040681,0.040240,0.034948,0.030760,0.024447,0.020077,0.013817,0.004836,-0.002529,-0.009531,-0.015503,-0.023489,-0.030140,-0.036416,-0.044240,-0.051129,-0.057136,-0.065399,NaN,-0.075197,-0.077488,-0.082094,-0.081971,-0.086117,-0.086137,-0.085675,-0.086444,-0.081837,-0.079712,-0.076422,-0.074988,-0.070786,-0.067253,-0.059334,-0.053164,-0.051129,-0.041873,-0.035869,-0.030175,-0.024598,-0.020147,-0.016713,-0.010648,-0.005207,-0.003859,NaN,NaN,NaN,NaN,NaN
NaN,NaN,NaN,NaN,NaN,NaN,0.026516,0.025998,0.027748,0.025306,0.024876,0.022632,0.018215,0.014358,0.013055,0.010254,0.003576,-0.001493,-0.005067,-0.011222,-0.017315,-0.026210,-0.030051,-0.037787,-0.041163,-0.045882,-0.051694,-0.058807,-0.063014,-0.066158,-0.069168,-0.073887,NaN,-0.079958,-0.083760,-0.085392,-0.085164,-0.087616,-0.086835,-0.084561,-0.085494,-0.082640,-0.081485,-0.078994,-0.077766,-0.074813,-0.069589,-0.065429,-0.058736,-0.056141,-0.048872,-0.043709,-0.039139,-0.034784,-0.031818,-0.027587,-0.022142,-0.017653,-0.013581,NaN,NaN,NaN,NaN,NaN
NaN,NaN,NaN,NaN,NaN,NaN,0.035510,0.037721,0.039144,0.039428,0.039850,0.037419,0.034935,0.032375,0.029611,0.027991,0.022490,0.015574,0.011359,0.003911,-0.003968,-0.012160,-0.019659,-0.027564,-0.032904,-0.042461,-0.050720,-0.055094,-0.063062,-0.067153,-0.070644,-0.076617,NaN,-0.081515,-0.088279,-0.086622,-0.090241,-0.087898,-0.089082,-0.086494,-0.085537,-0.079136,-0.076843,-0.070630,-0.070990,-0.065631,-0.058253,-0.051496,-0.044431,-0.041302,-0.032256,-0.025465,-0.019795,-0.013511,-0.012031,-0.006275,-0.002895,0.000867,0.004590,NaN,NaN,NaN,NaN,NaN
NaN,NaN,NaN,NaN,NaN,NaN,0.026976,0.028136,0.027262,0.027085,0.026619,0.023428,0.019935,0.019525,0.015222,0.012166,0.006136,0.001318,-0.002210,-0.007010,-0.014916,-0.020229,-0.027564,-0.032072,-0.037627,-0.042357,-0.048643,-0.053696,-0.059084,-0.064135,-0.067888,-0.069820,NaN,-0.078464,-0.078259,-0.081745,-0.083496,-0.088002,-0.082691,-0.087217,-0.083606,-0.084332,-0.080698,-0.076763,-0.076963,-0.075370,-0.071617,-0.062721,-0.059678,-0.056855,-0.049121,-0.044794,-0.040240,-0.033899,-0.033753,-0.029678,-0.024051,-0.018417,-0.014947,NaN,NaN,NaN,NaN,NaN
NaN,NaN,NaN,NaN,NaN,NaN,0.029641,0.032951,0.033646,0.031550,0.031920,0.029833,0.026911,0.024324,0.021101,0.016320,0.011046,0.004860,0.001667,-0.006404,-0.012461,-0.017779,-0.026600,-0.032003,-0.038074,-0.045473,-0.050684,-0.055495,-0.064463,-0.065915,-0.070455,-0.077410,NaN,-0.083399,-0.084206,-0.084488,-0.086473,-0.088621,-0.085937,-0.087721,-0.084575,-0.082161,-0.077056,-0.075742,-0.073555,-0.068250,-0.063455,-0.055977,-0.051821,-0.047929,-0.041313,-0.035209,-0.030362,-0.023557,-0.020352,-0.016595,-0.012369,-0.007504,-0.005083,NaN,NaN,NaN,NaN,NaN
NaN,NaN,NaN,NaN,NaN,NaN,0.038043,0.042361,0.043736,0.045765,0.048516,0.048181,0.046592,0.046758,0.046301,0.044752,0.039653,0.033165,0.029675,0.025902,0.018636,0.009763,0.004967,-0.003492,-0.008343,-0.017200,-0.023582,-0.031397,-0.040826,-0.048507,-0.052486,-0.061683,NaN,-0.071684,-0.073670,-0.076778,-0.080299,-0.083740,-0.083899,-0.087314,-0.085927,-0.082774,-0.080734,-0.078490,-0.076545,-0.072859,-0.066289,-0.061885,-0.055693,-0.051287,-0.043916,-0.038687,-0.031334,-0.027825,-0.024656,-0.019069,-0.013275,-0.008212,-0.005382,NaN,NaN,NaN,NaN,NaN
NaN,NaN,NaN,NaN,NaN,NaN,0.028693,0.028611,0.029692,0.028697,0.029714,0.025855,0.023166,0.021711,0.016632,0.015365,0.008720,0.003954,0.000268,-0.005254,-0.010286,-0.017073,-0.023519,-0.029374,-0.033392,-0.039656,-0.042922,-0.050359,-0.056850,-0.060387,-0.064602,-0.070495,NaN,-0.076711,-0.079158,-0.077861,-0.082208,-0.082323,-0.085054,-0.084296,-0.085109,-0.082063,-0.081528,-0.079333,-0.077290,-0.072950,-0.070971,-0.067690,-0.059118,-0.059993,-0.051292,-0.047062,-0.043445,-0.039173,-0.033720,-0.031344,-0.025460,-0.018849,-0.014514,NaN,NaN,NaN,NaN,NaN
NaN,NaN,NaN,NaN,NaN,NaN,0.035698,0.038123,0.040551,0.040555,0.041749,0.040269,0.040342,0.037798,0.034671,0.033778,0.030058,0.023967,0.020924,0.013642,0.009886,0.001565,-0.006545,-0.011138,-0.016849,-0.023849,-0.031591,-0.036437,-0.045437,-0.048719,-0.055055,-0.061873,NaN,-0.074632,-0.075126,-0.075584,-0.080093,-0.079218,-0.084102,-0.085177,-0.083349,-0.080633,-0.081596,-0.078571,-0.078259,-0.074146,-0.070966,-0.066376,-0.059949,-0.057189,-0.049390,-0.045595,-0.039758,-0.034030,-0.032223,-0.025424,-0.021112,-0.015849,-0.011786,NaN,NaN,NaN,NaN,NaN
NaN,NaN,NaN,NaN,NaN,NaN,0.025108,0.025375,0.026638,0.025451,0.022283,0.019401,0.017525,0.015152,0.009935,0.006992,0.000351,-0.004961,-0.008813,-0.015202,-0.019877,-0.028023,-0.033924,-0.038809,-0.044067,-0.047846,-0.052528,-0.059350,-0.062006,-0.067304,-0.071994,-0.076888,NaN,-0.083704,-0.081802,-0.085970,-0.085944,-0.086675,-0.087915,-0.086532,-0.085925,-0.082990,-0.080094,-0.077949,-0.076046,-0.073893,-0.069686,-0.062481,-0.058276,-0.055284,-0.047923,-0.041814,-0.038120,-0.033063,-0.029362,-0.025381,-0.020782,-0.015745,-0.012657,NaN,NaN,NaN,NaN,NaN
NaN,NaN,NaN,NaN,NaN,NaN,0.036816,0.038866,0.040691,0.042010,0.041728,0.041089,0.038894,0.035053,0.033659,0.031595,0.024717,0.017411,0.013847,0.007491,0.000134,-0.007432,-0.015437,-0.022661,-0.029110,-0.037989,-0.044587,-0.050162,-0.059167,-0.063772,-0.071640,-0.075288,NaN,-0.080593,-0.086400,-0.086908,-0.088333,-0.089226,-0.089464,-0.085607,-0.086595,-0.080309,-0.078893,-0.073893,-0.070992,-0.065718,-0.059643,-0.052432,-0.047121,-0.044477,-0.034119,-0.026879,-0.022074,-0.016059,-0.014575,-0.009312,-0.003790,-0.000128,0.002681,NaN,NaN,NaN,NaN,NaN
NaN,NaN,NaN,NaN,NaN,NaN,0.028087,0.033359,0.038663,0.045577,0.051741,0.055950,0.059672,0.062497,0.065182,0.065983,0.064277,0.061416,0.057610,0.052380,0.044725,0.036611,0.024862,0.015725,0.006441,-0.003754,-0.016142,-0.027261,-0.037136,-0.046453,-0.056719,-0.066046,NaN,-0.079761,-0.084037,-0.085597,-0.091429,-0.089077,-0.088453,-0.087382,-0.081709,-0.074132,-0.068258,-0.062400,-0.056767,-0.046382,-0.039324,-0.027634,-0.017363,-0.012986,-0.001019,0.004669,0.011492,0.015643,0.019700,0.024621,0.026675,0.025814,0.024770,NaN,NaN,NaN,NaN,NaN
NaN,NaN,NaN,NaN,NaN,NaN,0.036165,0.039282,0.041603,0.041856,0.042948,0.041907,0.039247,0.038108,0.034932,0.034110,0.030008,0.023263,0.018320,0.011306,0.002758,-0.004658,-0.012179,-0.019507,-0.025801,-0.032732,-0.039969,-0.045896,-0.056818,-0.060436,-0.065522,-0.070567,NaN,-0.077900,-0.083388,-0.085100,-0.086690,-0.087704,-0.087167,-0.087646,-0.085302,-0.082057,-0.077876,-0.075454,-0.073143,-0.067469,-0.062094,-0.053988,-0.048528,-0.046538,-0.036043,-0.029683,-0.025784,-0.018814,-0.015871,-0.010892,-0.007779,-0.001644,-0.000092,NaN,NaN,NaN,NaN,NaN
NaN,NaN,NaN,NaN,NaN,NaN,0.026148,0.026789,0.024776,0.026289,0.023567,0.020253,0.018142,0.015714,0.009341,0.007481,0.005443,-0.001455,-0.005489,-0.011522,-0.018222,-0.024181,-0.032314,-0.037286,-0.041919,-0.048192,-0.052551,-0.057491,-0.063784,-0.064984,-0.070338,-0.073396,NaN,-0.079052,-0.083422,-0.085514,-0.087260,-0.085668,-0.086278,-0.085296,-0.085420,-0.082256,-0.082748,-0.075445,-0.076536,-0.074056,-0.069217,-0.063126,-0.059284,-0.056928,-0.049063,-0.043352,-0.038939,-0.033709,-0.031424,-0.027618,-0.021984,-0.016225,-0.012257,NaN,NaN,NaN,NaN,NaN
NaN,NaN,NaN,NaN,NaN,NaN,0.027395,0.032531,0.040140,0.045148,0.052191,0.055591,0.060294,0.062909,0.064445,0.066115,0.064331,0.059714,0.056889,0.051455,0.042410,0.033342,0.024059,0.015335,0.003675,-0.006133,-0.018729,-0.028270,-0.041517,-0.050399,-0.059112,-0.066685,NaN,-0.078298,-0.084945,-0.087904,-0.089074,-0.090265,-0.087857,-0.086503,-0.082620,-0.072146,-0.067333,-0.060926,-0.056474,-0.043808,-0.036411,-0.025411,-0.016555,-0.011065,0.000011,0.006826,0.013332,0.017180,0.022222,0.025401,0.026170,0.027316,0.026346,NaN,NaN,NaN,NaN,NaN
NaN,NaN,NaN,NaN,NaN,NaN,0.025086,0.025702,0.025703,0.023192,0.022773,0.020145,0.016468,0.014176,0.009569,0.006880,0.000017,-0.004092,-0.008048,-0.013141,-0.018589,-0.028874,-0.033110,-0.039813,-0.042874,-0.049450,-0.054306,-0.059322,-0.064675,-0.069902,-0.072954,-0.074142,NaN,-0.081806,-0.085649,-0.085611,-0.085853,-0.087170,-0.087972,-0.086194,-0.087138,-0.080049,-0.083051,-0.078121,-0.076739,-0.075441,-0.067682,-0.063196,-0.057224,-0.056744,-0.047004,-0.043471,-0.038892,-0.032482,-0.030028,-0.025668,-0.021431,-0.016162,-0.011946,NaN,NaN,NaN,NaN,NaN
NaN,NaN,NaN,NaN,NaN,NaN,-0.001566,0.006046,0.013215,0.021368,0.031909,0.040121,0.049065,0.056001,0.064460,0.069310,0.072414,0.072936,0.075260,0.073078,0.067630,0.061359,0.048577,0.042200,0.028758,0.017490,0.002481,-0.009601,-0.025405,-0.038797,-0.050616,-0.064199,NaN,-0.079340,-0.085226,-0.088090,-0.091767,-0.088937,-0.088254,-0.082453,-0.077362,-0.064951,-0.055647,-0.044579,-0.037551,-0.023928,-0.009854,0.001173,0.010482,0.017854,0.025947,0.032977,0.035372,0.039268,0.040014,0.041028,0.038113,0.034391,0.029458,NaN,NaN,NaN,NaN,NaN
NaN,NaN,NaN,NaN,NaN,NaN,0.033753,0.035194,0.036447,0.036349,0.036914,0.035419,0.034155,0.029322,0.026706,0.024671,0.018069,0.011878,0.010233,0.003237,-0.001876,-0.010333,-0.018514,-0.024129,-0.027948,-0.035489,-0.041269,-0.047584,-0.057632,-0.059688,-0.063413,-0.070819,NaN,-0.079601,-0.081539,-0.083426,-0.085433,-0.085407,-0.087109,-0.087722,-0.086023,-0.082021,-0.081480,-0.076981,-0.076934,-0.072726,-0.066785,-0.061553,-0.055790,-0.054168,-0.046261,-0.040642,-0.035352,-0.029882,-0.026070,-0.020819,-0.016986,-0.011668,-0.007637,NaN,NaN,NaN,NaN,NaN
NaN,NaN,NaN,NaN,NaN,NaN,0.026935,0.028553,0.028000,0.028373,0.027004,0.025438,0.021828,0.019961,0.016440,0.013179,0.006680,0.001095,-0.001236,-0.006163,-0.012356,-0.018769,-0.025689,-0.029051,-0.035980,-0.040588,-0.047047,-0.050932,-0.055443,-0.060004,-0.064887,-0.068670,NaN,-0.075955,-0.077458,-0.081685,-0.081033,-0.085675,-0.084140,-0.083991,-0.084633,-0.081510,-0.077887,-0.076303,-0.076517,-0.073387,-0.071729,-0.064376,-0.060183,-0.056293,-0.050690,-0.045356,-0.041908,-0.037292,-0.032983,-0.028199,-0.023221,-0.018770,-0.014045,NaN,NaN,NaN,NaN,NaN
NaN,NaN,NaN,NaN,NaN,NaN,0.038489,0.041581,0.045251,0.044960,0.047719,0.046619,0.044598,0.043003,0.041074,0.038008,0.032956,0.026914,0.022822,0.014285,0.006969,-0.003622,-0.012125,-0.020486,-0.025524,-0.034844,-0.044508,-0.049725,-0.058412,-0.062974,-0.069845,-0.077267,NaN,-0.084182,-0.089337,-0.088767,-0.088801,-0.088434,-0.088678,-0.087424,-0.083797,-0.077408,-0.074368,-0.069477,-0.065770,-0.060349,-0.052916,-0.043486,-0.037832,-0.032601,-0.024108,-0.016109,-0.010826,-0.005912,-0.001351,0.001421,0.006700,0.007833,0.010440,NaN,NaN,NaN,NaN,NaN
NaN,NaN,NaN,NaN,NaN,NaN,0.027648,0.028165,0.029884,0.028503,0.027767,0.027167,0.022706,0.020212,0.017102,0.013246,0.007926,0.002166,0.000022,-0.006938,-0.010896,-0.018085,-0.024827,-0.032229,-0.036923,-0.041549,-0.046590,-0.050921,-0.058802,-0.062802,-0.069067,-0.069921,NaN,-0.076973,-0.080888,-0.081902,-0.086293,-0.084495,-0.087154,-0.087039,-0.086009,-0.082118,-0.081299,-0.081704,-0.078378,-0.073150,-0.070810,-0.066793,-0.059800,-0.058200,-0.050551,-0.045231,-0.042438,-0.036347,-0.033419,-0.029676,-0.026723,-0.019595,-0.014713,NaN,NaN,NaN,NaN,NaN
NaN,NaN,NaN,NaN,NaN,NaN,0.031854,0.037792,0.044467,0.047860,0.054994,0.056363,0.059599,0.061580,0.059894,0.061913,0.056609,0.052996,0.046857,0.039563,0.029563,0.019303,0.009665,-0.002559,-0.010649,-0.023420,-0.034071,-0.042305,-0.055481,-0.062472,-0.069914,-0.077223,NaN,-0.082741,-0.092485,-0.090215,-0.089155,-0.088615,-0.086168,-0.080705,-0.077494,-0.065716,-0.062113,-0.050887,-0.044804,-0.036006,-0.025226,-0.015093,-0.004677,0.000032,0.009570,0.017155,0.021204,0.025964,0.028484,0.031403,0.030643,0.030267,0.028144,NaN,NaN,NaN,NaN,NaN
NaN,NaN,NaN,NaN,NaN,NaN,0.027796,0.028837,0.029215,0.028858,0.027869,0.023864,0.022298,0.019887,0.016320,0.013087,0.007261,0.002076,-0.001658,-0.007598,-0.014746,-0.022270,-0.025788,-0.034300,-0.038841,-0.045275,-0.050078,-0.055465,-0.061917,-0.063376,-0.068052,-0.073075,NaN,-0.076745,-0.079691,-0.080812,-0.082446,-0.083081,-0.082776,-0.078356,-0.078368,-0.073824,-0.073230,-0.068271,-0.065825,-0.061434,-0.058290,-0.051693,-0.046616,-0.043625,-0.035836,-0.030759,-0.025476,-0.020575,-0.018249,-0.014797,-0.009790,-0.005403,-0.003348,NaN,NaN,NaN,NaN,NaN
NaN,NaN,NaN,NaN,NaN,NaN,0.027152,0.027758,0.028292,0.028562,0.026989,0.025350,0.021912,0.018943,0.014810,0.012386,0.005879,0.001205,-0.002007,-0.007574,-0.012185,-0.021740,-0.026738,-0.032576,-0.037488,-0.043067,-0.049114,-0.054064,-0.061445,-0.064313,-0.067907,-0.071355,NaN,-0.077746,-0.081391,-0.084070,-0.084671,-0.087408,-0.087066,-0.085695,-0.086223,-0.081518,-0.082651,-0.078392,-0.079493,-0.074286,-0.071367,-0.064398,-0.060722,-0.057707,-0.052884,-0.047294,-0.041904,-0.035302,-0.032758,-0.028729,-0.024952,-0.017591,-0.014809,NaN,NaN,NaN,NaN,NaN
NaN,NaN,NaN,NaN,NaN,NaN,0.038301,0.042259,0.045911,0.051856,0.052310,0.055004,0.055551,0.055436,0.053251,0.052648,0.046496,0.041512,0.037029,0.030010,0.025990,0.013257,0.004764,-0.005724,-0.013024,-0.022405,-0.029005,-0.039637,-0.049669,-0.058133,-0.065998,-0.071542,NaN,-0.082431,-0.084691,-0.087751,-0.087424,-0.090435,-0.088821,-0.088989,-0.084528,-0.079742,-0.073523,-0.069654,-0.065442,-0.058646,-0.051937,-0.040545,-0.033429,-0.028233,-0.018881,-0.012085,-0.005617,-0.000070,0.004262,0.008365,0.012196,0.014456,0.017172,NaN,NaN,NaN,NaN,NaN
NaN,NaN,NaN,NaN,NaN,NaN,0.028218,0.035047,0.040501,0.047175,0.053868,0.056123,0.061215,0.062853,0.065435,0.067372,0.064125,0.059173,0.058323,0.049920,0.043103,0.032513,0.023272,0.012875,0.003051,-0.008279,-0.019442,-0.029957,-0.042374,-0.050959,-0.060573,-0.070244,NaN,-0.080729,-0.085992,-0.089220,-0.090287,-0.089823,-0.088614,-0.085664,-0.083508,-0.072363,-0.068038,-0.060498,-0.055083,-0.044078,-0.036557,-0.025479,-0.016728,-0.008656,0.001030,0.008310,0.013004,0.019901,0.023014,0.025321,0.027560,0.028092,0.026859,NaN,NaN,NaN,NaN,NaN
NaN,NaN,NaN,NaN,NaN,NaN,0.024151,0.021784,0.023761,0.020080,0.021468,0.016173,0.012083,0.010201,0.004803,0.000816,-0.003913,-0.007941,-0.013082,-0.019144,-0.025998,-0.033183,-0.038283,-0.045958,-0.049049,-0.053027,-0.059353,-0.064015,-0.071185,-0.073757,-0.078492,-0.079879,NaN,-0.081588,-0.090068,-0.088111,-0.088975,-0.086776,-0.091205,-0.088065,-0.088207,-0.081566,-0.084231,-0.077977,-0.076596,-0.070091,-0.063507,-0.064119,-0.053301,-0.053151,-0.044991,-0.042223,-0.035120,-0.030845,-0.027033,-0.023491,-0.019987,-0.012567,-0.008841,NaN,NaN,NaN,NaN,NaN
NaN,NaN,NaN,NaN,NaN,NaN,0.004300,0.010937,0.016832,0.027030,0.036859,0.044378,0.052892,0.060681,0.065716,0.072514,0.071749,0.073038,0.073324,0.068448,0.061232,0.054300,0.044124,0.032232,0.021213,0.007586,-0.006039,-0.021029,-0.035987,-0.047740,-0.059628,-0.070627,NaN,-0.084404,-0.090888,-0.090329,-0.089937,-0.089746,-0.086068,-0.078230,-0.071133,-0.060378,-0.048874,-0.036662,-0.028776,-0.015914,-0.004597,0.008170,0.017735,0.024596,0.030988,0.036888,0.039933,0.041998,0.042256,0.043119,0.040123,0.034028,0.028081,NaN,NaN,NaN,NaN,NaN
NaN,NaN,NaN,NaN,NaN,NaN,0.031085,0.038034,0.042976,0.049423,0.054186,0.058008,0.063139,0.062684,0.063156,0.062170,0.060569,0.055347,0.048787,0.042973,0.034992,0.024894,0.012576,0.001295,-0.004844,-0.015855,-0.029807,-0.038850,-0.050829,-0.059732,-0.066119,-0.075327,NaN,-0.085428,-0.091536,-0.091261,-0.092367,-0.090843,-0.088709,-0.083966,-0.078852,-0.069873,-0.061842,-0.054949,-0.047939,-0.038389,-0.027593,-0.017359,-0.008451,-0.002545,0.005563,0.014620,0.020879,0.023945,0.025434,0.028931,0.028941,0.030048,0.026904,NaN,NaN,NaN,NaN,NaN
NaN,NaN,NaN,NaN,NaN,NaN,0.025669,0.031335,0.038342,0.045915,0.050443,0.056665,0.062090,0.063018,0.066480,0.068168,0.066923,0.063695,0.060315,0.055561,0.048017,0.039616,0.030720,0.019026,0.013141,-0.000639,-0.011084,-0.022324,-0.033576,-0.043830,-0.055409,-0.062825,NaN,-0.076707,-0.083342,-0.087268,-0.087704,-0.089878,-0.088743,-0.087028,-0.085123,-0.077046,-0.071127,-0.065281,-0.059343,-0.049162,-0.040989,-0.030156,-0.021075,-0.015557,-0.004481,0.002965,0.008800,0.013958,0.017510,0.021493,0.024058,0.024222,0.025223,NaN,NaN,NaN,NaN,NaN
NaN,NaN,NaN,NaN,NaN,NaN,0.029225,0.029304,0.030095,0.028543,0.028134,0.026075,0.023449,0.021480,0.017275,0.015439,0.009273,0.005111,-0.001242,-0.006415,-0.012075,-0.019254,-0.025431,-0.030275,-0.033945,-0.039400,-0.045008,-0.051235,-0.057552,-0.061884,-0.064932,-0.069355,NaN,-0.076755,-0.079867,-0.082588,-0.082990,-0.084269,-0.086536,-0.085429,-0.087157,-0.084189,-0.081400,-0.081125,-0.079941,-0.074097,-0.071600,-0.066328,-0.061337,-0.058246,-0.051546,-0.046609,-0.041842,-0.037389,-0.034948,-0.028307,-0.024983,-0.018044,-0.014178,NaN,NaN,NaN,NaN,NaN
NaN,NaN,NaN,NaN,NaN,NaN,0.038455,0.040383,0.041829,0.042592,0.044603,0.041592,0.040851,0.039817,0.037060,0.034647,0.028729,0.023136,0.018652,0.012748,0.005472,-0.004810,-0.011213,-0.020265,-0.025990,-0.031603,-0.039696,-0.045896,-0.055716,-0.059723,-0.066262,-0.071946,NaN,-0.079910,-0.083344,-0.084989,-0.088029,-0.087991,-0.087009,-0.088292,-0.087550,-0.082162,-0.081464,-0.076094,-0.074890,-0.070268,-0.062688,-0.055710,-0.048839,-0.046892,-0.037716,-0.030726,-0.025145,-0.020995,-0.015676,-0.011673,-0.008137,-0.001370,0.000836,NaN,NaN,NaN,NaN,NaN
NaN,NaN,NaN,NaN,NaN,NaN,0.037731,0.040542,0.040834,0.043917,0.043281,0.043547,0.040305,0.039515,0.036182,0.032822,0.026731,0.022017,0.019229,0.011549,0.004687,-0.007573,-0.012594,-0.020590,-0.026364,-0.034297,-0.043027,-0.049630,-0.055994,-0.060702,-0.065389,-0.073480,NaN,-0.082463,-0.086316,-0.087165,-0.086158,-0.090301,-0.089019,-0.089685,-0.087693,-0.081108,-0.077902,-0.076193,-0.073180,-0.069984,-0.062914,-0.054632,-0.048510,-0.046551,-0.037092,-0.030382,-0.024856,-0.018945,-0.014797,-0.012164,-0.006114,-0.000703,-0.000218,NaN,NaN,NaN,NaN,NaN
NaN,NaN,NaN,NaN,NaN,NaN,0.040231,0.041663,0.045480,0.047265,0.047704,0.048436,0.046788,0.047212,0.043316,0.040175,0.034541,0.029619,0.024803,0.017227,0.009778,-0.000536,-0.008109,-0.016015,-0.023218,-0.032198,-0.039889,-0.048110,-0.058349,-0.062667,-0.067792,-0.074700,NaN,-0.081714,-0.085118,-0.087849,-0.089599,-0.087172,-0.090756,-0.087786,-0.085549,-0.080953,-0.076101,-0.070717,-0.067320,-0.061313,-0.055711,-0.045982,-0.039693,-0.034733,-0.024320,-0.018555,-0.013051,-0.007645,-0.004921,-0.000381,0.003520,0.009013,0.009514,NaN,NaN,NaN,NaN,NaN
NaN,NaN,NaN,NaN,NaN,NaN,0.038394,0.040128,0.043090,0.042883,0.044116,0.041009,0.041426,0.040846,0.036578,0.033378,0.028424,0.022948,0.018798,0.011938,0.006899,-0.004366,-0.010869,-0.019494,-0.025062,-0.032201,-0.040123,-0.046773,-0.055366,-0.061481,-0.066893,-0.071126,NaN,-0.080878,-0.085562,-0.086056,-0.087480,-0.089414,-0.090505,-0.086568,-0.085629,-0.082349,-0.081597,-0.076515,-0.073102,-0.069915,-0.062774,-0.054719,-0.049272,-0.045385,-0.035864,-0.030740,-0.026013,-0.019085,-0.016062,-0.013257,-0.007136,-0.001720,0.001513,NaN,NaN,NaN,NaN,NaN
