NaN,NaN,NaN,NaN,NaN,NaN,-0.000397,0.001497,-0.001525,-0.000433,-0.000097,0.001552,-0.000587,-0.001388,-0.000780,-0.000580,-0.000732,-0.000928,0.000515,-0.000318,0.000687,-0.000726,-0.000085,0.001099,0.000992,0.000224,0.000377,0.000898,-0.000113,0.000318,-0.000172,-0.002605,NaN,-0.001189,-0.000850,-0.001095,-0.000830,0.000012,-0.000237,-0.001329,-0.000490,-0.001799,-0.000498,0.001380,-0.000183,0.000042,-0.000675,0.001069,0.000855,0.001364,0.001096,0.000129,0.000751,0.000717,-0.000549,-0.000747,0.001511,0.000495,-0.000101,NaN,NaN,NaN,NaN,NaN
NaN,NaN,NaN,NaN,NaN,NaN,0.009343,0.021612,0.008184,-0.019539,-0.024514,-0.003002,0.026515,0.024250,-0.005044,-0.032601,-0.026833,0.010601,0.038870,0.022796,-0.021747,-0.039039,-0.012781,0.029061,0.040449,0.004012,-0.035981,-0.035888,0.004181,0.039734,0.034035,-0.010829,NaN,-0.018722,0.020821,0.040157,0.014100,-0.027133,-0.034389,-0.003087,0.032903,0.027877,-0.004850,-0.032057,-0.024721,0.012384,0.030563,0.012339,-0.017850,-0.026828,-0.006082,0.021066,0.021620,-0.002811,-0.019245,-0.015505,0.004437,0.015037,0.008748,NaN,NaN,NaN,NaN,NaN
NaN,NaN,NaN,NaN,NaN,NaN,-0.005257,-0.012295,-0.018710,-0.025524,-0.029706,-0.027874,-0.026849,-0.021005,-0.013551,-0.001989,0.011268,0.022952,0.031610,0.040312,0.044916,0.041089,0.036622,0.027642,0.017561,0.002577,-0.010655,-0.025107,-0.035847,-0.044230,-0.045633,-0.041068,NaN,-0.026680,-0.014416,0.000161,0.015982,0.025763,0.034797,0.041272,0.042607,0.038630,0.029185,0.018993,0.009643,-0.003369,-0.015372,-0.023536,-0.029918,-0.032688,-0.028433,-0.024849,-0.020551,-0.012441,-0.005919,0.004035,0.010134,0.015180,0.015543,NaN,NaN,NaN,NaN,NaN
NaN,NaN,NaN,NaN,NaN,NaN,0.006391,0.004273,0.002554,-0.000628,-0.003003,-0.008731,-0.011567,-0.016667,-0.020297,-0.024576,-0.030531,-0.033198,-0.036626,-0.040231,-0.041896,-0.046253,-0.045818,-0.047881,-0.048088,-0.049747,-0.048537,-0.044865,-0.040851,-0.041087,-0.035056,-0.029855,NaN,-0.020866,-0.016910,-0.012365,-0.001425,0.000616,0.003305,0.010054,0.015433,0.020983,0.025254,0.030993,0.030687,0.034261,0.034776,0.037988,0.037493,0.036833,0.035053,0.033980,0.032157,0.031282,0.028030,0.024754,0.021396,0.016590,0.013922,NaN,NaN,NaN,NaN,NaN
NaN,NaN,NaN,NaN,NaN,NaN,-0.000715,0.000181,0.000279,-0.000460,0.000695,0.001833,-0.000404,0.000422,-0.000599,-0.000578,-0.001716,0.001973,-0.001507,0.000741,0.000143,0.000028,-0.000188,0.000366,-0.000475,-0.001181,-0.001099,-0.001557,0.001905,0.000802,0.002622,0.000047,NaN,-0.001166,-0.000976,-0.000422,0.000973,-0.000084,0.001057,0.000243,-0.000496,0.000546,0.001833,-0.001348,0.000417,-0.001392,-0.001458,-0.000779,0.000859,-0.000421,-0.000640,0.001309,0.000182,-0.000345,0.001674,0.000895,0.001147,0.000898,-0.000561,NaN,NaN,NaN,NaN,NaN
NaN,NaN,NaN,NaN,NaN,NaN,-0.024350,0.008140,-0.007386,0.001499,0.011516,-0.015641,-0.011209,0.013477,-0.005474,0.003317,0.025924,-0.012976,0.004469,-0.041195,0.030060,-0.014126,-0.063104,-0.010812,0.026510,-0.018836,0.054482,0.002440,-0.031867,-0.024878,-0.020109,0.023014,NaN,0.003516,0.019289,0.000116,0.007522,0.050848,-0.010026,-0.029927,-0.007067,-0.010092,-0.004753,0.002399,0.017539,-0.025189,0.030350,-0.002736,-0.004105,0.014456,0.020307,-0.003014,0.020843,-0.012315,0.005617,0.004745,0.006372,-0.002827,-0.007401,NaN,NaN,NaN,NaN,NaN
NaN,NaN,NaN,NaN,NaN,NaN,-0.008971,-0.000050,0.011157,0.021086,0.030240,0.034023,0.028386,0.019409,0.005255,-0.010484,-0.027934,-0.037922,-0.042149,-0.038890,-0.029390,-0.011126,0.006814,0.024489,0.040200,0.045409,0.044465,0.033868,0.019120,-0.001024,-0.020649,-0.034687,NaN,-0.041661,-0.037415,-0.022431,-0.004806,0.012533,0.028254,0.035251,0.038490,0.030910,0.021649,0.006331,-0.009312,-0.019990,-0.029028,-0.029488,-0.025810,-0.016022,-0.007564,0.003537,0.012742,0.017748,0.018275,0.016850,0.011644,0.003840,-0.000641,NaN,NaN,NaN,NaN,NaN
NaN,NaN,NaN,NaN,NaN,NaN,-0.028584,-0.033514,-0.039492,-0.040202,-0.038516,-0.032065,-0.022428,-0.011368,0.002427,0.017630,0.030964,0.043442,0.055208,0.063407,0.063822,0.062442,0.053882,0.042620,0.029952,0.014151,-0.005677,-0.022559,-0.038301,-0.052617,-0.059921,-0.065502,NaN,-0.058679,-0.052213,-0.040828,-0.024102,-0.007801,0.006084,0.023349,0.036645,0.044383,0.051482,0.054662,0.051351,0.046321,0.037549,0.027584,0.014700,0.002975,-0.008810,-0.017290,-0.023635,-0.026706,-0.030467,-0.029780,-0.025406,-0.021184,-0.014315,NaN,NaN,NaN,NaN,NaN
NaN,NaN,NaN,NaN,NaN,NaN,-0.031176,-0.036958,-0.039397,-0.040212,-0.034489,-0.026208,-0.014795,-0.001132,0.012644,0.028129,0.040555,0.053449,0.060812,0.066558,0.065270,0.061685,0.049141,0.036230,0.020970,0.003365,-0.015302,-0.032963,-0.049504,-0.059565,-0.066463,-0.067102,NaN,-0.058242,-0.049100,-0.032044,-0.015400,-0.000475,0.018568,0.031495,0.045520,0.052540,0.054399,0.054624,0.055151,0.045908,0.032860,0.020197,0.007417,-0.005505,-0.014167,-0.022920,-0.029106,-0.031186,-0.034018,-0.032806,-0.027067,-0.019351,-0.012637,NaN,NaN,NaN,NaN,NaN
NaN,NaN,NaN,NaN,NaN,NaN,0.031750,0.038565,0.045378,0.051369,0.057617,0.058387,0.061400,0.061794,0.059770,0.057329,0.051394,0.043452,0.038246,0.028957,0.017140,0.006522,-0.008155,-0.018258,-0.030468,-0.040676,-0.051170,-0.060768,-0.068503,-0.076552,-0.082502,-0.080683,NaN,-0.079937,-0.081334,-0.075684,-0.065768,-0.061929,-0.053109,-0.042162,-0.031805,-0.018769,-0.007233,0.003798,0.011906,0.021085,0.030647,0.034597,0.040428,0.044512,0.044708,0.046420,0.044957,0.042903,0.041762,0.038258,0.031176,0.025862,0.020650,NaN,NaN,NaN,NaN,NaN
NaN,NaN,NaN,NaN,NaN,NaN,0.034261,0.036145,0.037396,0.034703,0.034186,0.028369,0.023929,0.019639,0.014448,0.005761,-0.001804,-0.008727,-0.019761,-0.025511,-0.035366,-0.044560,-0.052515,-0.059891,-0.064638,-0.071343,-0.079503,-0.081787,-0.082288,-0.087055,-0.087018,-0.082089,NaN,-0.081141,-0.078772,-0.074358,-0.068217,-0.062467,-0.054281,-0.049081,-0.040106,-0.028736,-0.020580,-0.015075,-0.007084,0.001709,0.005866,0.014875,0.021076,0.025544,0.027828,0.031545,0.033606,0.034749,0.037428,0.035428,0.036498,0.031149,0.027816,NaN,NaN,NaN,NaN,NaN
NaN,NaN,NaN,NaN,NaN,NaN,0.035932,0.042724,0.046868,0.050919,0.054275,0.052944,0.052768,0.052041,0.046695,0.043675,0.033309,0.024764,0.016904,0.004316,-0.004195,-0.018589,-0.027809,-0.039650,-0.049642,-0.061942,-0.066083,-0.074084,-0.077827,-0.081104,-0.083586,-0.081673,NaN,-0.070989,-0.067728,-0.061345,-0.051217,-0.042020,-0.031001,-0.020774,-0.010384,0.002405,0.012645,0.022931,0.030574,0.035337,0.042356,0.046370,0.049401,0.051572,0.050501,0.047162,0.044004,0.040824,0.037341,0.032711,0.026007,0.020499,0.015065,NaN,NaN,NaN,NaN,NaN
NaN,NaN,NaN,NaN,NaN,NaN,0.015415,0.012250,0.010638,0.005500,0.000279,-0.004724,-0.011379,-0.017858,-0.026555,-0.031014,-0.038427,-0.045611,-0.051727,-0.058301,-0.063845,-0.069157,-0.074075,-0.078106,-0.083076,-0.089209,-0.088927,-0.090147,-0.088137,-0.089887,-0.090107,-0.083427,NaN,-0.079321,-0.076361,-0.073540,-0.062137,-0.059111,-0.054340,-0.046359,-0.038680,-0.031191,-0.022954,-0.017437,-0.011824,-0.004507,0.000499,0.007450,0.014273,0.017176,0.021761,0.023518,0.026169,0.026769,0.029207,0.029969,0.031044,0.026838,0.026952,NaN,NaN,NaN,NaN,NaN
NaN,NaN,NaN,NaN,NaN,NaN,0.000199,-0.004044,-0.006515,-0.011981,-0.015340,-0.021343,-0.025176,-0.030376,-0.035880,-0.040372,-0.045310,-0.051242,-0.057049,-0.061903,-0.066883,-0.069312,-0.073460,-0.075082,-0.082180,-0.081024,-0.086392,-0.088101,-0.084363,-0.086599,-0.088243,-0.083789,NaN,-0.079614,-0.077319,-0.075273,-0.068970,-0.069063,-0.066146,-0.061993,-0.058250,-0.051182,-0.044815,-0.040187,-0.036829,-0.030999,-0.025543,-0.017883,-0.014454,-0.011726,-0.005330,-0.001322,0.001187,0.003699,0.007662,0.008876,0.011252,0.013455,0.012865,NaN,NaN,NaN,NaN,NaN
NaN,NaN,NaN,NaN,NaN,NaN,0.037152,0.037360,0.038637,0.035964,0.034940,0.030002,0.025057,0.020186,0.011965,0.004943,-0.002763,-0.012806,-0.022850,-0.031409,-0.041398,-0.050662,-0.059039,-0.064877,-0.074621,-0.079247,-0.081958,-0.084394,-0.086879,-0.088394,-0.089507,-0.082953,NaN,-0.075067,-0.071117,-0.067012,-0.055423,-0.049861,-0.040750,-0.032211,-0.022923,-0.011954,-0.002483,0.005667,0.012891,0.019923,0.027690,0.032778,0.038071,0.041957,0.042561,0.044585,0.041622,0.040988,0.042824,0.039970,0.036282,0.030232,0.028068,NaN,NaN,NaN,NaN,NaN
NaN,NaN,NaN,NaN,NaN,NaN,0.038410,0.042474,0.046296,0.047348,0.046735,0.045604,0.041612,0.037044,0.031009,0.023866,0.015433,0.006077,-0.004327,-0.016339,-0.024440,-0.036215,-0.047027,-0.056679,-0.065214,-0.073355,-0.078008,-0.081147,-0.082988,-0.086173,-0.085229,-0.082016,NaN,-0.068885,-0.065869,-0.056888,-0.045103,-0.037401,-0.027640,-0.016140,-0.006719,0.005062,0.014290,0.021039,0.029321,0.036634,0.043403,0.047146,0.049671,0.052966,0.049829,0.047723,0.045211,0.040539,0.038966,0.034337,0.028438,0.022502,0.017051,NaN,NaN,NaN,NaN,NaN
NaN,NaN,NaN,NaN,NaN,NaN,0.045517,0.052449,0.056958,0.061245,0.060457,0.062397,0.059613,0.057281,0.051832,0.047216,0.036169,0.023485,0.015677,0.004717,-0.009556,-0.022024,-0.037260,-0.046877,-0.058708,-0.070844,-0.076777,-0.086508,-0.090244,-0.097482,-0.099902,-0.096112,NaN,-0.092581,-0.086662,-0.082536,-0.069849,-0.065552,-0.054807,-0.039868,-0.027637,-0.013915,-0.001714,0.007421,0.018839,0.029178,0.036235,0.043282,0.048728,0.053566,0.053331,0.052066,0.050397,0.048522,0.047265,0.043167,0.038926,0.031113,0.025546,NaN,NaN,NaN,NaN,NaN
NaN,NaN,NaN,NaN,NaN,NaN,0.027895,0.027490,0.027200,0.024871,0.020636,0.016063,0.011246,0.004575,-0.001244,-0.007954,-0.015768,-0.025027,-0.032937,-0.040402,-0.048384,-0.053391,-0.062018,-0.065058,-0.074285,-0.076985,-0.084036,-0.085941,-0.085049,-0.090278,-0.089535,-0.086043,NaN,-0.082840,-0.080272,-0.076565,-0.068912,-0.067175,-0.060549,-0.054068,-0.045613,-0.036889,-0.027588,-0.020565,-0.014507,-0.007272,-0.003490,0.004434,0.011865,0.016494,0.021565,0.022459,0.027716,0.028907,0.030043,0.031039,0.031639,0.029705,0.027751,NaN,NaN,NaN,NaN,NaN
NaN,NaN,NaN,NaN,NaN,NaN,0.011560,0.008857,0.008088,0.003706,-0.000989,-0.008693,-0.013738,-0.019842,-0.026796,-0.031070,-0.038807,-0.046777,-0.054918,-0.060516,-0.066282,-0.072264,-0.076639,-0.078479,-0.084715,-0.086561,-0.087688,-0.089952,-0.087895,-0.091404,-0.090230,-0.083845,NaN,-0.076337,-0.075069,-0.070601,-0.059667,-0.058721,-0.052590,-0.044066,-0.037673,-0.030302,-0.021829,-0.017997,-0.010550,-0.005121,0.002498,0.009168,0.012367,0.018316,0.021153,0.023080,0.027268,0.028177,0.029459,0.029195,0.030162,0.027133,0.026395,NaN,NaN,NaN,NaN,NaN
NaN,NaN,NaN,NaN,NaN,NaN,0.024174,0.022428,0.019874,0.017222,0.012376,0.005484,-0.002028,-0.008730,-0.016231,-0.022958,-0.031879,-0.040649,-0.048900,-0.057140,-0.065762,-0.071148,-0.076373,-0.083343,-0.089353,-0.092853,-0.097108,-0.097723,-0.096574,-0.097835,-0.095920,-0.090238,NaN,-0.083725,-0.080365,-0.074614,-0.065340,-0.059333,-0.054699,-0.045490,-0.036837,-0.024983,-0.019102,-0.010705,-0.003260,0.003847,0.011459,0.018799,0.023651,0.029481,0.032025,0.034777,0.035444,0.036932,0.039453,0.037655,0.036784,0.031839,0.029963,NaN,NaN,NaN,NaN,NaN
NaN,NaN,NaN,NaN,NaN,NaN,-0.005466,-0.009060,-0.012400,-0.018843,-0.021910,-0.029894,-0.032975,-0.040245,-0.046445,-0.051798,-0.056765,-0.061847,-0.066661,-0.070987,-0.074791,-0.078769,-0.082478,-0.084900,-0.090220,-0.090863,-0.091914,-0.089674,-0.091090,-0.090340,-0.090669,-0.085884,NaN,-0.083339,-0.080795,-0.076923,-0.070739,-0.068963,-0.064715,-0.062050,-0.057281,-0.046530,-0.040469,-0.035563,-0.032303,-0.026806,-0.021687,-0.014846,-0.010611,-0.007305,-0.000981,0.003586,0.006132,0.009642,0.011508,0.014239,0.014027,0.014069,0.014090,NaN,NaN,NaN,NaN,NaN
NaN,NaN,NaN,NaN,NaN,NaN,-0.003973,-0.008301,-0.010462,-0.015743,-0.019445,-0.025742,-0.028128,-0.034120,-0.039783,-0.043525,-0.048802,-0.054856,-0.058334,-0.062037,-0.066599,-0.068844,-0.071494,-0.076482,-0.078580,-0.081053,-0.083606,-0.083791,-0.080359,-0.082666,-0.082118,-0.078067,NaN,-0.073865,-0.074635,-0.068870,-0.066002,-0.063711,-0.060638,-0.054715,-0.050902,-0.044151,-0.039563,-0.035111,-0.029462,-0.025726,-0.022201,-0.015597,-0.009614,-0.008232,-0.003511,0.001753,0.002873,0.006238,0.008802,0.011344,0.012760,0.011677,0.013027,NaN,NaN,NaN,NaN,NaN
NaN,NaN,NaN,NaN,NaN,NaN,0.021564,0.020111,0.018833,0.016563,0.010249,0.003744,0.000540,-0.008601,-0.014342,-0.019961,-0.029321,-0.035821,-0.042640,-0.049048,-0.055929,-0.062153,-0.067928,-0.072453,-0.078820,-0.082035,-0.087377,-0.087643,-0.081709,-0.086362,-0.084052,-0.080295,NaN,-0.072268,-0.070428,-0.066535,-0.057738,-0.056031,-0.047565,-0.038615,-0.032244,-0.020969,-0.015890,-0.008705,-0.004593,0.003240,0.007636,0.015822,0.020025,0.025751,0.026037,0.029380,0.031638,0.031541,0.033108,0.032947,0.031888,0.027713,0.027281,NaN,NaN,NaN,NaN,NaN
NaN,NaN,NaN,NaN,NaN,NaN,0.027263,0.027341,0.027230,0.025047,0.020033,0.014251,0.007488,0.001789,-0.004137,-0.010967,-0.020542,-0.030139,-0.036974,-0.043865,-0.051415,-0.060783,-0.066966,-0.071605,-0.079126,-0.085699,-0.089238,-0.090695,-0.091935,-0.093227,-0.092941,-0.090398,NaN,-0.084329,-0.082879,-0.078935,-0.070728,-0.067771,-0.060911,-0.054647,-0.044316,-0.035755,-0.027002,-0.020328,-0.014613,-0.007509,0.000541,0.006796,0.013997,0.018069,0.021716,0.026488,0.029203,0.030188,0.032251,0.032569,0.032723,0.028807,0.029295,NaN,NaN,NaN,NaN,NaN
NaN,NaN,NaN,NaN,NaN,NaN,0.018413,0.017035,0.015639,0.011597,0.007907,0.002809,-0.003543,-0.007239,-0.015246,-0.020421,-0.026812,-0.034506,-0.040721,-0.046978,-0.052424,-0.058906,-0.063334,-0.066699,-0.070559,-0.074371,-0.078308,-0.078373,-0.075388,-0.077204,-0.074400,-0.072528,NaN,-0.065281,-0.062340,-0.060638,-0.050678,-0.046713,-0.042581,-0.036526,-0.026918,-0.018383,-0.011464,-0.006460,-0.000648,0.004954,0.009459,0.015986,0.020113,0.021878,0.025007,0.026085,0.027227,0.028814,0.030757,0.030671,0.028920,0.024203,0.023546,NaN,NaN,NaN,NaN,NaN
NaN,NaN,NaN,NaN,NaN,NaN,0.035895,0.039906,0.042951,0.045024,0.044575,0.042934,0.040140,0.035336,0.031423,0.028852,0.016500,0.009979,0.000937,-0.008609,-0.017568,-0.027189,-0.035812,-0.046153,-0.053997,-0.061835,-0.068284,-0.071592,-0.075454,-0.076779,-0.075653,-0.072601,NaN,-0.065048,-0.061968,-0.057498,-0.046825,-0.039485,-0.030592,-0.019925,-0.011929,-0.001555,0.005902,0.014205,0.021460,0.029130,0.033272,0.037546,0.040259,0.043174,0.042318,0.041389,0.038639,0.036310,0.034271,0.029786,0.026572,0.020102,0.015636,NaN,NaN,NaN,NaN,NaN
NaN,NaN,NaN,NaN,NaN,NaN,-0.023225,-0.030404,-0.036255,-0.038763,-0.035696,-0.032298,-0.023029,-0.013348,0.001163,0.013863,0.026515,0.039733,0.050084,0.058632,0.060521,0.056749,0.050484,0.038174,0.025542,0.011449,-0.006496,-0.021767,-0.039705,-0.048575,-0.059220,-0.061962,NaN,-0.053368,-0.046344,-0.033530,-0.015662,-0.000898,0.012507,0.030178,0.036973,0.045596,0.048179,0.047430,0.045631,0.039103,0.029317,0.015630,0.004824,-0.006535,-0.015941,-0.021537,-0.027014,-0.027823,-0.028549,-0.025553,-0.021031,-0.014000,-0.008644,NaN,NaN,NaN,NaN,NaN
NaN,NaN,NaN,NaN,NaN,NaN,0.010575,0.001776,-0.008130,-0.020617,-0.032211,-0.039797,-0.044300,-0.041661,-0.034929,-0.023713,-0.009477,0.009992,0.026840,0.042043,0.050583,0.058456,0.054616,0.046965,0.032182,0.015644,-0.006727,-0.024361,-0.042200,-0.053769,-0.059225,-0.055714,NaN,-0.029820,-0.019438,0.000176,0.021423,0.036429,0.046797,0.052526,0.049693,0.040497,0.029849,0.014101,0.000575,-0.014645,-0.026451,-0.033313,-0.033848,-0.037180,-0.027066,-0.019269,-0.008779,0.001760,0.009228,0.017386,0.019791,0.018924,0.015255,NaN,NaN,NaN,NaN,NaN
NaN,NaN,NaN,NaN,NaN,NaN,0.005349,0.021625,0.014744,-0.013438,-0.027147,-0.009868,0.023175,0.030912,0.002005,-0.030976,-0.030800,0.006092,0.038716,0.026840,-0.017412,-0.040807,-0.015628,0.026324,0.041566,0.006995,-0.036655,-0.036386,0.006218,0.040985,0.031443,-0.014661,NaN,-0.016995,0.024735,0.038128,0.009135,-0.029700,-0.033691,0.002162,0.034990,0.023631,-0.011295,-0.032647,-0.014413,0.015796,0.028129,0.005723,-0.020750,-0.022419,0.001737,0.020899,0.015183,-0.006974,-0.018378,-0.007659,0.008908,0.013609,0.003190,NaN,NaN,NaN,NaN,NaN
NaN,NaN,NaN,NaN,NaN,NaN,0.011288,0.002868,-0.005697,-0.017891,-0.031648,-0.037412,-0.042206,-0.040433,-0.035117,-0.024297,-0.009597,0.009442,0.025918,0.039430,0.047469,0.059403,0.053262,0.045133,0.030624,0.018002,-0.004588,-0.021459,-0.042019,-0.053060,-0.056371,-0.050985,NaN,-0.030784,-0.018750,0.001141,0.019392,0.032943,0.044818,0.049404,0.046772,0.037108,0.028651,0.014125,0.002021,-0.013191,-0.023273,-0.032845,-0.031908,-0.034757,-0.024963,-0.018676,-0.009099,0.000247,0.009354,0.015418,0.017883,0.017839,0.013331,NaN,NaN,NaN,NaN,NaN
NaN,NaN,NaN,NaN,NaN,NaN,0.011883,0.005791,-0.003940,-0.013559,-0.021798,-0.031337,-0.036857,-0.039549,-0.038524,-0.033142,-0.022389,-0.011271,0.003412,0.016345,0.031591,0.041328,0.050600,0.048811,0.050034,0.038305,0.028894,0.015207,-0.000412,-0.016494,-0.029494,-0.038596,NaN,-0.048233,-0.045075,-0.037769,-0.025256,-0.013355,0.000335,0.014027,0.026928,0.033434,0.036565,0.038587,0.036241,0.029240,0.020086,0.008641,-0.003747,-0.010294,-0.017064,-0.021990,-0.023496,-0.022007,-0.019530,-0.014743,-0.007534,-0.003479,0.002001,NaN,NaN,NaN,NaN,NaN
NaN,NaN,NaN,NaN,NaN,NaN,0.018681,0.011192,0.003469,-0.008031,-0.019772,-0.030556,-0.039186,-0.041596,-0.042072,-0.034141,-0.021001,-0.006905,0.008597,0.024416,0.040078,0.049218,0.053029,0.051447,0.043414,0.029266,0.012521,-0.006906,-0.022795,-0.038914,-0.048294,-0.050826,NaN,-0.040528,-0.030444,-0.014265,0.004327,0.018595,0.032961,0.039868,0.044795,0.041921,0.035597,0.024733,0.011749,-0.003139,-0.013610,-0.023253,-0.029067,-0.031420,-0.027466,-0.022753,-0.014396,-0.006115,0.000863,0.007901,0.012419,0.015938,0.014831,NaN,NaN,NaN,NaN,NaN
NaN,NaN,NaN,NaN,NaN,NaN,0.016629,0.010180,0.002746,-0.010355,-0.023123,-0.031620,-0.043125,-0.042883,-0.040654,-0.034204,-0.021359,-0.004634,0.011506,0.028644,0.043462,0.051192,0.056460,0.051527,0.044575,0.029053,0.012287,-0.007846,-0.029722,-0.043794,-0.051183,-0.052536,NaN,-0.040519,-0.028541,-0.012685,0.008021,0.021425,0.035597,0.044704,0.047613,0.043047,0.034582,0.024066,0.009203,-0.004952,-0.018584,-0.026434,-0.029702,-0.033383,-0.029102,-0.022674,-0.013838,-0.005212,0.003694,0.011961,0.016119,0.016912,0.014145,NaN,NaN,NaN,NaN,NaN
NaN,NaN,NaN,NaN,NaN,NaN,0.022651,0.021577,0.021361,0.020399,0.018917,0.014343,0.011997,0.007202,0.003725,-0.000647,-0.006344,-0.012465,-0.016815,-0.024750,-0.031407,-0.034610,-0.041304,-0.044511,-0.049368,-0.052558,-0.054565,-0.057966,-0.055748,-0.059644,-0.060093,-0.056009,NaN,-0.053439,-0.047760,-0.046304,-0.041376,-0.037359,-0.031139,-0.026145,-0.020285,-0.013948,-0.009493,-0.003679,0.000940,0.005693,0.009523,0.013479,0.018026,0.021438,0.022185,0.024176,0.025819,0.024903,0.025986,0.024245,0.023399,0.020425,0.017629,NaN,NaN,NaN,NaN,NaN
NaN,NaN,NaN,NaN,NaN,NaN,0.034111,0.037870,0.042458,0.042789,0.046239,0.042798,0.041549,0.037235,0.032346,0.028760,0.019737,0.011719,0.002636,-0.006703,-0.016464,-0.025518,-0.034538,-0.045682,-0.051673,-0.060378,-0.064925,-0.069549,-0.069371,-0.072047,-0.069542,-0.065149,NaN,-0.057336,-0.052931,-0.042613,-0.034970,-0.024083,-0.015824,-0.004695,0.004520,0.013714,0.021364,0.026622,0.032311,0.038113,0.039632,0.043968,0.043131,0.044728,0.039959,0.037979,0.033436,0.030395,0.027677,0.021618,0.016775,0.011188,0.005921,NaN,NaN,NaN,NaN,NaN
NaN,NaN,NaN,NaN,NaN,NaN,0.037235,0.039571,0.042703,0.043528,0.043424,0.039173,0.037252,0.031992,0.026567,0.020662,0.012623,0.004940,-0.004550,-0.012825,-0.022412,-0.031793,-0.040436,-0.050753,-0.058402,-0.065083,-0.069949,-0.072562,-0.075740,-0.078799,-0.078661,-0.073593,NaN,-0.068376,-0.066681,-0.060540,-0.051142,-0.043720,-0.038424,-0.028557,-0.020224,-0.008670,-0.000622,0.006337,0.014316,0.022328,0.028138,0.031914,0.035220,0.039989,0.040435,0.038983,0.040043,0.038425,0.037808,0.033231,0.031557,0.024277,0.021753,NaN,NaN,NaN,NaN,NaN
NaN,NaN,NaN,NaN,NaN,NaN,0.037533,0.042628,0.048206,0.049464,0.052729,0.051460,0.050276,0.047536,0.044279,0.038456,0.031756,0.025628,0.017667,0.008282,-0.001736,-0.011809,-0.022424,-0.031280,-0.040894,-0.048588,-0.058261,-0.065100,-0.067761,-0.074733,-0.077839,-0.078924,NaN,-0.078738,-0.076797,-0.072909,-0.065241,-0.063109,-0.054645,-0.047665,-0.039094,-0.029089,-0.020502,-0.010594,-0.003384,0.005384,0.013408,0.018697,0.024831,0.027794,0.032036,0.033822,0.035517,0.033809,0.037629,0.035226,0.034547,0.027316,0.023988,NaN,NaN,NaN,NaN,NaN
NaN,NaN,NaN,NaN,NaN,NaN,0.039335,0.046128,0.052642,0.056441,0.061050,0.058968,0.060518,0.057656,0.055000,0.051264,0.043537,0.036384,0.027083,0.016309,0.006197,-0.005924,-0.018384,-0.029377,-0.040906,-0.050782,-0.061793,-0.071722,-0.075489,-0.081305,-0.085192,-0.086152,NaN,-0.083511,-0.083901,-0.078436,-0.071032,-0.062981,-0.055808,-0.046296,-0.035523,-0.023540,-0.014073,-0.003621,0.006915,0.014287,0.022593,0.030738,0.034506,0.041252,0.042492,0.043917,0.042973,0.043023,0.041488,0.039828,0.035724,0.028257,0.023379,NaN,NaN,NaN,NaN,NaN
NaN,NaN,NaN,NaN,NaN,NaN,0.039754,0.046254,0.051599,0.055413,0.057947,0.059712,0.059560,0.059288,0.055944,0.051729,0.045671,0.039531,0.031853,0.022420,0.012956,0.000560,-0.008401,-0.018778,-0.030398,-0.039506,-0.049231,-0.059746,-0.067146,-0.073684,-0.077094,-0.079889,NaN,-0.083509,-0.083116,-0.081181,-0.078162,-0.074581,-0.067849,-0.059432,-0.050601,-0.042194,-0.032913,-0.024475,-0.015964,-0.004346,0.001446,0.010682,0.017325,0.023874,0.026439,0.030470,0.032229,0.034015,0.036977,0.035408,0.033775,0.029957,0.027767,NaN,NaN,NaN,NaN,NaN
NaN,NaN,NaN,NaN,NaN,NaN,0.025579,0.035079,0.046027,0.054724,0.065506,0.072622,0.077826,0.084775,0.086425,0.089518,0.088313,0.084165,0.076440,0.067680,0.057350,0.046835,0.033237,0.018146,-0.000884,-0.016730,-0.031521,-0.045673,-0.056415,-0.071704,-0.081137,-0.088612,NaN,-0.098516,-0.103992,-0.100670,-0.099277,-0.093279,-0.086331,-0.075349,-0.066975,-0.055424,-0.044047,-0.030156,-0.016877,-0.005194,0.005958,0.017489,0.027695,0.035770,0.039542,0.045479,0.048046,0.048535,0.045508,0.045634,0.041246,0.037473,0.032028,NaN,NaN,NaN,NaN,NaN
NaN,NaN,NaN,NaN,NaN,NaN,0.044515,0.047619,0.048477,0.052948,0.053064,0.054655,0.054642,0.054734,0.050560,0.048739,0.045215,0.040652,0.037325,0.029795,0.023494,0.014154,0.008615,0.002138,-0.005992,-0.013092,-0.020635,-0.031047,-0.033880,-0.041674,-0.048648,-0.053677,NaN,-0.065461,-0.067073,-0.071256,-0.074016,-0.074105,-0.076699,-0.076776,-0.075612,-0.073974,-0.073707,-0.070176,-0.064545,-0.062148,-0.055956,-0.051778,-0.047465,-0.042754,-0.038561,-0.032353,-0.025804,-0.019824,-0.016176,-0.011507,-0.007619,-0.003456,-0.000784,NaN,NaN,NaN,NaN,NaN
NaN,NaN,NaN,NaN,NaN,NaN,0.014988,0.021139,0.029738,0.037938,0.043690,0.053610,0.061451,0.067202,0.075283,0.076140,0.082346,0.081353,0.082480,0.077989,0.075658,0.071207,0.067098,0.057712,0.048604,0.037599,0.027824,0.017735,0.004809,-0.006067,-0.017540,-0.030082,NaN,-0.049262,-0.056511,-0.062115,-0.068657,-0.073681,-0.073438,-0.076271,-0.077540,-0.077785,-0.075338,-0.070801,-0.063465,-0.057180,-0.052317,-0.041739,-0.036582,-0.027325,-0.019481,-0.012441,-0.004274,0.000998,0.004847,0.009028,0.013186,0.016940,0.016841,NaN,NaN,NaN,NaN,NaN
NaN,NaN,NaN,NaN,NaN,NaN,0.007380,-0.000887,-0.014252,-0.024841,-0.036578,-0.046548,-0.054462,-0.059142,-0.057726,-0.054350,-0.043735,-0.030366,-0.014318,0.003428,0.018974,0.039348,0.052274,0.065910,0.071633,0.071365,0.071519,0.064348,0.051668,0.034800,0.018899,-0.002942,NaN,-0.039677,-0.052354,-0.059076,-0.067863,-0.065440,-0.063081,-0.056711,-0.041285,-0.026263,-0.011113,0.005216,0.017366,0.028570,0.037409,0.046390,0.047964,0.045446,0.040811,0.033404,0.025589,0.014887,0.006503,-0.002940,-0.010510,-0.015998,-0.017937,NaN,NaN,NaN,NaN,NaN
NaN,NaN,NaN,NaN,NaN,NaN,0.022649,0.022616,0.018225,0.013624,0.005148,-0.005565,-0.016902,-0.027145,-0.035921,-0.041377,-0.046089,-0.045339,-0.041030,-0.033193,-0.024188,-0.007735,0.006140,0.018656,0.030927,0.041931,0.048521,0.051963,0.051411,0.045915,0.037264,0.026179,NaN,-0.001166,-0.014276,-0.026997,-0.036482,-0.041163,-0.046823,-0.044414,-0.040971,-0.032654,-0.023380,-0.010529,-0.002367,0.010156,0.017115,0.026675,0.030688,0.032049,0.031881,0.026809,0.020903,0.014088,0.009043,0.003309,-0.004338,-0.007568,-0.011281,NaN,NaN,NaN,NaN,NaN
NaN,NaN,NaN,NaN,NaN,NaN,0.018053,0.023453,0.028245,0.028033,0.025736,0.021010,0.012674,0.003474,-0.006950,-0.017356,-0.028491,-0.037329,-0.043686,-0.044112,-0.042808,-0.034377,-0.022921,-0.012064,-0.000413,0.014400,0.026230,0.038711,0.043262,0.046081,0.047604,0.043208,NaN,0.020062,0.010553,-0.005947,-0.019686,-0.028267,-0.038325,-0.043125,-0.043765,-0.038046,-0.032510,-0.022876,-0.014113,-0.001823,0.008597,0.018205,0.025670,0.030137,0.030166,0.028429,0.022325,0.017883,0.010886,0.004110,-0.001646,-0.006886,-0.010082,NaN,NaN,NaN,NaN,NaN
NaN,NaN,NaN,NaN,NaN,NaN,-0.001447,0.005510,0.013367,0.018904,0.025710,0.030081,0.032310,0.030980,0.026167,0.019528,0.006586,-0.005511,-0.017745,-0.029876,-0.038417,-0.042691,-0.044994,-0.042749,-0.037683,-0.026808,-0.013132,0.002020,0.016578,0.029577,0.040324,0.047961,NaN,0.047413,0.041157,0.029239,0.015314,0.001255,-0.012580,-0.026662,-0.035035,-0.042063,-0.043338,-0.040949,-0.035829,-0.027456,-0.016886,-0.004401,0.007738,0.018327,0.024052,0.028329,0.030399,0.027489,0.023066,0.017579,0.008844,0.003909,-0.003176,NaN,NaN,NaN,NaN,NaN
NaN,NaN,NaN,NaN,NaN,NaN,-0.017396,-0.020303,-0.024153,-0.029129,-0.032318,-0.033024,-0.034442,-0.036758,-0.037322,-0.036931,-0.035871,-0.032199,-0.028303,-0.023821,-0.018455,-0.013554,-0.005841,0.001408,0.007629,0.013792,0.023521,0.029257,0.035133,0.039154,0.046183,0.050624,NaN,0.053237,0.056096,0.056316,0.054298,0.052739,0.050320,0.043836,0.040089,0.033701,0.028368,0.024274,0.015504,0.009638,0.003317,-0.002686,-0.008232,-0.013035,-0.017047,-0.021113,-0.024511,-0.026061,-0.025216,-0.026296,-0.025762,-0.026499,-0.021410,NaN,NaN,NaN,NaN,NaN
NaN,NaN,NaN,NaN,NaN,NaN,-0.013002,-0.016360,-0.019207,-0.023869,-0.027790,-0.031726,-0.035072,-0.038447,-0.040373,-0.039644,-0.042589,-0.041251,-0.036907,-0.035766,-0.032815,-0.028592,-0.022766,-0.017296,-0.012064,-0.006313,0.000059,0.008609,0.014172,0.020062,0.024794,0.034986,NaN,0.044268,0.045925,0.051281,0.052078,0.055764,0.051996,0.051731,0.052507,0.049803,0.044576,0.041147,0.037714,0.032690,0.026517,0.022035,0.015413,0.010134,0.003675,-0.002092,-0.006785,-0.010115,-0.009961,-0.013319,-0.015751,-0.017656,-0.018986,NaN,NaN,NaN,NaN,NaN
NaN,NaN,NaN,NaN,NaN,NaN,-0.031671,-0.036695,-0.037405,-0.040788,-0.043351,-0.046351,-0.047432,-0.048435,-0.048406,-0.048402,-0.048096,-0.047542,-0.044480,-0.041255,-0.040773,-0.034170,-0.028597,-0.025097,-0.021725,-0.014262,-0.009221,-0.004391,0.001803,0.005990,0.014334,0.021671,NaN,0.031229,0.034764,0.042820,0.046876,0.049012,0.052168,0.055113,0.055977,0.063481,0.063374,0.064285,0.062133,0.062411,0.061337,0.061200,0.059250,0.053511,0.053030,0.049040,0.045123,0.041767,0.036983,0.033575,0.029137,0.024478,0.020002,NaN,NaN,NaN,NaN,NaN
NaN,NaN,NaN,NaN,NaN,NaN,0.032181,0.030547,0.028312,0.022614,0.016922,0.008492,0.000832,-0.009945,-0.020363,-0.030311,-0.042572,-0.053087,-0.059561,-0.070550,-0.076761,-0.084524,-0.088638,-0.090082,-0.087167,-0.087065,-0.083063,-0.073797,-0.064841,-0.055172,-0.044683,-0.026153,NaN,-0.001047,0.007903,0.021013,0.038231,0.046876,0.054364,0.066085,0.072859,0.078979,0.082647,0.083311,0.079673,0.076665,0.069938,0.064500,0.054327,0.050431,0.036615,0.027520,0.018059,0.007914,0.002755,-0.003032,-0.008755,-0.017222,-0.019297,NaN,NaN,NaN,NaN,NaN
NaN,NaN,NaN,NaN,NaN,NaN,-0.035352,-0.040502,-0.044388,-0.050047,-0.057218,-0.061168,-0.065500,-0.070915,-0.073833,-0.077234,-0.080308,-0.083635,-0.084320,-0.085129,-0.084281,-0.083209,-0.080524,-0.077631,-0.076872,-0.074899,-0.069948,-0.064323,-0.057952,-0.056585,-0.052128,-0.041929,NaN,-0.026567,-0.025518,-0.016994,-0.006839,-0.004511,0.001170,0.008539,0.014448,0.026422,0.028571,0.032336,0.033025,0.037401,0.040231,0.049030,0.050018,0.049486,0.052184,0.052827,0.051101,0.050588,0.047522,0.045019,0.042338,0.039627,0.035711,NaN,NaN,NaN,NaN,NaN
NaN,NaN,NaN,NaN,NaN,NaN,0.017009,0.015967,0.014205,0.011626,0.008909,0.001926,-0.004260,-0.009167,-0.016311,-0.022320,-0.030727,-0.037287,-0.045291,-0.051957,-0.057248,-0.061398,-0.066773,-0.070430,-0.074996,-0.075839,-0.080013,-0.080893,-0.078055,-0.080955,-0.078945,-0.071296,NaN,-0.065091,-0.060956,-0.056820,-0.047406,-0.045235,-0.036926,-0.032302,-0.021730,-0.013169,-0.002733,0.004383,0.008370,0.013901,0.019826,0.024448,0.028995,0.032427,0.035995,0.034809,0.038576,0.040146,0.039702,0.037775,0.035624,0.030866,0.027569,NaN,NaN,NaN,NaN,NaN
NaN,NaN,NaN,NaN,NaN,NaN,0.028073,0.035913,0.041596,0.046499,0.049876,0.051336,0.050573,0.048879,0.048006,0.044131,0.036653,0.029395,0.021104,0.009904,-0.000293,-0.011810,-0.023583,-0.033295,-0.044602,-0.054220,-0.061008,-0.066438,-0.068689,-0.073602,-0.075081,-0.070480,NaN,-0.062015,-0.055383,-0.047268,-0.035261,-0.028495,-0.016664,-0.004356,0.004552,0.016156,0.025653,0.033982,0.041637,0.046364,0.050583,0.050748,0.050598,0.052063,0.046586,0.043372,0.037211,0.032027,0.029045,0.021728,0.015507,0.009714,0.004040,NaN,NaN,NaN,NaN,NaN
NaN,NaN,NaN,NaN,NaN,NaN,-0.027803,-0.031632,-0.039365,-0.040837,-0.041663,-0.036022,-0.029658,-0.016396,-0.007831,0.007931,0.021772,0.035614,0.048228,0.057134,0.060968,0.064275,0.059842,0.051851,0.040648,0.031254,0.014050,-0.003324,-0.020447,-0.035381,-0.046036,-0.054288,NaN,-0.058879,-0.059222,-0.049972,-0.039499,-0.027236,-0.012081,0.001991,0.016990,0.028255,0.039503,0.046655,0.049074,0.051281,0.043455,0.039589,0.028719,0.019640,0.008809,-0.001925,-0.010735,-0.017176,-0.023527,-0.026525,-0.026979,-0.023594,-0.021000,NaN,NaN,NaN,NaN,NaN
NaN,NaN,NaN,NaN,NaN,NaN,-0.001679,-0.006968,0.000768,-0.000853,-0.010031,0.004913,0.019392,-0.030895,-0.005548,0.000117,-0.007471,0.000045,0.005413,-0.013973,0.017345,0.007841,-0.026349,0.022724,0.020761,0.024331,-0.022371,0.010221,-0.031922,0.011643,0.003294,0.005843,NaN,0.018633,-0.000649,0.021610,0.014141,-0.002985,-0.004366,0.007621,-0.006843,0.000307,0.026914,-0.024254,0.021785,-0.009234,-0.015224,0.021719,0.002939,-0.005693,-0.002356,0.002186,-0.002106,0.006248,0.002371,-0.004085,0.001043,0.000353,0.000421,NaN,NaN,NaN,NaN,NaN
NaN,NaN,NaN,NaN,NaN,NaN,NaN,NaN,NaN,NaN,NaN,NaN,NaN,NaN,NaN,NaN,NaN,NaN,NaN,NaN,NaN,NaN,NaN,NaN,NaN,NaN,NaN,NaN,NaN,NaN,NaN,NaN,NaN,NaN,NaN,NaN,NaN,NaN,NaN,NaN,NaN,NaN,NaN,NaN,NaN,NaN,NaN,NaN,NaN,NaN,NaN,NaN,NaN,NaN,NaN,NaN,NaN,NaN,NaN,NaN,NaN,NaN,NaN,NaN
NaN,NaN,NaN,NaN,NaN,NaN,-0.018306,-0.020356,-0.018921,-0.016070,-0.010002,-0.001667,0.006277,0.016578,0.025424,0.032646,0.036790,0.037827,0.033503,0.030027,0.019306,0.007300,-0.007161,-0.021086,-0.029902,-0.038226,-0.045735,-0.048714,-0.044519,-0.037179,-0.027950,-0.013268,NaN,0.017307,0.026732,0.039698,0.048658,0.048367,0.048431,0.042404,0.031240,0.018105,0.002654,-0.010800,-0.021917,-0.030651,-0.036468,-0.042089,-0.039054,-0.034951,-0.024922,-0.016345,-0.006941,0.004014,0.011325,0.016227,0.021925,0.021291,0.019783,NaN,NaN,NaN,NaN,NaN
NaN,NaN,NaN,NaN,NaN,NaN,0.021871,0.022614,0.021889,0.019211,0.016312,0.010286,0.006506,0.001573,-0.006760,-0.013281,-0.020283,-0.029441,-0.034084,-0.039827,-0.044289,-0.050788,-0.055399,-0.053788,-0.054333,-0.052764,-0.052685,-0.047646,-0.039055,-0.033206,-0.025617,-0.013096,NaN,0.003921,0.008227,0.017719,0.031047,0.030978,0.039204,0.046868,0.050846,0.052363,0.056050,0.053477,0.052639,0.049278,0.042514,0.039476,0.030076,0.027179,0.017840,0.009586,0.003168,-0.002301,-0.004534,-0.010832,-0.011889,-0.016878,-0.016802,NaN,NaN,NaN,NaN,NaN
NaN,NaN,NaN,NaN,NaN,NaN,0.026275,0.028336,0.029292,0.029425,0.026719,0.023061,0.017868,0.012908,0.003765,-0.000623,-0.009901,-0.017717,-0.023142,-0.032160,-0.039788,-0.048559,-0.053672,-0.058646,-0.060196,-0.061794,-0.064124,-0.063189,-0.056752,-0.055892,-0.050297,-0.038693,NaN,-0.024892,-0.016826,-0.007901,0.004194,0.010712,0.018297,0.029333,0.036253,0.044167,0.049531,0.051277,0.056340,0.056154,0.056548,0.052410,0.048680,0.046590,0.039518,0.032169,0.026693,0.020748,0.017166,0.011113,0.006025,-0.000717,-0.006426,NaN,NaN,NaN,NaN,NaN
NaN,NaN,NaN,NaN,NaN,NaN,0.010442,0.008049,0.007762,0.003593,-0.001901,-0.006770,-0.009738,-0.016385,-0.020193,-0.023987,-0.031256,-0.037954,-0.039728,-0.044169,-0.048624,-0.053329,-0.055435,-0.060262,-0.061042,-0.063097,-0.063017,-0.065457,-0.061034,-0.060677,-0.057092,-0.052923,NaN,-0.042709,-0.043350,-0.036380,-0.027768,-0.026990,-0.020251,-0.012381,-0.005939,0.003684,0.008058,0.014766,0.017557,0.022307,0.025428,0.032145,0.033799,0.035057,0.036744,0.037902,0.037480,0.037047,0.035538,0.034076,0.033006,0.027798,0.023729,NaN,NaN,NaN,NaN,NaN
NaN,NaN,NaN,NaN,NaN,NaN,0.009767,0.009798,0.006844,0.006897,0.001665,-0.002418,-0.007829,-0.011917,-0.016510,-0.019237,-0.022441,-0.028682,-0.034776,-0.039571,-0.042129,-0.044069,-0.049097,-0.051721,-0.053854,-0.057239,-0.055061,-0.056040,-0.052080,-0.055145,-0.050083,-0.047232,NaN,-0.040293,-0.038406,-0.034121,-0.027512,-0.025134,-0.019213,-0.014844,-0.008502,-0.001469,0.004246,0.009421,0.011349,0.017962,0.020297,0.024149,0.026781,0.028123,0.030455,0.031974,0.031184,0.030708,0.030348,0.029259,0.025731,0.023010,0.020135,NaN,NaN,NaN,NaN,NaN
NaN,NaN,NaN,NaN,NaN,NaN,0.007200,0.021910,0.011833,-0.014600,-0.028055,-0.008158,0.022131,0.027694,0.001330,-0.030976,-0.029560,0.003947,0.036397,0.027902,-0.016789,-0.038324,-0.017641,0.024004,0.038945,0.007923,-0.035209,-0.034823,0.002361,0.037318,0.030176,-0.012508,NaN,-0.020614,0.021644,0.035625,0.007461,-0.031286,-0.033537,-0.000612,0.034863,0.025562,-0.008508,-0.034025,-0.020325,0.013510,0.032337,0.011039,-0.020164,-0.029017,-0.002203,0.021978,0.018794,-0.004296,-0.021454,-0.014053,0.008045,0.016492,0.007190,NaN,NaN,NaN,NaN,NaN
NaN,NaN,NaN,NaN,NaN,NaN,NaN,NaN,NaN,NaN,NaN,NaN,NaN,NaN,NaN,NaN,NaN,NaN,NaN,NaN,NaN,NaN,NaN,NaN,NaN,NaN,NaN,NaN,NaN,NaN,NaN,NaN,NaN,NaN,NaN,NaN,NaN,NaN,NaN,NaN,NaN,NaN,NaN,NaN,NaN,NaN,NaN,NaN,NaN,NaN,NaN,NaN,NaN,NaN,NaN,NaN,NaN,NaN,NaN,NaN,NaN,NaN,NaN,NaN
NaN,NaN,NaN,NaN,NaN,NaN,NaN,NaN,NaN,NaN,NaN,NaN,NaN,NaN,NaN,NaN,NaN,NaN,NaN,NaN,NaN,NaN,NaN,NaN,NaN,NaN,NaN,NaN,NaN,NaN,NaN,NaN,NaN,NaN,NaN,NaN,NaN,NaN,NaN,NaN,NaN,NaN,NaN,NaN,NaN,NaN,NaN,NaN,NaN,NaN,NaN,NaN,NaN,NaN,NaN,NaN,NaN,NaN,NaN,NaN,NaN,NaN,NaN,NaN
NaN,NaN,NaN,NaN,NaN,NaN,0.020075,0.021774,0.020787,0.018633,0.016709,0.014769,0.009648,0.004505,-0.000928,-0.006556,-0.011386,-0.019457,-0.024545,-0.027992,-0.035177,-0.038190,-0.042839,-0.044444,-0.045180,-0.047823,-0.045263,-0.045989,-0.041595,-0.039319,-0.036095,-0.032106,NaN,-0.015665,-0.011835,-0.004826,0.003986,0.010287,0.014832,0.021356,0.027495,0.035805,0.039882,0.040797,0.042761,0.043530,0.043270,0.042933,0.041269,0.037516,0.033037,0.028989,0.025529,0.020355,0.018378,0.012841,0.008047,0.003093,0.000067,NaN,NaN,NaN,NaN,NaN
NaN,NaN,NaN,NaN,NaN,NaN,0.009134,0.007006,0.005732,0.001983,0.000026,-0.005554,-0.008880,-0.013803,-0.019607,-0.022110,-0.026453,-0.029403,-0.035879,-0.037281,-0.041335,-0.045547,-0.048678,-0.047950,-0.050860,-0.049691,-0.049709,-0.051856,-0.045665,-0.045148,-0.044641,-0.040235,NaN,-0.031148,-0.027932,-0.022928,-0.015502,-0.013383,-0.006319,-0.002326,0.002255,0.009277,0.014390,0.017971,0.021564,0.024795,0.029748,0.030106,0.032956,0.031648,0.034389,0.033120,0.031843,0.031644,0.032049,0.030461,0.027968,0.022244,0.022322,NaN,NaN,NaN,NaN,NaN
NaN,NaN,NaN,NaN,NaN,NaN,-0.015178,-0.019166,0.004685,0.027688,0.014279,-0.021259,-0.026529,0.005162,0.032979,0.016768,-0.024167,-0.034039,0.003382,0.038365,0.019700,-0.025561,-0.036030,0.003345,0.039631,0.021690,-0.027185,-0.037935,0.005303,0.038393,0.021316,-0.025420,NaN,0.007001,0.041767,0.021412,-0.028340,-0.036699,0.004083,0.040937,0.020593,-0.025318,-0.034054,0.003784,0.036106,0.019605,-0.022477,-0.030760,0.001667,0.030311,0.015225,-0.017933,-0.024337,0.000126,0.023139,0.013529,-0.011889,-0.016431,0.000138,NaN,NaN,NaN,NaN,NaN
NaN,NaN,NaN,NaN,NaN,NaN,0.004683,0.023745,-0.018250,-0.004160,0.027382,0.016452,0.026771,-0.032301,-0.015485,-0.008871,0.009973,-0.000889,0.012586,0.037083,-0.054433,0.007565,0.027528,-0.024821,0.015503,0.022082,0.040242,0.035136,-0.031164,0.013511,0.037667,0.008920,NaN,0.045530,0.004249,-0.031750,0.025406,-0.003915,0.026110,0.009548,-0.002365,0.023466,0.002735,-0.031523,0.018221,-0.022226,0.026491,0.001708,0.002203,-0.032115,-0.001621,0.010296,0.017339,-0.001763,-0.016475,0.027284,0.003514,0.014257,0.009452,NaN,NaN,NaN,NaN,NaN
NaN,NaN,NaN,NaN,NaN,NaN,0.002687,-0.017379,0.010488,0.007647,0.001064,-0.022533,-0.021453,0.019694,0.013341,-0.036358,0.016555,-0.023994,-0.023044,0.008126,-0.034093,-0.014258,0.033459,-0.038974,-0.038098,-0.026281,0.026744,0.026546,-0.030719,0.004794,0.038888,0.022159,NaN,-0.007671,0.023846,0.026955,-0.028211,0.038797,-0.024662,-0.014937,0.026420,-0.019569,0.027385,-0.008689,-0.030994,0.023470,-0.032154,0.004527,0.004855,-0.004443,-0.005921,0.006362,-0.006567,0.003254,0.011372,0.005784,0.003107,0.003153,0.001467,NaN,NaN,NaN,NaN,NaN
NaN,NaN,NaN,NaN,NaN,NaN,NaN,NaN,NaN,NaN,NaN,NaN,NaN,NaN,NaN,NaN,NaN,NaN,NaN,NaN,NaN,NaN,NaN,NaN,NaN,NaN,NaN,NaN,NaN,NaN,NaN,NaN,NaN,NaN,NaN,NaN,NaN,NaN,NaN,NaN,NaN,NaN,NaN,NaN,NaN,NaN,NaN,NaN,NaN,NaN,NaN,NaN,NaN,NaN,NaN,NaN,NaN,NaN,NaN,NaN,NaN,NaN,NaN,NaN
NaN,NaN,NaN,NaN,NaN,NaN,NaN,NaN,NaN,NaN,NaN,NaN,NaN,NaN,NaN,NaN,NaN,NaN,NaN,NaN,NaN,NaN,NaN,NaN,NaN,NaN,NaN,NaN,NaN,NaN,NaN,NaN,NaN,NaN,NaN,NaN,NaN,NaN,NaN,NaN,NaN,NaN,NaN,NaN,NaN,NaN,NaN,NaN,NaN,NaN,NaN,NaN,NaN,NaN,NaN,NaN,NaN,NaN,NaN,NaN,NaN,NaN,NaN,NaN
NaN,NaN,NaN,NaN,NaN,NaN,NaN,NaN,NaN,NaN,NaN,NaN,NaN,NaN,NaN,NaN,NaN,NaN,NaN,NaN,NaN,NaN,NaN,NaN,NaN,NaN,NaN,NaN,NaN,NaN,NaN,NaN,NaN,NaN,NaN,NaN,NaN,NaN,NaN,NaN,NaN,NaN,NaN,NaN,NaN,NaN,NaN,NaN,NaN,NaN,NaN,NaN,NaN,NaN,NaN,NaN,NaN,NaN,NaN,NaN,NaN,NaN,NaN,NaN
NaN,NaN,NaN,NaN,NaN,NaN,NaN,NaN,NaN,NaN,NaN,NaN,NaN,NaN,NaN,NaN,NaN,NaN,NaN,NaN,NaN,NaN,NaN,NaN,NaN,NaN,NaN,NaN,NaN,NaN,NaN,NaN,NaN,NaN,NaN,NaN,NaN,NaN,NaN,NaN,NaN,NaN,NaN,NaN,NaN,NaN,NaN,NaN,NaN,NaN,NaN,NaN,NaN,NaN,NaN,NaN,NaN,NaN,NaN,NaN,NaN,NaN,NaN,NaN
NaN,NaN,NaN,NaN,NaN,NaN,NaN,NaN,NaN,NaN,NaN,NaN,NaN,NaN,NaN,NaN,NaN,NaN,NaN,NaN,NaN,NaN,NaN,NaN,NaN,NaN,NaN,NaN,NaN,NaN,NaN,NaN,NaN,NaN,NaN,NaN,NaN,NaN,NaN,NaN,NaN,NaN,NaN,NaN,NaN,NaN,NaN,NaN,NaN,NaN,NaN,NaN,NaN,NaN,NaN,NaN,NaN,NaN,NaN,NaN,NaN,NaN,NaN,NaN
NaN,NaN,NaN,NaN,NaN,NaN,NaN,NaN,NaN,NaN,NaN,NaN,NaN,NaN,NaN,NaN,NaN,NaN,NaN,NaN,NaN,NaN,NaN,NaN,NaN,NaN,NaN,NaN,NaN,NaN,NaN,NaN,NaN,NaN,NaN,NaN,NaN,NaN,NaN,NaN,NaN,NaN,NaN,NaN,NaN,NaN,NaN,NaN,NaN,NaN,NaN,NaN,NaN,NaN,NaN,NaN,NaN,NaN,NaN,NaN,NaN,NaN,NaN,NaN
NaN,NaN,NaN,NaN,NaN,NaN,NaN,NaN,NaN,NaN,NaN,NaN,NaN,NaN,NaN,NaN,NaN,NaN,NaN,NaN,NaN,NaN,NaN,NaN,NaN,NaN,NaN,NaN,NaN,NaN,NaN,NaN,NaN,NaN,NaN,NaN,NaN,NaN,NaN,NaN,NaN,NaN,NaN,NaN,NaN,NaN,NaN,NaN,NaN,NaN,NaN,NaN,NaN,NaN,NaN,NaN,NaN,NaN,NaN,NaN,NaN,NaN,NaN,NaN
NaN,NaN,NaN,NaN,NaN,NaN,NaN,NaN,NaN,NaN,NaN,NaN,NaN,NaN,NaN,NaN,NaN,NaN,NaN,NaN,NaN,NaN,NaN,NaN,NaN,NaN,NaN,NaN,NaN,NaN,NaN,NaN,NaN,NaN,NaN,NaN,NaN,NaN,NaN,NaN,NaN,NaN,NaN,NaN,NaN,NaN,NaN,NaN,NaN,NaN,NaN,NaN,NaN,NaN,NaN,NaN,NaN,NaN,NaN,NaN,NaN,NaN,NaN,NaN
NaN,NaN,NaN,NaN,NaN,NaN,NaN,NaN,NaN,NaN,NaN,NaN,NaN,NaN,NaN,NaN,NaN,NaN,NaN,NaN,NaN,NaN,NaN,NaN,NaN,NaN,NaN,NaN,NaN,NaN,NaN,NaN,NaN,NaN,NaN,NaN,NaN,NaN,NaN,NaN,NaN,NaN,NaN,NaN,NaN,NaN,NaN,NaN,NaN,NaN,NaN,NaN,NaN,NaN,NaN,NaN,NaN,NaN,NaN,NaN,NaN,NaN,NaN,NaN
NaN,NaN,NaN,NaN,NaN,NaN,0.014858,-0.016951,0.001409,0.018946,-0.021386,-0.002364,0.025788,-0.023354,-0.004484,0.029234,-0.018308,-0.016494,0.033287,-0.016752,-0.016411,0.034405,-0.008197,-0.027818,0.031893,-0.009964,-0.025136,0.033849,-0.000517,-0.037306,0.024485,0.009008,NaN,0.019899,0.018906,-0.036323,0.016822,0.022324,-0.039778,0.018833,0.021824,-0.032797,0.006036,0.031883,-0.031959,-0.005555,0.027777,-0.025027,-0.006240,0.029697,-0.018247,-0.007599,0.028333,-0.017138,-0.006897,0.022644,-0.009233,-0.012835,0.015004,NaN,NaN,NaN,NaN,NaN
NaN,NaN,NaN,NaN,NaN,NaN,NaN,NaN,NaN,NaN,NaN,NaN,NaN,NaN,NaN,NaN,NaN,NaN,NaN,NaN,NaN,NaN,NaN,NaN,NaN,NaN,NaN,NaN,NaN,NaN,NaN,NaN,NaN,NaN,NaN,NaN,NaN,NaN,NaN,NaN,NaN,NaN,NaN,NaN,NaN,NaN,NaN,NaN,NaN,NaN,NaN,NaN,NaN,NaN,NaN,NaN,NaN,NaN,NaN,NaN,NaN,NaN,NaN,NaN
NaN,NaN,NaN,NaN,NaN,NaN,0.001311,-0.016390,0.017995,0.002755,-0.026718,0.017862,0.008794,-0.029774,0.020337,0.015442,-0.034650,0.004417,0.023889,-0.032619,-0.000340,0.034652,-0.023141,-0.009617,0.030165,-0.027043,-0.009515,0.034776,-0.019156,-0.028225,0.031740,-0.005945,NaN,0.028126,0.005657,-0.032411,0.025738,0.011343,-0.039793,0.027182,0.012186,-0.033602,0.010498,0.027247,-0.033710,0.000081,0.024478,-0.027977,-0.006437,0.031852,-0.017767,-0.007320,0.027310,-0.016301,-0.006042,0.020251,-0.007969,-0.015214,0.013171,NaN,NaN,NaN,NaN,NaN
NaN,NaN,NaN,NaN,NaN,NaN,NaN,NaN,NaN,NaN,NaN,NaN,NaN,NaN,NaN,NaN,NaN,NaN,NaN,NaN,NaN,NaN,NaN,NaN,NaN,NaN,NaN,NaN,NaN,NaN,NaN,NaN,NaN,NaN,NaN,NaN,NaN,NaN,NaN,NaN,NaN,NaN,NaN,NaN,NaN,NaN,NaN,NaN,NaN,NaN,NaN,NaN,NaN,NaN,NaN,NaN,NaN,NaN,NaN,NaN,NaN,NaN,NaN,NaN
NaN,NaN,NaN,NaN,NaN,NaN,NaN,NaN,NaN,NaN,NaN,NaN,NaN,NaN,NaN,NaN,NaN,NaN,NaN,NaN,NaN,NaN,NaN,NaN,NaN,NaN,NaN,NaN,NaN,NaN,NaN,NaN,NaN,NaN,NaN,NaN,NaN,NaN,NaN,NaN,NaN,NaN,NaN,NaN,NaN,NaN,NaN,NaN,NaN,NaN,NaN,NaN,NaN,NaN,NaN,NaN,NaN,NaN,NaN,NaN,NaN,NaN,NaN,NaN
NaN,NaN,NaN,NaN,NaN,NaN,NaN,NaN,NaN,NaN,NaN,NaN,NaN,NaN,NaN,NaN,NaN,NaN,NaN,NaN,NaN,NaN,NaN,NaN,NaN,NaN,NaN,NaN,NaN,NaN,NaN,NaN,NaN,NaN,NaN,NaN,NaN,NaN,NaN,NaN,NaN,NaN,NaN,NaN,NaN,NaN,NaN,NaN,NaN,NaN,NaN,NaN,NaN,NaN,NaN,NaN,NaN,NaN,NaN,NaN,NaN,NaN,NaN,NaN
NaN,NaN,NaN,NaN,NaN,NaN,NaN,NaN,NaN,NaN,NaN,NaN,NaN,NaN,NaN,NaN,NaN,NaN,NaN,NaN,NaN,NaN,NaN,NaN,NaN,NaN,NaN,NaN,NaN,NaN,NaN,NaN,NaN,NaN,NaN,NaN,NaN,NaN,NaN,NaN,NaN,NaN,NaN,NaN,NaN,NaN,NaN,NaN,NaN,NaN,NaN,NaN,NaN,NaN,NaN,NaN,NaN,NaN,NaN,NaN,NaN,NaN,NaN,NaN
NaN,NaN,NaN,NaN,NaN,NaN,NaN,NaN,NaN,NaN,NaN,NaN,NaN,NaN,NaN,NaN,NaN,NaN,NaN,NaN,NaN,NaN,NaN,NaN,NaN,NaN,NaN,NaN,NaN,NaN,NaN,NaN,NaN,NaN,NaN,NaN,NaN,NaN,NaN,NaN,NaN,NaN,NaN,NaN,NaN,NaN,NaN,NaN,NaN,NaN,NaN,NaN,NaN,NaN,NaN,NaN,NaN,NaN,NaN,NaN,NaN,NaN,NaN,NaN
NaN,NaN,NaN,NaN,NaN,NaN,-0.000425,-0.000491,-0.000754,0.000440,0.000136,0.000426,-0.000438,0.000725,0.000795,-0.000248,-0.000668,-0.001645,0.000609,0.001660,0.000233,0.000962,-0.000272,-0.000765,0.002375,0.000767,0.000751,-0.001350,0.001260,0.000995,0.002164,0.000248,NaN,0.001094,0.000134,-0.000747,0.001099,-0.001120,0.001296,0.000592,0.000862,-0.000443,-0.000144,0.002270,-0.000704,-0.000492,-0.000148,0.001412,0.000108,-0.000129,0.001018,-0.000724,0.001180,-0.001026,0.001129,-0.001082,0.001210,0.001116,0.001387,NaN,NaN,NaN,NaN,NaN
NaN,NaN,NaN,NaN,NaN,NaN,0.002478,-0.013830,-0.028338,-0.007657,-0.024661,-0.009811,-0.033913,0.027298,0.012279,-0.003201,-0.019668,0.017883,0.001891,0.024700,0.001276,-0.002517,-0.001898,-0.024755,0.015476,0.013277,0.029809,0.036330,-0.015481,0.026671,0.017673,-0.035972,NaN,0.016293,0.017453,0.014077,0.049024,0.049720,-0.009721,-0.001138,0.032025,-0.014911,-0.021784,0.003763,-0.014146,0.042141,-0.038638,-0.004801,0.013952,0.005754,0.022762,0.003499,0.008160,0.021086,-0.013203,0.005420,-0.011722,0.010504,0.001452,NaN,NaN,NaN,NaN,NaN
NaN,NaN,NaN,NaN,NaN,NaN,NaN,NaN,NaN,NaN,NaN,NaN,NaN,NaN,NaN,NaN,NaN,NaN,NaN,NaN,NaN,NaN,NaN,NaN,NaN,NaN,NaN,NaN,NaN,NaN,NaN,NaN,NaN,NaN,NaN,NaN,NaN,NaN,NaN,NaN,NaN,NaN,NaN,NaN,NaN,NaN,NaN,NaN,NaN,NaN,NaN,NaN,NaN,NaN,NaN,NaN,NaN,NaN,NaN,NaN,NaN,NaN,NaN,NaN
NaN,NaN,NaN,NaN,NaN,NaN,NaN,NaN,NaN,NaN,NaN,NaN,NaN,NaN,NaN,NaN,NaN,NaN,NaN,NaN,NaN,NaN,NaN,NaN,NaN,NaN,NaN,NaN,NaN,NaN,NaN,NaN,NaN,NaN,NaN,NaN,NaN,NaN,NaN,NaN,NaN,NaN,NaN,NaN,NaN,NaN,NaN,NaN,NaN,NaN,NaN,NaN,NaN,NaN,NaN,NaN,NaN,NaN,NaN,NaN,NaN,NaN,NaN,NaN
NaN,NaN,NaN,NaN,NaN,NaN,NaN,NaN,NaN,NaN,NaN,NaN,NaN,NaN,NaN,NaN,NaN,NaN,NaN,NaN,NaN,NaN,NaN,NaN,NaN,NaN,NaN,NaN,NaN,NaN,NaN,NaN,NaN,NaN,NaN,NaN,NaN,NaN,NaN,NaN,NaN,NaN,NaN,NaN,NaN,NaN,NaN,NaN,NaN,NaN,NaN,NaN,NaN,NaN,NaN,NaN,NaN,NaN,NaN,NaN,NaN,NaN,NaN,NaN
NaN,NaN,NaN,NaN,NaN,NaN,NaN,NaN,NaN,NaN,NaN,NaN,NaN,NaN,NaN,NaN,NaN,NaN,NaN,NaN,NaN,NaN,NaN,NaN,NaN,NaN,NaN,NaN,NaN,NaN,NaN,NaN,NaN,NaN,NaN,NaN,NaN,NaN,NaN,NaN,NaN,NaN,NaN,NaN,NaN,NaN,NaN,NaN,NaN,NaN,NaN,NaN,NaN,NaN,NaN,NaN,NaN,NaN,NaN,NaN,NaN,NaN,NaN,NaN
NaN,NaN,NaN,NaN,NaN,NaN,NaN,NaN,NaN,NaN,NaN,NaN,NaN,NaN,NaN,NaN,NaN,NaN,NaN,NaN,NaN,NaN,NaN,NaN,NaN,NaN,NaN,NaN,NaN,NaN,NaN,NaN,NaN,NaN,NaN,NaN,NaN,NaN,NaN,NaN,NaN,NaN,NaN,NaN,NaN,NaN,NaN,NaN,NaN,NaN,NaN,NaN,NaN,NaN,NaN,NaN,NaN,NaN,NaN,NaN,NaN,NaN,NaN,NaN
NaN,NaN,NaN,NaN,NaN,NaN,NaN,NaN,NaN,NaN,NaN,NaN,NaN,NaN,NaN,NaN,NaN,NaN,NaN,NaN,NaN,NaN,NaN,NaN,NaN,NaN,NaN,NaN,NaN,NaN,NaN,NaN,NaN,NaN,NaN,NaN,NaN,NaN,NaN,NaN,NaN,NaN,NaN,NaN,NaN,NaN,NaN,NaN,NaN,NaN,NaN,NaN,NaN,NaN,NaN,NaN,NaN,NaN,NaN,NaN,NaN,NaN,NaN,NaN
NaN,NaN,NaN,NaN,NaN,NaN,NaN,NaN,NaN,NaN,NaN,NaN,NaN,NaN,NaN,NaN,NaN,NaN,NaN,NaN,NaN,NaN,NaN,NaN,NaN,NaN,NaN,NaN,NaN,NaN,NaN,NaN,NaN,NaN,NaN,NaN,NaN,NaN,NaN,NaN,NaN,NaN,NaN,NaN,NaN,NaN,NaN,NaN,NaN,NaN,NaN,NaN,NaN,NaN,NaN,NaN,NaN,NaN,NaN,NaN,NaN,NaN,NaN,NaN
NaN,NaN,NaN,NaN,NaN,NaN,0.000714,0.001487,-0.000587,0.001021,-0.000528,-0.000131,-0.000763,0.000958,-0.000775,-0.000682,-0.000471,0.000368,-0.001139,0.001408,0.002125,-0.000112,-0.000234,-0.000266,0.000113,-0.001730,0.000871,0.000542,-0.000197,-0.001693,0.000298,-0.001666,NaN,0.001067,-0.000839,0.000295,0.000528,0.000098,-0.000633,0.000071,-0.000392,-0.000013,-0.000738,0.000496,0.000053,-0.001272,0.000434,0.001430,0.000191,0.001379,-0.000712,0.000192,-0.001895,0.000132,-0.001074,0.000696,0.000254,0.000764,-0.000999,NaN,NaN,NaN,NaN,NaN
NaN,NaN,NaN,NaN,NaN,NaN,NaN,NaN,NaN,NaN,NaN,NaN,NaN,NaN,NaN,NaN,NaN,NaN,NaN,NaN,NaN,NaN,NaN,NaN,NaN,NaN,NaN,NaN,NaN,NaN,NaN,NaN,NaN,NaN,NaN,NaN,NaN,NaN,NaN,NaN,NaN,NaN,NaN,NaN,NaN,NaN,NaN,NaN,NaN,NaN,NaN,NaN,NaN,NaN,NaN,NaN,NaN,NaN,NaN,NaN,NaN,NaN,NaN,NaN
NaN,NaN,NaN,NaN,NaN,NaN,NaN,NaN,NaN,NaN,NaN,NaN,NaN,NaN,NaN,NaN,NaN,NaN,NaN,NaN,NaN,NaN,NaN,NaN,NaN,NaN,NaN,NaN,NaN,NaN,NaN,NaN,NaN,NaN,NaN,NaN,NaN,NaN,NaN,NaN,NaN,NaN,NaN,NaN,NaN,NaN,NaN,NaN,NaN,NaN,NaN,NaN,NaN,NaN,NaN,NaN,NaN,NaN,NaN,NaN,NaN,NaN,NaN,NaN
NaN,NaN,NaN,NaN,NaN,NaN,0.000117,0.000114,0.000651,0.000767,-0.000548,0.000178,0.001750,-0.000471,-0.000171,0.001070,0.001527,0.000107,-0.000137,-0.001888,-0.000109,-0.000656,0.001015,-0.001907,0.000091,0.000509,0.001407,-0.000240,-0.001223,-0.000471,-0.001641,-0.000738,NaN,-0.000976,-0.000169,-0.001202,0.000501,-0.000857,-0.002382,0.000558,-0.001323,-0.000183,-0.000033,0.001418,0.001002,0.002009,0.000404,-0.001447,-0.000661,-0.000267,0.000563,0.000697,-0.000313,-0.001309,0.000540,0.000399,-0.000153,-0.000018,-0.000223,NaN,NaN,NaN,NaN,NaN
NaN,NaN,NaN,NaN,NaN,NaN,NaN,NaN,NaN,NaN,NaN,NaN,NaN,NaN,NaN,NaN,NaN,NaN,NaN,NaN,NaN,NaN,NaN,NaN,NaN,NaN,NaN,NaN,NaN,NaN,NaN,NaN,NaN,NaN,NaN,NaN,NaN,NaN,NaN,NaN,NaN,NaN,NaN,NaN,NaN,NaN,NaN,NaN,NaN,NaN,NaN,NaN,NaN,NaN,NaN,NaN,NaN,NaN,NaN,NaN,NaN,NaN,NaN,NaN
NaN,NaN,NaN,NaN,NaN,NaN,0.011173,-0.006309,-0.005676,0.016804,0.022570,0.032217,-0.002266,-0.017116,-0.013357,-0.003445,0.017085,0.020009,-0.029201,-0.023122,0.030878,0.001885,-0.016068,0.022042,-0.011586,-0.008958,-0.023547,-0.000643,-0.049120,-0.049909,-0.003026,-0.037698,NaN,0.027684,0.018859,-0.021730,0.000619,-0.020961,-0.007974,-0.012163,-0.019315,-0.044879,-0.010181,0.023147,-0.012501,0.029238,-0.022371,-0.002441,-0.009583,0.015793,-0.023263,-0.007606,-0.004990,-0.023208,-0.001118,0.030781,0.009705,0.011712,0.007621,NaN,NaN,NaN,NaN,NaN
NaN,NaN,NaN,NaN,NaN,NaN,NaN,NaN,NaN,NaN,NaN,NaN,NaN,NaN,NaN,NaN,NaN,NaN,NaN,NaN,NaN,NaN,NaN,NaN,NaN,NaN,NaN,NaN,NaN,NaN,NaN,NaN,NaN,NaN,NaN,NaN,NaN,NaN,NaN,NaN,NaN,NaN,NaN,NaN,NaN,NaN,NaN,NaN,NaN,NaN,NaN,NaN,NaN,NaN,NaN,NaN,NaN,NaN,NaN,NaN,NaN,NaN,NaN,NaN
NaN,NaN,NaN,NaN,NaN,NaN,NaN,NaN,NaN,NaN,NaN,NaN,NaN,NaN,NaN,NaN,NaN,NaN,NaN,NaN,NaN,NaN,NaN,NaN,NaN,NaN,NaN,NaN,NaN,NaN,NaN,NaN,NaN,NaN,NaN,NaN,NaN,NaN,NaN,NaN,NaN,NaN,NaN,NaN,NaN,NaN,NaN,NaN,NaN,NaN,NaN,NaN,NaN,NaN,NaN,NaN,NaN,NaN,NaN,NaN,NaN,NaN,NaN,NaN
NaN,NaN,NaN,NaN,NaN,NaN,NaN,NaN,NaN,NaN,NaN,NaN,NaN,NaN,NaN,NaN,NaN,NaN,NaN,NaN,NaN,NaN,NaN,NaN,NaN,NaN,NaN,NaN,NaN,NaN,NaN,NaN,NaN,NaN,NaN,NaN,NaN,NaN,NaN,NaN,NaN,NaN,NaN,NaN,NaN,NaN,NaN,NaN,NaN,NaN,NaN,NaN,NaN,NaN,NaN,NaN,NaN,NaN,NaN,NaN,NaN,NaN,NaN,NaN
NaN,NaN,NaN,NaN,NaN,NaN,-0.013411,-0.005846,0.018194,0.007682,-0.004262,0.021321,-0.003987,-0.036656,0.002339,-0.023093,0.019105,-0.030180,-0.015042,-0.003040,0.048149,0.006997,-0.010832,-0.006945,0.006463,-0.015030,0.008875,-0.034991,0.004038,-0.004164,0.014185,-0.035819,NaN,0.039280,0.012675,-0.028607,0.004250,0.014899,-0.020823,0.006487,-0.028423,0.013445,0.017065,0.008863,-0.022449,0.061616,0.018641,0.022997,-0.002474,0.006394,0.003791,0.006918,-0.010644,0.003027,-0.021872,0.000901,0.003269,-0.003854,-0.005269,NaN,NaN,NaN,NaN,NaN
NaN,NaN,NaN,NaN,NaN,NaN,NaN,NaN,NaN,NaN,NaN,NaN,NaN,NaN,NaN,NaN,NaN,NaN,NaN,NaN,NaN,NaN,NaN,NaN,NaN,NaN,NaN,NaN,NaN,NaN,NaN,NaN,NaN,NaN,NaN,NaN,NaN,NaN,NaN,NaN,NaN,NaN,NaN,NaN,NaN,NaN,NaN,NaN,NaN,NaN,NaN,NaN,NaN,NaN,NaN,NaN,NaN,NaN,NaN,NaN,NaN,NaN,NaN,NaN
NaN,NaN,NaN,NaN,NaN,NaN,NaN,NaN,NaN,NaN,NaN,NaN,NaN,NaN,NaN,NaN,NaN,NaN,NaN,NaN,NaN,NaN,NaN,NaN,NaN,NaN,NaN,NaN,NaN,NaN,NaN,NaN,NaN,NaN,NaN,NaN,NaN,NaN,NaN,NaN,NaN,NaN,NaN,NaN,NaN,NaN,NaN,NaN,NaN,NaN,NaN,NaN,NaN,NaN,NaN,NaN,NaN,NaN,NaN,NaN,NaN,NaN,NaN,NaN
NaN,NaN,NaN,NaN,NaN,NaN,-0.000182,0.005785,-0.010454,0.016304,-0.024333,0.020980,-0.023596,0.020116,-0.017712,0.009617,-0.000417,-0.008151,0.014965,-0.024026,0.027875,-0.029289,0.027077,-0.022760,0.016699,-0.008231,-0.000449,0.011790,-0.023899,0.026614,-0.033361,0.029940,NaN,0.022527,-0.017033,0.003259,0.008542,-0.014942,0.023923,-0.031977,0.037371,-0.038131,0.035915,-0.025215,0.020172,-0.008361,-0.001237,0.012676,-0.022619,0.028797,-0.027581,0.028495,-0.026456,0.022977,-0.017065,0.010924,-0.001843,-0.003620,0.008651,NaN,NaN,NaN,NaN,NaN
NaN,NaN,NaN,NaN,NaN,NaN,NaN,NaN,NaN,NaN,NaN,NaN,NaN,NaN,NaN,NaN,NaN,NaN,NaN,NaN,NaN,NaN,NaN,NaN,NaN,NaN,NaN,NaN,NaN,NaN,NaN,NaN,NaN,NaN,NaN,NaN,NaN,NaN,NaN,NaN,NaN,NaN,NaN,NaN,NaN,NaN,NaN,NaN,NaN,NaN,NaN,NaN,NaN,NaN,NaN,NaN,NaN,NaN,NaN,NaN,NaN,NaN,NaN,NaN
NaN,NaN,NaN,NaN,NaN,NaN,0.001228,0.000043,0.000430,0.000625,-0.000077,0.000057,-0.000855,0.000801,0.000137,-0.000230,0.000231,0.000361,-0.000897,0.000459,-0.000749,0.000793,0.000882,-0.000581,-0.000026,0.000073,0.000758,0.000937,0.000571,-0.002743,-0.000753,-0.001330,NaN,0.001413,-0.001059,-0.000299,-0.001065,-0.000455,-0.000436,-0.000884,0.000855,0.000310,0.001453,0.001011,-0.000498,-0.000453,-0.000465,0.000704,-0.000453,-0.000236,0.000100,-0.000865,-0.001400,0.000599,0.000201,0.000186,-0.000598,-0.000320,0.000526,NaN,NaN,NaN,NaN,NaN
NaN,NaN,NaN,NaN,NaN,NaN,NaN,NaN,NaN,NaN,NaN,NaN,NaN,NaN,NaN,NaN,NaN,NaN,NaN,NaN,NaN,NaN,NaN,NaN,NaN,NaN,NaN,NaN,NaN,NaN,NaN,NaN,NaN,NaN,NaN,NaN,NaN,NaN,NaN,NaN,NaN,NaN,NaN,NaN,NaN,NaN,NaN,NaN,NaN,NaN,NaN,NaN,NaN,NaN,NaN,NaN,NaN,NaN,NaN,NaN,NaN,NaN,NaN,NaN
NaN,NaN,NaN,NaN,NaN,NaN,NaN,NaN,NaN,NaN,NaN,NaN,NaN,NaN,NaN,NaN,NaN,NaN,NaN,NaN,NaN,NaN,NaN,NaN,NaN,NaN,NaN,NaN,NaN,NaN,NaN,NaN,NaN,NaN,NaN,NaN,NaN,NaN,NaN,NaN,NaN,NaN,NaN,NaN,NaN,NaN,NaN,NaN,NaN,NaN,NaN,NaN,NaN,NaN,NaN,NaN,NaN,NaN,NaN,NaN,NaN,NaN,NaN,NaN
NaN,NaN,NaN,NaN,NaN,NaN,-0.000961,0.000624,0.000415,0.000485,-0.000675,0.000728,0.000975,-0.000447,-0.000954,0.001081,0.000586,0.000594,-0.000802,-0.001357,-0.000262,0.000530,-0.000735,0.000144,0.000906,0.001317,0.001567,0.000339,-0.000569,-0.002249,0.000934,-0.002571,NaN,0.000132,-0.000129,-0.001380,-0.001221,0.001065,0.000793,0.000244,-0.000281,0.000355,0.000446,-0.002028,0.001046,0.000708,-0.000139,-0.001731,-0.000901,0.001238,0.001057,-0.000124,-0.000306,-0.000638,0.000009,-0.000284,-0.000070,-0.000405,0.000579,NaN,NaN,NaN,NaN,NaN
NaN,NaN,NaN,NaN,NaN,NaN,NaN,NaN,NaN,NaN,NaN,NaN,NaN,NaN,NaN,NaN,NaN,NaN,NaN,NaN,NaN,NaN,NaN,NaN,NaN,NaN,NaN,NaN,NaN,NaN,NaN,NaN,NaN,NaN,NaN,NaN,NaN,NaN,NaN,NaN,NaN,NaN,NaN,NaN,NaN,NaN,NaN,NaN,NaN,NaN,NaN,NaN,NaN,NaN,NaN,NaN,NaN,NaN,NaN,NaN,NaN,NaN,NaN,NaN
NaN,NaN,NaN,NaN,NaN,NaN,NaN,NaN,NaN,NaN,NaN,NaN,NaN,NaN,NaN,NaN,NaN,NaN,NaN,NaN,NaN,NaN,NaN,NaN,NaN,NaN,NaN,NaN,NaN,NaN,NaN,NaN,NaN,NaN,NaN,NaN,NaN,NaN,NaN,NaN,NaN,NaN,NaN,NaN,NaN,NaN,NaN,NaN,NaN,NaN,NaN,NaN,NaN,NaN,NaN,NaN,NaN,NaN,NaN,NaN,NaN,NaN,NaN,NaN
NaN,NaN,NaN,NaN,NaN,NaN,-0.000561,0.001170,-0.000255,0.000650,0.000824,-0.000932,0.000042,0.000688,0.000287,-0.000082,-0.000563,-0.000678,0.001451,0.000921,0.000575,-0.001567,0.001146,0.000059,0.000853,-0.000467,0.000922,-0.000645,0.000543,0.000903,-0.000232,0.000443,NaN,-0.000157,0.001442,0.000694,-0.000466,0.000479,0.000937,0.000443,-0.000391,0.001762,-0.001061,-0.000044,-0.001005,-0.000022,-0.000453,0.000352,-0.000353,0.000317,-0.000474,0.000924,-0.000011,-0.000381,-0.000216,0.000692,-0.000434,0.000058,0.000370,NaN,NaN,NaN,NaN,NaN
NaN,NaN,NaN,NaN,NaN,NaN,NaN,NaN,NaN,NaN,NaN,NaN,NaN,NaN,NaN,NaN,NaN,NaN,NaN,NaN,NaN,NaN,NaN,NaN,NaN,NaN,NaN,NaN,NaN,NaN,NaN,NaN,NaN,NaN,NaN,NaN,NaN,NaN,NaN,NaN,NaN,NaN,NaN,NaN,NaN,NaN,NaN,NaN,NaN,NaN,NaN,NaN,NaN,NaN,NaN,NaN,NaN,NaN,NaN,NaN,NaN,NaN,NaN,NaN
NaN,NaN,NaN,NaN,NaN,NaN,NaN,NaN,NaN,NaN,NaN,NaN,NaN,NaN,NaN,NaN,NaN,NaN,NaN,NaN,NaN,NaN,NaN,NaN,NaN,NaN,NaN,NaN,NaN,NaN,NaN,NaN,NaN,NaN,NaN,NaN,NaN,NaN,NaN,NaN,NaN,NaN,NaN,NaN,NaN,NaN,NaN,NaN,NaN,NaN,NaN,NaN,NaN,NaN,NaN,NaN,NaN,NaN,NaN,NaN,NaN,NaN,NaN,NaN
NaN,NaN,NaN,NaN,NaN,NaN,0.000796,0.000482,0.000052,-0.000518,-0.001553,0.000420,0.000080,-0.000355,-0.000242,-0.000541,-0.000182,-0.000233,0.000373,-0.001169,0.001914,0.001143,0.000247,-0.000056,-0.000465,0.000333,0.001379,-0.001897,-0.000752,0.000338,0.001869,0.000683,NaN,0.000041,-0.000027,0.002010,0.000619,0.000327,0.000518,-0.001196,0.000935,0.000811,-0.001335,0.000129,-0.000416,-0.000005,0.001091,-0.000699,0.000021,0.000972,0.000278,-0.000136,-0.000879,0.001010,-0.000918,-0.000009,-0.000988,0.000745,0.000351,NaN,NaN,NaN,NaN,NaN
NaN,NaN,NaN,NaN,NaN,NaN,-0.006441,-0.001515,-0.004134,-0.003781,0.004860,0.008649,-0.009439,0.003630,0.001042,0.001454,0.010624,0.007550,-0.004478,-0.003483,0.011472,-0.005948,0.015655,-0.015931,0.010253,-0.024589,0.007621,0.011475,-0.004775,0.005724,0.009260,-0.002078,NaN,-0.005906,-0.000495,0.001585,-0.013638,-0.014598,-0.000551,0.008637,-0.014699,0.019645,-0.018158,-0.005133,-0.002113,-0.000236,0.004472,-0.010019,-0.008035,0.003741,0.000148,-0.004073,0.005945,-0.001623,-0.003419,0.004046,0.000796,-0.000688,0.002088,NaN,NaN,NaN,NaN,NaN
NaN,NaN,NaN,NaN,NaN,NaN,0.000210,0.013837,0.017024,-0.008907,0.004068,-0.019555,0.016235,0.004689,0.006375,0.000866,-0.028364,-0.016810,0.000447,-0.043035,0.010419,-0.006029,0.000402,0.029436,0.015474,0.024964,0.030665,0.012868,-0.000567,0.030048,0.014922,0.027856,NaN,-0.029656,0.024696,0.010951,-0.040137,-0.003870,-0.038763,-0.006570,0.030608,0.005750,-0.003908,-0.002885,0.008706,-0.028028,0.032169,0.009350,-0.005849,-0.029135,0.001996,0.017263,0.011416,0.025624,-0.022132,-0.011320,-0.011578,0.001359,-0.011622,NaN,NaN,NaN,NaN,NaN
NaN,NaN,NaN,NaN,NaN,NaN,0.005230,-0.001140,-0.001351,0.001759,0.032988,0.019125,0.019118,-0.021846,-0.007878,-0.017060,-0.018953,0.010385,-0.005311,-0.020589,0.043851,-0.001432,-0.019070,0.046131,0.011902,0.002451,-0.011630,-0.002946,-0.019856,-0.006213,0.024855,-0.006066,NaN,0.015019,0.024394,-0.038211,-0.015337,-0.053002,0.003595,-0.021490,-0.020249,-0.030681,-0.040880,0.000671,-0.019325,0.023926,0.001731,0.008367,-0.026792,0.010892,-0.018033,-0.000821,0.014906,-0.018777,-0.012181,0.020612,-0.007915,0.013122,-0.010748,NaN,NaN,NaN,NaN,NaN
NaN,NaN,NaN,NaN,NaN,NaN,NaN,NaN,NaN,NaN,NaN,NaN,NaN,NaN,NaN,NaN,NaN,NaN,NaN,NaN,NaN,NaN,NaN,NaN,NaN,NaN,NaN,NaN,NaN,NaN,NaN,NaN,NaN,NaN,NaN,NaN,NaN,NaN,NaN,NaN,NaN,NaN,NaN,NaN,NaN,NaN,NaN,NaN,NaN,NaN,NaN,NaN,NaN,NaN,NaN,NaN,NaN,NaN,NaN,NaN,NaN,NaN,NaN,NaN
NaN,NaN,NaN,NaN,NaN,NaN,NaN,NaN,NaN,NaN,NaN,NaN,NaN,NaN,NaN,NaN,NaN,NaN,NaN,NaN,NaN,NaN,NaN,NaN,NaN,NaN,NaN,NaN,NaN,NaN,NaN,NaN,NaN,NaN,NaN,NaN,NaN,NaN,NaN,NaN,NaN,NaN,NaN,NaN,NaN,NaN,NaN,NaN,NaN,NaN,NaN,NaN,NaN,NaN,NaN,NaN,NaN,NaN,NaN,NaN,NaN,NaN,NaN,NaN
NaN,NaN,NaN,NaN,NaN,NaN,-0.001103,-0.000372,-0.000244,-0.000281,0.000069,-0.000678,-0.000386,0.000113,-0.000123,-0.002077,-0.002073,-0.000595,0.000019,0.001072,-0.000174,-0.000245,-0.000802,-0.000134,0.001257,-0.000303,0.000077,0.001630,-0.001875,-0.000566,0.001376,0.000697,NaN,-0.000990,0.000093,0.001664,0.000467,0.003621,0.001323,0.000236,-0.000429,0.000966,-0.000560,-0.000332,0.000793,0.000426,-0.000929,0.000083,0.000880,-0.001349,-0.000740,0.000620,-0.002207,0.000040,0.001124,-0.000715,0.000512,-0.000628,0.000237,NaN,NaN,NaN,NaN,NaN
NaN,NaN,NaN,NaN,NaN,NaN,0.007254,-0.004054,0.007853,-0.007589,-0.000816,0.000546,-0.000994,0.003607,-0.011469,-0.019645,0.006857,0.004888,-0.004123,-0.001076,-0.003429,-0.008250,0.013297,0.007825,-0.028804,-0.009823,-0.012196,-0.014850,0.009774,0.012708,-0.015977,0.017474,NaN,0.001495,-0.013413,-0.007116,0.031601,0.017791,0.023909,0.011144,0.012037,0.028486,0.014020,0.004995,-0.006517,0.008619,-0.000134,-0.022472,0.001934,0.003001,0.000679,0.000340,-0.000711,0.004326,0.010946,-0.005618,0.000723,-0.002548,-0.000982,NaN,NaN,NaN,NaN,NaN
NaN,NaN,NaN,NaN,NaN,NaN,0.002495,-0.013291,-0.012585,-0.003593,0.029872,0.007320,0.027933,-0.020597,-0.019627,-0.020680,-0.006573,0.025984,-0.007450,-0.012124,0.035770,-0.005890,-0.016166,0.005313,-0.027325,0.001816,-0.037964,-0.007322,-0.018370,-0.010059,0.037065,-0.002538,NaN,0.027445,0.030032,-0.026729,-0.000986,-0.054348,0.016862,-0.001675,-0.048105,-0.031586,-0.034835,0.006959,-0.013355,0.048115,-0.019377,-0.000055,-0.019464,0.026037,-0.023303,-0.010179,0.000217,-0.030225,-0.000307,0.030013,0.005073,0.011525,0.003903,NaN,NaN,NaN,NaN,NaN
NaN,NaN,NaN,NaN,NaN,NaN,NaN,NaN,NaN,NaN,NaN,NaN,NaN,NaN,NaN,NaN,NaN,NaN,NaN,NaN,NaN,NaN,NaN,NaN,NaN,NaN,NaN,NaN,NaN,NaN,NaN,NaN,NaN,NaN,NaN,NaN,NaN,NaN,NaN,NaN,NaN,NaN,NaN,NaN,NaN,NaN,NaN,NaN,NaN,NaN,NaN,NaN,NaN,NaN,NaN,NaN,NaN,NaN,NaN,NaN,NaN,NaN,NaN,NaN
NaN,NaN,NaN,NaN,NaN,NaN,NaN,NaN,NaN,NaN,NaN,NaN,NaN,NaN,NaN,NaN,NaN,NaN,NaN,NaN,NaN,NaN,NaN,NaN,NaN,NaN,NaN,NaN,NaN,NaN,NaN,NaN,NaN,NaN,NaN,NaN,NaN,NaN,NaN,NaN,NaN,NaN,NaN,NaN,NaN,NaN,NaN,NaN,NaN,NaN,NaN,NaN,NaN,NaN,NaN,NaN,NaN,NaN,NaN,NaN,NaN,NaN,NaN,NaN
NaN,NaN,NaN,NaN,NaN,NaN,-0.007178,0.017109,-0.003455,-0.018199,0.016638,0.009009,-0.024652,0.009838,0.020130,-0.020190,-0.009748,0.027204,-0.007259,-0.025043,0.022148,0.005478,-0.028585,0.012579,0.023834,-0.028224,-0.002112,0.030740,-0.018909,-0.023558,0.030909,-0.001082,NaN,0.024767,0.022112,-0.036454,0.002597,0.039573,-0.029426,-0.020857,0.039903,-0.004590,-0.039523,0.022783,0.027229,-0.034607,-0.002856,0.037490,-0.020748,-0.026210,0.031011,0.001528,-0.030607,0.018320,0.018316,-0.023451,-0.004640,0.019972,-0.008837,NaN,NaN,NaN,NaN,NaN
NaN,NaN,NaN,NaN,NaN,NaN,-0.009404,-0.015364,-0.020683,-0.023747,-0.024973,-0.023334,-0.019570,-0.013712,-0.004574,0.003492,0.013919,0.021370,0.027892,0.031926,0.033607,0.028466,0.022393,0.014323,0.005681,-0.004316,-0.017829,-0.027253,-0.031258,-0.034961,-0.035151,-0.029810,NaN,-0.011890,-0.002367,0.011137,0.020855,0.031556,0.038155,0.040716,0.040122,0.036342,0.028473,0.015659,0.007770,-0.004889,-0.014407,-0.025783,-0.032172,-0.035608,-0.033059,-0.028581,-0.024010,-0.016048,-0.009060,-0.001140,0.005429,0.011435,0.013623,NaN,NaN,NaN,NaN,NaN
NaN,NaN,NaN,NaN,NaN,NaN,NaN,NaN,NaN,NaN,NaN,NaN,NaN,NaN,NaN,NaN,NaN,NaN,NaN,NaN,NaN,NaN,NaN,NaN,NaN,NaN,NaN,NaN,NaN,NaN,NaN,NaN,NaN,NaN,NaN,NaN,NaN,NaN,NaN,NaN,NaN,NaN,NaN,NaN,NaN,NaN,NaN,NaN,NaN,NaN,NaN,NaN,NaN,NaN,NaN,NaN,NaN,NaN,NaN,NaN,NaN,NaN,NaN,NaN
NaN,NaN,NaN,NaN,NaN,NaN,NaN,NaN,NaN,NaN,NaN,NaN,NaN,NaN,NaN,NaN,NaN,NaN,NaN,NaN,NaN,NaN,NaN,NaN,NaN,NaN,NaN,NaN,NaN,NaN,NaN,NaN,NaN,NaN,NaN,NaN,NaN,NaN,NaN,NaN,NaN,NaN,NaN,NaN,NaN,NaN,NaN,NaN,NaN,NaN,NaN,NaN,NaN,NaN,NaN,NaN,NaN,NaN,NaN,NaN,NaN,NaN,NaN,NaN
NaN,NaN,NaN,NaN,NaN,NaN,NaN,NaN,NaN,NaN,NaN,NaN,NaN,NaN,NaN,NaN,NaN,NaN,NaN,NaN,NaN,NaN,NaN,NaN,NaN,NaN,NaN,NaN,NaN,NaN,NaN,NaN,NaN,NaN,NaN,NaN,NaN,NaN,NaN,NaN,NaN,NaN,NaN,NaN,NaN,NaN,NaN,NaN,NaN,NaN,NaN,NaN,NaN,NaN,NaN,NaN,NaN,NaN,NaN,NaN,NaN,NaN,NaN,NaN
NaN,NaN,NaN,NaN,NaN,NaN,NaN,NaN,NaN,NaN,NaN,NaN,NaN,NaN,NaN,NaN,NaN,NaN,NaN,NaN,NaN,NaN,NaN,NaN,NaN,NaN,NaN,NaN,NaN,NaN,NaN,NaN,NaN,NaN,NaN,NaN,NaN,NaN,NaN,NaN,NaN,NaN,NaN,NaN,NaN,NaN,NaN,NaN,NaN,NaN,NaN,NaN,NaN,NaN,NaN,NaN,NaN,NaN,NaN,NaN,NaN,NaN,NaN,NaN
NaN,NaN,NaN,NaN,NaN,NaN,NaN,NaN,NaN,NaN,NaN,NaN,NaN,NaN,NaN,NaN,NaN,NaN,NaN,NaN,NaN,NaN,NaN,NaN,NaN,NaN,NaN,NaN,NaN,NaN,NaN,NaN,NaN,NaN,NaN,NaN,NaN,NaN,NaN,NaN,NaN,NaN,NaN,NaN,NaN,NaN,NaN,NaN,NaN,NaN,NaN,NaN,NaN,NaN,NaN,NaN,NaN,NaN,NaN,NaN,NaN,NaN,NaN,NaN
NaN,NaN,NaN,NaN,NaN,NaN,0.002414,0.004423,-0.013681,-0.003452,-0.018082,0.009408,-0.021194,-0.013622,-0.029935,0.029676,-0.015370,-0.021238,-0.027730,-0.000999,0.026585,-0.002844,0.028917,0.008176,0.007329,-0.000254,-0.002619,-0.028773,-0.031318,0.013568,0.016772,-0.024622,NaN,0.001466,-0.008045,0.032870,-0.033483,0.010836,-0.024703,0.038108,-0.000682,0.031691,0.001849,0.023076,0.002611,0.032354,0.052264,0.032015,0.015507,-0.000619,-0.003587,0.016689,-0.014511,0.000526,-0.008667,0.009027,0.003350,-0.005455,-0.003266,NaN,NaN,NaN,NaN,NaN
NaN,NaN,NaN,NaN,NaN,NaN,0.016670,-0.006707,-0.011158,0.005972,0.029805,0.014547,0.030384,-0.024652,-0.031766,0.001942,-0.004733,0.004421,-0.015055,-0.007422,0.019533,0.001136,-0.020243,0.013845,-0.013698,-0.016369,-0.020973,0.004246,-0.037392,-0.022025,0.017122,-0.029226,NaN,0.028376,0.016827,-0.026086,0.007305,-0.031010,0.015684,-0.021334,-0.033021,-0.028749,-0.019376,0.022635,-0.016190,0.029514,-0.008385,-0.000050,-0.019731,0.015137,-0.023623,-0.003327,0.003982,-0.020202,-0.009943,0.028315,0.001512,0.017635,-0.002292,NaN,NaN,NaN,NaN,NaN
NaN,NaN,NaN,NaN,NaN,NaN,-0.000559,0.000982,-0.001087,-0.000606,-0.000505,-0.000622,0.000008,-0.000235,0.000348,0.000573,0.000457,0.002306,0.000310,0.000578,0.000666,-0.001200,0.000109,-0.002186,-0.001200,-0.000786,0.000585,0.000456,0.000513,-0.000316,0.000410,-0.000006,NaN,0.000367,0.000044,0.002257,-0.000753,-0.000777,-0.000552,-0.000263,0.000023,0.000317,0.001238,0.000493,0.000190,0.000316,0.001210,-0.001795,-0.000452,0.001028,-0.000418,-0.000002,-0.000341,0.000893,-0.000990,-0.000924,0.000101,0.000291,0.000041,NaN,NaN,NaN,NaN,NaN
NaN,NaN,NaN,NaN,NaN,NaN,0.000495,0.000045,0.000467,0.000732,-0.000755,0.000988,-0.000609,0.000086,-0.000182,0.000423,-0.000804,-0.000270,-0.001242,0.000909,-0.000851,0.000593,-0.000116,0.000835,-0.000665,-0.001078,-0.000796,0.000585,-0.000556,0.001547,0.000127,0.002109,NaN,-0.000952,-0.001313,0.001512,0.000053,0.000605,0.001297,-0.000297,-0.000468,-0.000765,0.000359,-0.001652,0.000274,0.000314,-0.001082,-0.000898,0.001342,0.000100,-0.000179,0.000654,0.000544,0.000503,0.001334,0.000615,-0.000182,-0.000939,0.000322,NaN,NaN,NaN,NaN,NaN
NaN,NaN,NaN,NaN,NaN,NaN,-0.000849,0.001846,0.000214,0.000715,-0.000310,-0.001052,0.000140,-0.000101,-0.000234,-0.000874,-0.000179,-0.000720,0.000593,0.001407,0.001151,0.000945,-0.000059,0.000609,0.000658,-0.001241,-0.000151,-0.000890,0.000687,-0.000811,0.000889,-0.000366,NaN,0.001676,-0.000816,-0.001857,0.001571,0.000336,0.000869,-0.001908,-0.000864,0.000416,-0.001102,0.000581,0.000040,0.000440,0.001134,-0.000344,0.000159,-0.001504,0.000678,-0.000521,-0.000502,0.000523,0.000125,0.000801,-0.000342,-0.000071,0.001073,NaN,NaN,NaN,NaN,NaN
NaN,NaN,NaN,NaN,NaN,NaN,-0.015333,-0.017045,-0.012321,-0.016836,-0.022488,-0.023793,-0.009230,-0.016056,0.003217,-0.006853,0.000029,0.005397,0.011962,0.016750,0.019374,0.028572,0.026828,0.008922,0.006353,0.001246,-0.009485,-0.019953,-0.022053,-0.027366,-0.029802,-0.030108,NaN,-0.020854,-0.022270,-0.014461,0.012119,0.020874,0.014237,0.041911,0.026570,0.052870,0.026402,0.023585,0.022448,0.015646,0.007692,0.013457,0.003566,-0.019030,-0.027776,-0.020925,-0.031971,-0.027741,-0.030269,-0.024716,-0.022703,-0.017520,-0.011879,NaN,NaN,NaN,NaN,NaN
NaN,NaN,NaN,NaN,NaN,NaN,-0.003271,-0.019058,-0.004490,0.018151,0.015368,-0.009179,-0.021453,-0.006172,0.020872,0.016195,-0.007515,-0.026987,-0.007074,0.019051,0.017836,-0.009989,-0.026722,-0.004161,0.027635,0.018591,-0.012221,-0.028165,-0.008141,0.026338,0.028171,-0.008050,NaN,-0.004847,0.028252,0.023427,-0.018260,-0.039600,0.003930,0.039187,0.017339,-0.027526,-0.036421,0.001289,0.038577,0.015987,-0.031116,-0.028977,0.015297,0.035249,0.008769,-0.031605,-0.017040,0.018709,0.025291,-0.002950,-0.024344,-0.013619,0.010165,NaN,NaN,NaN,NaN,NaN
NaN,NaN,NaN,NaN,NaN,NaN,NaN,NaN,NaN,NaN,NaN,NaN,NaN,NaN,NaN,NaN,NaN,NaN,NaN,NaN,NaN,NaN,NaN,NaN,NaN,NaN,NaN,NaN,NaN,NaN,NaN,NaN,NaN,NaN,NaN,NaN,NaN,NaN,NaN,NaN,NaN,NaN,NaN,NaN,NaN,NaN,NaN,NaN,NaN,NaN,NaN,NaN,NaN,NaN,NaN,NaN,NaN,NaN,NaN,NaN,NaN,NaN,NaN,NaN
NaN,NaN,NaN,NaN,NaN,NaN,NaN,NaN,NaN,NaN,NaN,NaN,NaN,NaN,NaN,NaN,NaN,NaN,NaN,NaN,NaN,NaN,NaN,NaN,NaN,NaN,NaN,NaN,NaN,NaN,NaN,NaN,NaN,NaN,NaN,NaN,NaN,NaN,NaN,NaN,NaN,NaN,NaN,NaN,NaN,NaN,NaN,NaN,NaN,NaN,NaN,NaN,NaN,NaN,NaN,NaN,NaN,NaN,NaN,NaN,NaN,NaN,NaN,NaN
NaN,NaN,NaN,NaN,NaN,NaN,NaN,NaN,NaN,NaN,NaN,NaN,NaN,NaN,NaN,NaN,NaN,NaN,NaN,NaN,NaN,NaN,NaN,NaN,NaN,NaN,NaN,NaN,NaN,NaN,NaN,NaN,NaN,NaN,NaN,NaN,NaN,NaN,NaN,NaN,NaN,NaN,NaN,NaN,NaN,NaN,NaN,NaN,NaN,NaN,NaN,NaN,NaN,NaN,NaN,NaN,NaN,NaN,NaN,NaN,NaN,NaN,NaN,NaN
NaN,NaN,NaN,NaN,NaN,NaN,0.000087,0.000838,0.001148,0.000778,0.000607,0.000536,0.001035,0.000048,-0.001019,-0.000865,-0.000152,-0.000695,0.000315,0.000567,0.000004,-0.001217,0.000820,-0.000276,0.000495,0.000919,-0.000054,-0.000442,0.001470,-0.000416,0.001451,0.001431,NaN,0.001627,0.000901,0.000187,-0.000296,-0.000228,0.000042,-0.001526,0.001235,-0.001106,0.000535,-0.000196,0.000114,0.000307,-0.000929,0.000938,-0.000530,0.000543,-0.000909,-0.000874,0.001423,-0.000506,0.000002,0.000385,-0.000723,-0.000085,0.000268,NaN,NaN,NaN,NaN,NaN
NaN,NaN,NaN,NaN,NaN,NaN,0.000641,0.000107,-0.000201,0.000557,-0.000295,-0.000610,-0.000316,-0.000317,0.000720,-0.000025,-0.000094,-0.000004,-0.000392,-0.000679,0.000916,0.000558,0.000663,-0.000601,-0.000242,0.000121,0.001753,-0.000078,0.000654,0.001279,0.000908,0.004155,NaN,-0.002625,0.000103,-0.000066,0.000704,-0.000365,0.001362,-0.000706,0.001254,0.001973,0.001851,0.001604,0.000259,0.000082,0.000182,0.000306,0.001022,0.000773,0.000325,-0.001081,-0.000466,-0.000390,-0.000854,0.000433,0.000232,-0.001256,0.000280,NaN,NaN,NaN,NaN,NaN
NaN,NaN,NaN,NaN,NaN,NaN,NaN,NaN,NaN,NaN,NaN,NaN,NaN,NaN,NaN,NaN,NaN,NaN,NaN,NaN,NaN,NaN,NaN,NaN,NaN,NaN,NaN,NaN,NaN,NaN,NaN,NaN,NaN,NaN,NaN,NaN,NaN,NaN,NaN,NaN,NaN,NaN,NaN,NaN,NaN,NaN,NaN,NaN,NaN,NaN,NaN,NaN,NaN,NaN,NaN,NaN,NaN,NaN,NaN,NaN,NaN,NaN,NaN,NaN
NaN,NaN,NaN,NaN,NaN,NaN,0.001535,-0.008780,0.001684,-0.013634,-0.000510,-0.019087,0.011993,-0.000090,0.005753,-0.000481,0.014279,0.010563,-0.004870,-0.009934,-0.001548,-0.003735,-0.011882,0.010144,-0.003476,0.006285,0.009377,-0.011983,-0.004363,-0.015508,-0.015331,-0.013660,NaN,-0.014263,0.016268,0.003527,0.008022,-0.003521,0.016406,-0.004137,-0.006386,0.006950,-0.012133,-0.015385,0.000367,0.008817,-0.004945,0.013772,0.006759,-0.000657,0.003153,0.001721,-0.005171,0.000712,0.005757,-0.004582,-0.000376,0.000056,-0.000828,NaN,NaN,NaN,NaN,NaN
NaN,NaN,NaN,NaN,NaN,NaN,NaN,NaN,NaN,NaN,NaN,NaN,NaN,NaN,NaN,NaN,NaN,NaN,NaN,NaN,NaN,NaN,NaN,NaN,NaN,NaN,NaN,NaN,NaN,NaN,NaN,NaN,NaN,NaN,NaN,NaN,NaN,NaN,NaN,NaN,NaN,NaN,NaN,NaN,NaN,NaN,NaN,NaN,NaN,NaN,NaN,NaN,NaN,NaN,NaN,NaN,NaN,NaN,NaN,NaN,NaN,NaN,NaN,NaN
NaN,NaN,NaN,NaN,NaN,NaN,NaN,NaN,NaN,NaN,NaN,NaN,NaN,NaN,NaN,NaN,NaN,NaN,NaN,NaN,NaN,NaN,NaN,NaN,NaN,NaN,NaN,NaN,NaN,NaN,NaN,NaN,NaN,NaN,NaN,NaN,NaN,NaN,NaN,NaN,NaN,NaN,NaN,NaN,NaN,NaN,NaN,NaN,NaN,NaN,NaN,NaN,NaN,NaN,NaN,NaN,NaN,NaN,NaN,NaN,NaN,NaN,NaN,NaN
NaN,NaN,NaN,NaN,NaN,NaN,NaN,NaN,NaN,NaN,NaN,NaN,NaN,NaN,NaN,NaN,NaN,NaN,NaN,NaN,NaN,NaN,NaN,NaN,NaN,NaN,NaN,NaN,NaN,NaN,NaN,NaN,NaN,NaN,NaN,NaN,NaN,NaN,NaN,NaN,NaN,NaN,NaN,NaN,NaN,NaN,NaN,NaN,NaN,NaN,NaN,NaN,NaN,NaN,NaN,NaN,NaN,NaN,NaN,NaN,NaN,NaN,NaN,NaN
NaN,NaN,NaN,NaN,NaN,NaN,NaN,NaN,NaN,NaN,NaN,NaN,NaN,NaN,NaN,NaN,NaN,NaN,NaN,NaN,NaN,NaN,NaN,NaN,NaN,NaN,NaN,NaN,NaN,NaN,NaN,NaN,NaN,NaN,NaN,NaN,NaN,NaN,NaN,NaN,NaN,NaN,NaN,NaN,NaN,NaN,NaN,NaN,NaN,NaN,NaN,NaN,NaN,NaN,NaN,NaN,NaN,NaN,NaN,NaN,NaN,NaN,NaN,NaN
NaN,NaN,NaN,NaN,NaN,NaN,-0.003066,0.000051,0.010064,-0.001375,0.012720,-0.005111,0.017195,0.001049,-0.019711,0.007044,-0.011203,-0.000529,-0.005764,-0.028134,0.030143,-0.000914,-0.004386,0.034722,0.015827,-0.002031,0.001791,0.000549,-0.012461,0.003464,0.012717,-0.007922,NaN,0.039535,0.015902,-0.011622,-0.041346,-0.040208,-0.025790,-0.018530,-0.017242,-0.020642,-0.026540,0.027997,0.004248,0.014892,0.017347,0.001866,-0.032613,-0.005050,-0.021018,0.005514,0.018442,-0.003004,-0.019309,0.017027,-0.009957,0.018481,-0.015491,NaN,NaN,NaN,NaN,NaN
NaN,NaN,NaN,NaN,NaN,NaN,-0.000409,0.000505,0.000444,-0.001011,0.000759,-0.001128,-0.000182,0.000452,-0.000487,0.000197,-0.000374,-0.000557,0.001128,0.002022,-0.001567,-0.000503,-0.000304,-0.000763,0.001248,0.001176,-0.000253,-0.000835,-0.000146,0.001234,-0.000242,-0.001975,NaN,0.001509,-0.000745,0.001493,0.001846,-0.001409,-0.000791,0.002141,0.000067,-0.000112,0.001034,-0.000411,0.001555,-0.001260,0.000073,-0.001092,0.000903,-0.000884,-0.000212,-0.000394,-0.000846,-0.000656,-0.000225,0.001156,-0.000286,0.000262,-0.000278,NaN,NaN,NaN,NaN,NaN
NaN,NaN,NaN,NaN,NaN,NaN,NaN,NaN,NaN,NaN,NaN,NaN,NaN,NaN,NaN,NaN,NaN,NaN,NaN,NaN,NaN,NaN,NaN,NaN,NaN,NaN,NaN,NaN,NaN,NaN,NaN,NaN,NaN,NaN,NaN,NaN,NaN,NaN,NaN,NaN,NaN,NaN,NaN,NaN,NaN,NaN,NaN,NaN,NaN,NaN,NaN,NaN,NaN,NaN,NaN,NaN,NaN,NaN,NaN,NaN,NaN,NaN,NaN,NaN
NaN,NaN,NaN,NaN,NaN,NaN,NaN,NaN,NaN,NaN,NaN,NaN,NaN,NaN,NaN,NaN,NaN,NaN,NaN,NaN,NaN,NaN,NaN,NaN,NaN,NaN,NaN,NaN,NaN,NaN,NaN,NaN,NaN,NaN,NaN,NaN,NaN,NaN,NaN,NaN,NaN,NaN,NaN,NaN,NaN,NaN,NaN,NaN,NaN,NaN,NaN,NaN,NaN,NaN,NaN,NaN,NaN,NaN,NaN,NaN,NaN,NaN,NaN,NaN
NaN,NaN,NaN,NaN,NaN,NaN,0.000608,-0.003628,-0.018300,-0.008094,0.017576,-0.002430,0.029281,-0.025843,-0.004673,-0.014731,-0.006893,0.008815,-0.009130,-0.010896,0.026815,-0.002134,-0.014883,0.016871,-0.013176,-0.006979,-0.005911,-0.021480,-0.021275,-0.029102,0.006228,-0.018268,NaN,0.046778,0.003378,-0.026338,-0.008742,-0.049309,0.020706,-0.026671,-0.019308,-0.045598,-0.014863,0.007123,-0.036052,0.015840,-0.013971,0.000058,-0.015190,0.013004,-0.026304,-0.003418,0.002174,-0.022364,-0.008508,0.028412,0.002154,0.014101,-0.000514,NaN,NaN,NaN,NaN,NaN
NaN,NaN,NaN,NaN,NaN,NaN,-0.000678,-0.000166,0.000452,-0.001127,-0.000167,0.000532,0.000361,-0.000256,0.000041,-0.000020,0.000972,0.000441,0.000233,-0.000589,0.000774,0.000567,-0.000060,0.000010,-0.000259,0.000287,0.000800,-0.000515,0.000725,-0.000234,0.000093,-0.000051,NaN,-0.000261,0.000375,-0.000856,-0.001234,0.000331,0.000230,0.000445,0.000063,0.000294,0.000322,0.001300,-0.000781,0.001071,-0.000881,0.000170,0.001745,-0.000428,0.000913,-0.000506,-0.000464,0.000335,0.000347,-0.000799,-0.000019,-0.000547,-0.000851,NaN,NaN,NaN,NaN,NaN
NaN,NaN,NaN,NaN,NaN,NaN,NaN,NaN,NaN,NaN,NaN,NaN,NaN,NaN,NaN,NaN,NaN,NaN,NaN,NaN,NaN,NaN,NaN,NaN,NaN,NaN,NaN,NaN,NaN,NaN,NaN,NaN,NaN,NaN,NaN,NaN,NaN,NaN,NaN,NaN,NaN,NaN,NaN,NaN,NaN,NaN,NaN,NaN,NaN,NaN,NaN,NaN,NaN,NaN,NaN,NaN,NaN,NaN,NaN,NaN,NaN,NaN,NaN,NaN
NaN,NaN,NaN,NaN,NaN,NaN,NaN,NaN,NaN,NaN,NaN,NaN,NaN,NaN,NaN,NaN,NaN,NaN,NaN,NaN,NaN,NaN,NaN,NaN,NaN,NaN,NaN,NaN,NaN,NaN,NaN,NaN,NaN,NaN,NaN,NaN,NaN,NaN,NaN,NaN,NaN,NaN,NaN,NaN,NaN,NaN,NaN,NaN,NaN,NaN,NaN,NaN,NaN,NaN,NaN,NaN,NaN,NaN,NaN,NaN,NaN,NaN,NaN,NaN
NaN,NaN,NaN,NaN,NaN,NaN,NaN,NaN,NaN,NaN,NaN,NaN,NaN,NaN,NaN,NaN,NaN,NaN,NaN,NaN,NaN,NaN,NaN,NaN,NaN,NaN,NaN,NaN,NaN,NaN,NaN,NaN,NaN,NaN,NaN,NaN,NaN,NaN,NaN,NaN,NaN,NaN,NaN,NaN,NaN,NaN,NaN,NaN,NaN,NaN,NaN,NaN,NaN,NaN,NaN,NaN,NaN,NaN,NaN,NaN,NaN,NaN,NaN,NaN
NaN,NaN,NaN,NaN,NaN,NaN,NaN,NaN,NaN,NaN,NaN,NaN,NaN,NaN,NaN,NaN,NaN,NaN,NaN,NaN,NaN,NaN,NaN,NaN,NaN,NaN,NaN,NaN,NaN,NaN,NaN,NaN,NaN,NaN,NaN,NaN,NaN,NaN,NaN,NaN,NaN,NaN,NaN,NaN,NaN,NaN,NaN,NaN,NaN,NaN,NaN,NaN,NaN,NaN,NaN,NaN,NaN,NaN,NaN,NaN,NaN,NaN,NaN,NaN
NaN,NaN,NaN,NaN,NaN,NaN,NaN,NaN,NaN,NaN,NaN,NaN,NaN,NaN,NaN,NaN,NaN,NaN,NaN,NaN,NaN,NaN,NaN,NaN,NaN,NaN,NaN,NaN,NaN,NaN,NaN,NaN,NaN,NaN,NaN,NaN,NaN,NaN,NaN,NaN,NaN,NaN,NaN,NaN,NaN,NaN,NaN,NaN,NaN,NaN,NaN,NaN,NaN,NaN,NaN,NaN,NaN,NaN,NaN,NaN,NaN,NaN,NaN,NaN
NaN,NaN,NaN,NaN,NaN,NaN,NaN,NaN,NaN,NaN,NaN,NaN,NaN,NaN,NaN,NaN,NaN,NaN,NaN,NaN,NaN,NaN,NaN,NaN,NaN,NaN,NaN,NaN,NaN,NaN,NaN,NaN,NaN,NaN,NaN,NaN,NaN,NaN,NaN,NaN,NaN,NaN,NaN,NaN,NaN,NaN,NaN,NaN,NaN,NaN,NaN,NaN,NaN,NaN,NaN,NaN,NaN,NaN,NaN,NaN,NaN,NaN,NaN,NaN
NaN,NaN,NaN,NaN,NaN,NaN,NaN,NaN,NaN,NaN,NaN,NaN,NaN,NaN,NaN,NaN,NaN,NaN,NaN,NaN,NaN,NaN,NaN,NaN,NaN,NaN,NaN,NaN,NaN,NaN,NaN,NaN,NaN,NaN,NaN,NaN,NaN,NaN,NaN,NaN,NaN,NaN,NaN,NaN,NaN,NaN,NaN,NaN,NaN,NaN,NaN,NaN,NaN,NaN,NaN,NaN,NaN,NaN,NaN,NaN,NaN,NaN,NaN,NaN
NaN,NaN,NaN,NaN,NaN,NaN,NaN,NaN,NaN,NaN,NaN,NaN,NaN,NaN,NaN,NaN,NaN,NaN,NaN,NaN,NaN,NaN,NaN,NaN,NaN,NaN,NaN,NaN,NaN,NaN,NaN,NaN,NaN,NaN,NaN,NaN,NaN,NaN,NaN,NaN,NaN,NaN,NaN,NaN,NaN,NaN,NaN,NaN,NaN,NaN,NaN,NaN,NaN,NaN,NaN,NaN,NaN,NaN,NaN,NaN,NaN,NaN,NaN,NaN
NaN,NaN,NaN,NaN,NaN,NaN,NaN,NaN,NaN,NaN,NaN,NaN,NaN,NaN,NaN,NaN,NaN,NaN,NaN,NaN,NaN,NaN,NaN,NaN,NaN,NaN,NaN,NaN,NaN,NaN,NaN,NaN,NaN,NaN,NaN,NaN,NaN,NaN,NaN,NaN,NaN,NaN,NaN,NaN,NaN,NaN,NaN,NaN,NaN,NaN,NaN,NaN,NaN,NaN,NaN,NaN,NaN,NaN,NaN,NaN,NaN,NaN,NaN,NaN
NaN,NaN,NaN,NaN,NaN,NaN,NaN,NaN,NaN,NaN,NaN,NaN,NaN,NaN,NaN,NaN,NaN,NaN,NaN,NaN,NaN,NaN,NaN,NaN,NaN,NaN,NaN,NaN,NaN,NaN,NaN,NaN,NaN,NaN,NaN,NaN,NaN,NaN,NaN,NaN,NaN,NaN,NaN,NaN,NaN,NaN,NaN,NaN,NaN,NaN,NaN,NaN,NaN,NaN,NaN,NaN,NaN,NaN,NaN,NaN,NaN,NaN,NaN,NaN
NaN,NaN,NaN,NaN,NaN,NaN,NaN,NaN,NaN,NaN,NaN,NaN,NaN,NaN,NaN,NaN,NaN,NaN,NaN,NaN,NaN,NaN,NaN,NaN,NaN,NaN,NaN,NaN,NaN,NaN,NaN,NaN,NaN,NaN,NaN,NaN,NaN,NaN,NaN,NaN,NaN,NaN,NaN,NaN,NaN,NaN,NaN,NaN,NaN,NaN,NaN,NaN,NaN,NaN,NaN,NaN,NaN,NaN,NaN,NaN,NaN,NaN,NaN,NaN
NaN,NaN,NaN,NaN,NaN,NaN,NaN,NaN,NaN,NaN,NaN,NaN,NaN,NaN,NaN,NaN,NaN,NaN,NaN,NaN,NaN,NaN,NaN,NaN,NaN,NaN,NaN,NaN,NaN,NaN,NaN,NaN,NaN,NaN,NaN,NaN,NaN,NaN,NaN,NaN,NaN,NaN,NaN,NaN,NaN,NaN,NaN,NaN,NaN,NaN,NaN,NaN,NaN,NaN,NaN,NaN,NaN,NaN,NaN,NaN,NaN,NaN,NaN,NaN
NaN,NaN,NaN,NaN,NaN,NaN,-0.008711,-0.005405,-0.005846,0.010646,0.003597,0.018243,-0.015261,-0.010943,-0.019873,-0.004027,-0.004389,0.001206,0.011999,0.007062,0.021838,-0.005177,0.009117,0.001867,0.019864,0.006246,0.019811,0.023260,0.012617,-0.026247,-0.024941,0.034536,NaN,0.013703,0.016206,0.002838,-0.024228,-0.022571,-0.031782,0.001709,-0.033881,-0.022948,-0.027430,0.011631,0.012525,0.003825,0.043228,-0.013289,0.018431,-0.005912,-0.003482,0.014458,-0.016717,0.007235,-0.013231,0.006103,0.006939,-0.002155,-0.003119,NaN,NaN,NaN,NaN,NaN
NaN,NaN,NaN,NaN,NaN,NaN,0.003627,0.002195,-0.003631,-0.003505,-0.005840,-0.010728,0.013379,-0.010534,0.000066,0.001557,-0.010827,-0.010161,0.002262,0.002771,-0.012210,0.008468,-0.015017,0.018027,-0.001015,0.011033,-0.003204,0.004244,-0.006946,-0.000574,0.007677,0.001013,NaN,-0.000215,-0.005743,-0.007725,-0.007005,-0.008483,-0.006143,0.011899,0.005557,-0.016377,0.003380,0.006346,0.026763,0.022055,0.004196,-0.003226,-0.006834,-0.001746,-0.003204,-0.005254,-0.001128,0.007788,-0.001322,-0.007369,-0.005186,-0.003529,-0.002010,NaN,NaN,NaN,NaN,NaN
NaN,NaN,NaN,NaN,NaN,NaN,-0.000421,-0.000413,0.000428,-0.000335,0.000019,0.000149,0.000349,0.000861,-0.000607,0.001183,-0.000676,-0.001129,-0.001319,0.000207,-0.001208,-0.000652,0.000504,-0.000207,-0.001439,0.000286,-0.001250,-0.001047,0.002564,0.001217,0.001934,0.003282,NaN,-0.002258,-0.001330,0.000909,0.001302,-0.002378,-0.001502,0.001434,-0.000145,0.000065,-0.002475,0.000626,0.000704,0.000808,-0.000406,-0.000418,0.000546,0.002193,-0.000541,-0.000196,0.000673,-0.000379,-0.000200,0.000458,0.000374,-0.000722,-0.000214,NaN,NaN,NaN,NaN,NaN
NaN,NaN,NaN,NaN,NaN,NaN,-0.001610,0.002551,0.021573,-0.004341,0.004751,-0.016943,0.014294,0.007967,-0.007452,0.011024,-0.012979,-0.009468,-0.007909,-0.036225,0.017911,0.009021,0.020384,0.021576,0.019323,0.015040,0.012539,0.010636,-0.000434,0.021698,0.001899,0.010069,NaN,-0.003883,0.038116,0.008381,-0.032277,-0.006715,-0.029555,-0.020451,0.007452,0.018617,-0.013117,0.008215,-0.009519,-0.043135,0.032943,-0.002308,-0.016007,-0.034563,0.000169,0.011181,0.014856,0.024738,-0.018269,-0.011038,-0.012812,0.004006,-0.016923,NaN,NaN,NaN,NaN,NaN
NaN,NaN,NaN,NaN,NaN,NaN,-0.000962,0.000323,0.000309,-0.000398,0.000721,-0.000917,0.000822,-0.000121,0.000577,-0.000114,0.001338,-0.001298,0.000147,-0.000487,-0.000685,0.000215,0.000695,0.000181,0.001413,-0.000471,-0.000840,0.000129,-0.000462,0.000029,-0.000238,-0.001110,NaN,0.002576,0.000118,-0.001143,0.000611,-0.000309,-0.000956,0.000962,-0.001402,-0.000325,0.000154,0.000185,0.001103,0.000730,-0.000159,-0.000133,-0.000669,-0.000150,-0.000539,-0.000340,-0.000233,-0.000501,0.001131,-0.000782,-0.001126,0.000840,0.000036,NaN,NaN,NaN,NaN,NaN
NaN,NaN,NaN,NaN,NaN,NaN,-0.009867,-0.014723,0.009698,0.002663,-0.003724,0.002995,-0.012633,0.002653,0.010024,-0.002162,0.008251,0.004935,0.006748,0.018714,0.012183,0.007579,0.001002,0.018686,0.016751,-0.006074,-0.004462,0.014334,-0.011497,0.013505,0.024649,0.004204,NaN,0.005783,-0.004439,0.011930,-0.012004,-0.005028,0.007557,-0.000200,-0.016759,0.017838,-0.016143,-0.011781,0.000904,0.011167,0.000892,0.003936,-0.007051,0.007129,-0.003232,-0.000512,0.008578,-0.002022,-0.003324,0.003869,0.000878,0.001128,0.001373,NaN,NaN,NaN,NaN,NaN
NaN,NaN,NaN,NaN,NaN,NaN,-0.013327,0.009923,0.012208,-0.008073,-0.000478,0.019262,0.019606,0.026697,-0.013667,-0.012626,0.018730,-0.028567,0.008735,0.001363,0.032550,-0.000607,0.009873,-0.007367,0.012609,-0.009734,0.026569,-0.004487,0.005496,0.002110,-0.022223,-0.013997,NaN,-0.024740,-0.020741,0.019363,-0.035203,0.018690,0.008387,0.016326,-0.039271,0.036930,-0.012221,0.016617,-0.014164,0.069829,0.026325,0.031915,0.004529,0.003328,0.001155,0.011216,-0.013132,0.005776,-0.021854,0.004096,0.006676,-0.002105,-0.005820,NaN,NaN,NaN,NaN,NaN
NaN,NaN,NaN,NaN,NaN,NaN,0.001161,0.012748,-0.014248,-0.008061,0.011381,0.007118,0.013309,-0.014972,-0.012678,0.013119,-0.014459,-0.015075,0.002952,-0.000385,-0.014570,0.010139,0.000191,0.001873,-0.000332,0.009922,-0.015262,0.005153,0.004423,-0.003227,-0.005714,-0.001004,NaN,-0.009198,-0.000169,-0.015523,0.015460,0.008198,-0.007082,0.007040,-0.011055,0.010185,0.002731,0.001442,-0.013387,-0.006409,0.011612,-0.003720,0.011614,-0.005226,0.002733,0.003183,-0.006260,0.005538,-0.003302,-0.002279,-0.003843,-0.000468,-0.000100,NaN,NaN,NaN,NaN,NaN
NaN,NaN,NaN,NaN,NaN,NaN,NaN,NaN,NaN,NaN,NaN,NaN,NaN,NaN,NaN,NaN,NaN,NaN,NaN,NaN,NaN,NaN,NaN,NaN,NaN,NaN,NaN,NaN,NaN,NaN,NaN,NaN,NaN,NaN,NaN,NaN,NaN,NaN,NaN,NaN,NaN,NaN,NaN,NaN,NaN,NaN,NaN,NaN,NaN,NaN,NaN,NaN,NaN,NaN,NaN,NaN,NaN,NaN,NaN,NaN,NaN,NaN,NaN,NaN
NaN,NaN,NaN,NaN,NaN,NaN,0.000188,-0.004844,-0.023963,-0.006464,0.019885,-0.002237,0.032023,-0.029099,-0.005663,-0.016480,-0.005122,0.011848,-0.014416,-0.007477,0.029233,-0.001698,-0.021330,0.017217,-0.015600,-0.010981,-0.009105,-0.025449,-0.028077,-0.038480,0.005089,-0.017418,NaN,0.044521,0.005652,-0.019582,-0.005112,-0.050144,0.028340,-0.018494,-0.023478,-0.040152,-0.027106,-0.006528,-0.034077,0.031968,-0.022192,-0.002722,-0.011367,0.023614,-0.021982,-0.009278,-0.003271,-0.028269,0.000217,0.029476,0.008962,0.009458,0.006335,NaN,NaN,NaN,NaN,NaN
NaN,NaN,NaN,NaN,NaN,NaN,NaN,NaN,NaN,NaN,NaN,NaN,NaN,NaN,NaN,NaN,NaN,NaN,NaN,NaN,NaN,NaN,NaN,NaN,NaN,NaN,NaN,NaN,NaN,NaN,NaN,NaN,NaN,NaN,NaN,NaN,NaN,NaN,NaN,NaN,NaN,NaN,NaN,NaN,NaN,NaN,NaN,NaN,NaN,NaN,NaN,NaN,NaN,NaN,NaN,NaN,NaN,NaN,NaN,NaN,NaN,NaN,NaN,NaN
NaN,NaN,NaN,NaN,NaN,NaN,-0.000883,0.001009,-0.000903,-0.000721,0.000861,-0.000056,-0.000047,-0.000042,-0.000459,0.000493,-0.000315,-0.000503,0.001151,0.000230,0.000822,-0.000135,0.000282,-0.001075,-0.000467,0.000138,-0.001426,-0.000788,-0.001725,-0.000280,-0.000347,0.000363,NaN,-0.000094,-0.000274,0.000109,-0.000124,-0.000200,0.000609,-0.000190,0.000506,0.000189,-0.000178,-0.000423,-0.000365,-0.000417,-0.000457,0.000023,0.000171,0.000614,0.000074,-0.001477,-0.000555,-0.000230,0.000489,0.001832,0.001626,0.000216,-0.000673,NaN,NaN,NaN,NaN,NaN
NaN,NaN,NaN,NaN,NaN,NaN,-0.005376,-0.002352,0.005021,0.000625,0.003675,-0.004639,0.013629,-0.006646,0.000340,-0.009143,-0.012743,0.007454,0.011493,-0.004007,-0.005102,-0.011336,-0.008717,-0.011349,-0.016728,-0.000227,0.019287,-0.018193,-0.004074,-0.024752,-0.017275,-0.007399,NaN,-0.018763,-0.007366,-0.010472,-0.021800,-0.021535,0.003499,-0.018525,0.036390,-0.004112,-0.018431,0.008601,0.024320,0.001086,-0.009397,0.002108,0.002071,-0.001343,0.004081,-0.003290,0.001568,-0.007186,0.007873,0.001217,0.003812,-0.003287,-0.003065,NaN,NaN,NaN,NaN,NaN
NaN,NaN,NaN,NaN,NaN,NaN,NaN,NaN,NaN,NaN,NaN,NaN,NaN,NaN,NaN,NaN,NaN,NaN,NaN,NaN,NaN,NaN,NaN,NaN,NaN,NaN,NaN,NaN,NaN,NaN,NaN,NaN,NaN,NaN,NaN,NaN,NaN,NaN,NaN,NaN,NaN,NaN,NaN,NaN,NaN,NaN,NaN,NaN,NaN,NaN,NaN,NaN,NaN,NaN,NaN,NaN,NaN,NaN,NaN,NaN,NaN,NaN,NaN,NaN
NaN,NaN,NaN,NaN,NaN,NaN,NaN,NaN,NaN,NaN,NaN,NaN,NaN,NaN,NaN,NaN,NaN,NaN,NaN,NaN,NaN,NaN,NaN,NaN,NaN,NaN,NaN,NaN,NaN,NaN,NaN,NaN,NaN,NaN,NaN,NaN,NaN,NaN,NaN,NaN,NaN,NaN,NaN,NaN,NaN,NaN,NaN,NaN,NaN,NaN,NaN,NaN,NaN,NaN,NaN,NaN,NaN,NaN,NaN,NaN,NaN,NaN,NaN,NaN
NaN,NaN,NaN,NaN,NaN,NaN,-0.003275,0.023020,0.008579,-0.005709,-0.015753,-0.028082,0.006353,0.018256,-0.001749,0.015557,0.001655,0.004788,0.013522,-0.034477,0.008145,-0.005790,0.014758,0.007514,0.016345,0.025444,0.004230,0.014145,0.025546,0.043295,0.002313,0.005690,NaN,-0.014763,0.015673,-0.003808,-0.029564,-0.016206,-0.017091,-0.002498,0.011281,0.007955,0.001747,-0.012949,-0.009719,-0.036117,0.039281,-0.003153,-0.016091,-0.022293,0.010821,0.013671,0.015590,0.024030,-0.018074,-0.016880,-0.014983,-0.001908,-0.012984,NaN,NaN,NaN,NaN,NaN
NaN,NaN,NaN,NaN,NaN,NaN,NaN,NaN,NaN,NaN,NaN,NaN,NaN,NaN,NaN,NaN,NaN,NaN,NaN,NaN,NaN,NaN,NaN,NaN,NaN,NaN,NaN,NaN,NaN,NaN,NaN,NaN,NaN,NaN,NaN,NaN,NaN,NaN,NaN,NaN,NaN,NaN,NaN,NaN,NaN,NaN,NaN,NaN,NaN,NaN,NaN,NaN,NaN,NaN,NaN,NaN,NaN,NaN,NaN,NaN,NaN,NaN,NaN,NaN
NaN,NaN,NaN,NaN,NaN,NaN,0.004876,-0.000277,-0.006638,-0.014885,-0.018877,-0.023258,-0.024962,-0.022119,-0.018939,-0.012136,-0.002561,0.006163,0.014717,0.024556,0.030701,0.029915,0.028032,0.020277,0.015869,0.003698,-0.006405,-0.017535,-0.026744,-0.032871,-0.033032,-0.035968,NaN,-0.016058,-0.006674,0.004698,0.020444,0.028170,0.035417,0.040135,0.041548,0.037198,0.027200,0.017101,0.006856,-0.005669,-0.019281,-0.027820,-0.032672,-0.033514,-0.033252,-0.027234,-0.020451,-0.011393,-0.004282,0.004260,0.010880,0.016830,0.017915,NaN,NaN,NaN,NaN,NaN
NaN,NaN,NaN,NaN,NaN,NaN,NaN,NaN,NaN,NaN,NaN,NaN,NaN,NaN,NaN,NaN,NaN,NaN,NaN,NaN,NaN,NaN,NaN,NaN,NaN,NaN,NaN,NaN,NaN,NaN,NaN,NaN,NaN,NaN,NaN,NaN,NaN,NaN,NaN,NaN,NaN,NaN,NaN,NaN,NaN,NaN,NaN,NaN,NaN,NaN,NaN,NaN,NaN,NaN,NaN,NaN,NaN,NaN,NaN,NaN,NaN,NaN,NaN,NaN
NaN,NaN,NaN,NaN,NaN,NaN,-0.000732,-0.000028,0.000243,-0.000742,-0.000427,-0.001370,-0.000109,-0.000640,-0.000404,-0.000239,-0.000563,-0.000232,0.001042,-0.000788,0.001438,0.001988,-0.000098,-0.000050,-0.000809,0.000536,0.000197,0.000344,-0.001819,-0.000679,0.000298,0.000703,NaN,-0.000505,0.000494,0.000189,0.000304,-0.000328,-0.001112,-0.001217,-0.000133,-0.000142,-0.000049,0.000205,-0.000393,-0.000405,-0.001025,0.002156,0.000182,-0.000962,0.000712,-0.000255,-0.000170,-0.000109,-0.000950,-0.000162,-0.000296,-0.000922,-0.000226,NaN,NaN,NaN,NaN,NaN
NaN,NaN,NaN,NaN,NaN,NaN,NaN,NaN,NaN,NaN,NaN,NaN,NaN,NaN,NaN,NaN,NaN,NaN,NaN,NaN,NaN,NaN,NaN,NaN,NaN,NaN,NaN,NaN,NaN,NaN,NaN,NaN,NaN,NaN,NaN,NaN,NaN,NaN,NaN,NaN,NaN,NaN,NaN,NaN,NaN,NaN,NaN,NaN,NaN,NaN,NaN,NaN,NaN,NaN,NaN,NaN,NaN,NaN,NaN,NaN,NaN,NaN,NaN,NaN
NaN,NaN,NaN,NaN,NaN,NaN,NaN,NaN,NaN,NaN,NaN,NaN,NaN,NaN,NaN,NaN,NaN,NaN,NaN,NaN,NaN,NaN,NaN,NaN,NaN,NaN,NaN,NaN,NaN,NaN,NaN,NaN,NaN,NaN,NaN,NaN,NaN,NaN,NaN,NaN,NaN,NaN,NaN,NaN,NaN,NaN,NaN,NaN,NaN,NaN,NaN,NaN,NaN,NaN,NaN,NaN,NaN,NaN,NaN,NaN,NaN,NaN,NaN,NaN
NaN,NaN,NaN,NaN,NaN,NaN,NaN,NaN,NaN,NaN,NaN,NaN,NaN,NaN,NaN,NaN,NaN,NaN,NaN,NaN,NaN,NaN,NaN,NaN,NaN,NaN,NaN,NaN,NaN,NaN,NaN,NaN,NaN,NaN,NaN,NaN,NaN,NaN,NaN,NaN,NaN,NaN,NaN,NaN,NaN,NaN,NaN,NaN,NaN,NaN,NaN,NaN,NaN,NaN,NaN,NaN,NaN,NaN,NaN,NaN,NaN,NaN,NaN,NaN
NaN,NaN,NaN,NaN,NaN,NaN,-0.004552,-0.003043,-0.004727,-0.007722,0.016877,-0.000456,0.011627,0.003946,-0.028901,-0.002571,-0.013937,0.004606,-0.001744,-0.016575,0.036626,-0.010938,-0.020323,0.019483,-0.018148,-0.000421,-0.007235,0.013332,-0.051117,-0.020303,0.027214,-0.014567,NaN,0.010950,0.025109,-0.043727,-0.008362,-0.055750,0.008827,-0.016335,-0.037959,-0.040502,0.002413,0.038099,-0.014928,0.014600,-0.008592,0.014849,-0.018021,0.006904,-0.026169,0.000463,0.008469,-0.017976,-0.012810,0.027734,-0.002778,0.016865,-0.002382,NaN,NaN,NaN,NaN,NaN
NaN,NaN,NaN,NaN,NaN,NaN,0.000804,0.000580,-0.000762,0.000171,0.000779,0.000577,0.000538,0.000861,0.000210,0.000205,0.001260,-0.000421,0.000103,0.000232,0.000496,-0.000840,0.000717,0.001894,0.001024,-0.000219,-0.000963,-0.000974,0.000368,0.000544,-0.001730,-0.000857,NaN,-0.000016,0.000265,-0.001817,-0.000442,-0.000138,-0.000737,-0.000024,-0.000449,0.000740,0.000273,0.000109,0.000345,0.000648,0.000360,0.000958,0.000552,-0.000363,-0.000437,0.001255,0.001645,-0.000184,-0.000072,-0.000780,-0.001542,0.000144,0.000736,NaN,NaN,NaN,NaN,NaN
NaN,NaN,NaN,NaN,NaN,NaN,0.004898,-0.003484,0.003379,-0.000676,0.020603,-0.007838,0.041230,-0.031714,-0.007716,0.002046,-0.007090,-0.000484,-0.016402,-0.024979,0.041701,0.007488,-0.008722,0.051441,0.011585,0.011634,-0.000804,0.000123,-0.038732,-0.014304,0.034097,0.020936,NaN,0.011800,0.029299,-0.022527,-0.046911,-0.052670,-0.022563,-0.026580,-0.010870,-0.011210,-0.021689,0.048833,0.013760,-0.015053,-0.009658,0.020841,-0.027635,-0.019635,-0.024968,0.007504,0.017884,0.009593,-0.025021,0.007923,-0.010328,0.019378,-0.017392,NaN,NaN,NaN,NaN,NaN
NaN,NaN,NaN,NaN,NaN,NaN,-0.000091,-0.000467,-0.000366,-0.000727,-0.001368,-0.000937,0.000286,-0.000649,-0.000438,-0.000527,-0.000119,-0.001453,0.000180,-0.001413,0.000758,-0.000047,0.001111,-0.000595,-0.000262,0.002297,-0.000299,0.000537,-0.000547,-0.001557,-0.000180,-0.001468,NaN,0.003342,-0.001492,-0.000596,-0.000012,-0.000002,-0.001275,0.001366,0.000752,0.000998,0.000826,0.000291,-0.000904,-0.000424,-0.000879,-0.000049,-0.001312,0.000705,0.000750,-0.000277,-0.001161,-0.000009,-0.001287,-0.000084,-0.000019,-0.000067,-0.000441,NaN,NaN,NaN,NaN,NaN
NaN,NaN,NaN,NaN,NaN,NaN,0.009863,-0.016282,-0.007976,0.020434,0.006641,0.026897,-0.002215,-0.015785,-0.003850,-0.009182,0.016031,0.012780,0.005102,0.034112,-0.015175,-0.005212,-0.022865,-0.016836,-0.022357,-0.012428,-0.027266,-0.012858,-0.018644,-0.046612,-0.023384,-0.017733,NaN,0.014649,-0.019917,0.002216,0.038476,0.016338,0.021120,0.017438,0.004323,-0.009274,-0.004281,-0.024064,0.011692,0.038303,-0.031235,-0.000058,0.019727,0.030490,0.007180,-0.010104,-0.016917,-0.019593,0.021286,0.004790,0.014692,-0.011438,0.019984,NaN,NaN,NaN,NaN,NaN
NaN,NaN,NaN,NaN,NaN,NaN,-0.000116,0.000564,-0.000167,0.000224,0.000655,-0.000770,-0.001849,0.000904,-0.000626,-0.000765,0.000849,-0.000641,0.001575,0.002861,-0.001158,0.000566,0.001904,-0.000325,0.001062,0.000347,-0.000759,0.000576,0.000340,0.000159,-0.001249,-0.000745,NaN,0.000860,0.002047,-0.000171,-0.002379,-0.001361,0.001978,0.000396,-0.000378,-0.000497,-0.001200,-0.000590,0.002049,0.000440,0.000296,-0.000420,-0.000999,0.000206,0.001584,0.000264,-0.001297,0.000916,-0.000354,0.000103,-0.000947,0.000773,-0.001133,NaN,NaN,NaN,NaN,NaN
NaN,NaN,NaN,NaN,NaN,NaN,NaN,NaN,NaN,NaN,NaN,NaN,NaN,NaN,NaN,NaN,NaN,NaN,NaN,NaN,NaN,NaN,NaN,NaN,NaN,NaN,NaN,NaN,NaN,NaN,NaN,NaN,NaN,NaN,NaN,NaN,NaN,NaN,NaN,NaN,NaN,NaN,NaN,NaN,NaN,NaN,NaN,NaN,NaN,NaN,NaN,NaN,NaN,NaN,NaN,NaN,NaN,NaN,NaN,NaN,NaN,NaN,NaN,NaN
NaN,NaN,NaN,NaN,NaN,NaN,-0.013382,0.005517,0.002024,0.000356,0.028438,0.024893,0.007351,-0.011360,-0.002414,-0.002826,-0.018106,-0.016425,0.024219,-0.027820,0.019721,-0.005711,-0.014284,0.023467,-0.012651,-0.026680,-0.005938,-0.021487,0.025853,0.013116,-0.026069,0.028337,NaN,0.023683,0.005058,-0.039463,0.001573,-0.019770,0.028482,-0.018870,0.017952,0.009412,0.044766,-0.015583,0.010163,-0.022604,0.031693,0.024585,-0.023441,0.012999,-0.029233,-0.009473,-0.022131,-0.003322,0.014735,-0.015833,0.002042,-0.008109,-0.010440,NaN,NaN,NaN,NaN,NaN
NaN,NaN,NaN,NaN,NaN,NaN,NaN,NaN,NaN,NaN,NaN,NaN,NaN,NaN,NaN,NaN,NaN,NaN,NaN,NaN,NaN,NaN,NaN,NaN,NaN,NaN,NaN,NaN,NaN,NaN,NaN,NaN,NaN,NaN,NaN,NaN,NaN,NaN,NaN,NaN,NaN,NaN,NaN,NaN,NaN,NaN,NaN,NaN,NaN,NaN,NaN,NaN,NaN,NaN,NaN,NaN,NaN,NaN,NaN,NaN,NaN,NaN,NaN,NaN
NaN,NaN,NaN,NaN,NaN,NaN,0.003186,0.009521,0.019341,0.029166,0.012677,0.013804,0.010558,0.004333,-0.009334,-0.005069,-0.015465,-0.020317,-0.025093,-0.028788,-0.028165,-0.003308,0.006450,-0.001934,0.010024,0.033192,0.018950,0.041946,0.009854,0.012252,0.002162,-0.009783,NaN,-0.035858,-0.019512,-0.038312,-0.036276,-0.043277,-0.024560,-0.017011,-0.007747,0.018629,0.008625,0.018363,0.026283,0.029458,0.036058,0.034543,0.037597,-0.005050,-0.015467,0.004230,-0.033709,-0.010941,-0.039438,-0.011918,-0.015591,-0.014742,-0.012557,NaN,NaN,NaN,NaN,NaN
NaN,NaN,NaN,NaN,NaN,NaN,0.000461,0.000474,-0.001552,-0.000112,-0.001739,-0.000762,0.000081,0.001297,-0.001033,-0.001995,-0.001351,-0.000512,-0.000150,0.000991,0.000104,0.000213,-0.000923,-0.000462,-0.000008,-0.000939,0.002159,0.001078,0.000402,0.001411,0.001946,0.000716,NaN,-0.000475,0.000555,-0.000114,-0.001650,0.000045,0.000012,-0.000566,-0.000772,0.000661,-0.000648,0.001002,0.000396,-0.000532,-0.000148,0.001309,-0.000913,0.000142,0.000419,0.000297,-0.000070,0.000073,-0.000191,0.001463,-0.000364,-0.000611,0.001456,NaN,NaN,NaN,NaN,NaN
NaN,NaN,NaN,NaN,NaN,NaN,0.000154,-0.006975,-0.013305,-0.020311,-0.022517,-0.024039,-0.024258,-0.019778,-0.014307,-0.004894,0.004615,0.015131,0.020970,0.030715,0.030664,0.026941,0.023399,0.017728,0.007094,-0.005588,-0.013429,-0.027192,-0.032905,-0.036292,-0.034423,-0.028836,NaN,-0.009453,0.003033,0.015964,0.026566,0.036015,0.041322,0.040471,0.038609,0.028630,0.017324,0.007654,-0.004640,-0.016753,-0.028438,-0.034640,-0.038022,-0.036600,-0.029931,-0.022948,-0.014212,-0.003936,0.003349,0.010070,0.016534,0.018768,0.019032,NaN,NaN,NaN,NaN,NaN
NaN,NaN,NaN,NaN,NaN,NaN,NaN,NaN,NaN,NaN,NaN,NaN,NaN,NaN,NaN,NaN,NaN,NaN,NaN,NaN,NaN,NaN,NaN,NaN,NaN,NaN,NaN,NaN,NaN,NaN,NaN,NaN,NaN,NaN,NaN,NaN,NaN,NaN,NaN,NaN,NaN,NaN,NaN,NaN,NaN,NaN,NaN,NaN,NaN,NaN,NaN,NaN,NaN,NaN,NaN,NaN,NaN,NaN,NaN,NaN,NaN,NaN,NaN,NaN
NaN,NaN,NaN,NaN,NaN,NaN,-0.002849,-0.002444,0.007603,0.000909,0.019419,-0.001965,0.020670,-0.001079,-0.022467,0.002221,-0.016279,0.003404,-0.010616,-0.028964,0.039367,-0.000242,-0.013392,0.043775,0.013590,-0.001908,-0.006527,-0.000406,-0.019604,-0.004384,0.013139,-0.013256,NaN,0.045158,0.021762,-0.009220,-0.035246,-0.041157,-0.021246,-0.019053,-0.025648,-0.021592,-0.028470,0.035557,0.007050,0.029510,0.001141,0.000077,-0.028224,0.007303,-0.024877,-0.004123,0.011307,-0.017382,-0.012080,0.026066,-0.002617,0.017232,-0.008028,NaN,NaN,NaN,NaN,NaN
