NaN,NaN,NaN,NaN,NaN,NaN,0.000253,-0.000575,-0.000356,0.001051,0.000598,0.001066,-0.001445,0.000567,-0.002130,-0.000869,-0.000471,0.000471,-0.000047,0.000862,-0.001058,0.000930,0.000115,0.000010,0.000302,-0.001412,0.001333,0.000842,0.000078,-0.000227,-0.000164,0.000657,NaN,-0.000751,0.000264,-0.000133,-0.000094,0.000049,-0.000063,0.000194,-0.000580,-0.000983,0.000489,0.000526,-0.001214,-0.000997,0.000247,0.000282,0.001675,0.000650,-0.000512,-0.000645,0.000185,0.001164,0.000191,-0.000501,-0.000604,0.000883,-0.000666,NaN,NaN,NaN,NaN,NaN
NaN,NaN,NaN,NaN,NaN,NaN,0.018413,0.015970,0.014818,0.009498,0.002390,-0.006502,-0.013145,-0.023040,-0.027471,-0.032139,-0.032949,-0.028564,-0.025236,-0.017496,-0.007492,0.003600,0.013740,0.025424,0.032353,0.037430,0.037195,0.035156,0.030316,0.023938,0.012651,-0.000015,NaN,-0.020447,-0.032046,-0.035768,-0.039025,-0.034977,-0.031249,-0.023175,-0.012363,-0.003902,0.006926,0.016332,0.024817,0.030480,0.032811,0.032895,0.027598,0.021266,0.013474,0.008502,-0.001625,-0.007328,-0.014036,-0.017375,-0.018147,-0.016647,-0.015276,NaN,NaN,NaN,NaN,NaN
NaN,NaN,NaN,NaN,NaN,NaN,-0.012919,0.004759,0.004183,-0.016707,0.024429,-0.029368,0.022555,-0.010184,-0.002844,0.016397,-0.026349,0.034578,-0.031743,0.025994,-0.008770,-0.008567,0.024492,-0.031008,0.042289,-0.030845,0.016840,-0.001353,-0.015915,0.032210,-0.037599,0.036585,NaN,0.012814,0.007109,-0.025299,0.030981,-0.040729,0.032766,-0.017151,-0.000913,0.015832,-0.028093,0.034412,-0.036029,0.024483,-0.010169,-0.007119,0.020356,-0.027066,0.028877,-0.022551,0.009823,0.000853,-0.009467,0.016861,-0.018359,0.017005,-0.010066,NaN,NaN,NaN,NaN,NaN
NaN,NaN,NaN,NaN,NaN,NaN,-0.005900,0.015778,0.021833,0.000609,-0.022127,-0.025530,0.000426,0.026385,0.024838,-0.005169,-0.031159,-0.022174,0.011697,0.036549,0.021201,-0.018334,-0.038455,-0.017000,0.021561,0.038079,0.011211,-0.029426,-0.037680,-0.006969,0.030105,0.033892,NaN,-0.034258,-0.032970,0.006329,0.037061,0.026844,-0.010871,-0.038295,-0.022764,0.014318,0.036035,0.016395,-0.020614,-0.033491,-0.012940,0.020552,0.028405,0.006586,-0.022099,-0.024302,-0.002674,0.020711,0.020003,-0.001235,-0.018800,-0.013382,0.002728,NaN,NaN,NaN,NaN,NaN
NaN,NaN,NaN,NaN,NaN,NaN,-0.010105,0.016944,-0.022043,0.022992,-0.024657,0.019718,-0.012085,0.004057,0.006312,-0.019079,0.025061,-0.031239,0.034893,-0.032544,0.027496,-0.020746,0.005992,0.007748,-0.018323,0.028248,-0.035541,0.039434,-0.037010,0.029890,-0.019828,0.007579,NaN,-0.017101,0.030290,-0.034377,0.038040,-0.034499,0.029262,-0.020742,0.010465,0.002505,-0.015913,0.024869,-0.031455,0.034458,-0.032643,0.025870,-0.016116,0.008358,0.001683,-0.009193,0.016549,-0.021941,0.023294,-0.020852,0.014973,-0.011297,0.004371,NaN,NaN,NaN,NaN,NaN
NaN,NaN,NaN,NaN,NaN,NaN,-0.016379,-0.003794,0.021887,-0.009543,-0.017146,0.023622,0.003466,-0.030133,0.015172,0.020487,-0.031796,-0.002560,0.034582,-0.019684,-0.022593,0.034842,0.001345,-0.035173,0.023410,0.021551,-0.037605,0.002669,0.035374,-0.023277,-0.020560,0.036971,NaN,-0.034000,0.026655,0.019449,-0.037271,0.004896,0.034243,-0.023270,-0.016743,0.034964,-0.006080,-0.031429,0.025614,0.014695,-0.032678,0.004828,0.027308,-0.022253,-0.011278,0.025103,-0.006475,-0.021305,0.017244,0.008800,-0.019906,0.003781,0.013575,NaN,NaN,NaN,NaN,NaN
NaN,NaN,NaN,NaN,NaN,NaN,-0.014978,0.002173,0.021230,0.016731,-0.009519,-0.026502,-0.016003,0.015975,0.029739,0.011948,-0.021954,-0.031728,-0.006427,0.029984,0.031978,-0.002751,-0.032481,-0.027574,0.010495,0.038181,0.022043,-0.018206,-0.036758,-0.012828,0.024351,0.038176,NaN,-0.029249,-0.033028,0.003868,0.035263,0.029453,-0.009362,-0.036836,-0.022506,0.016212,0.035542,0.013719,-0.021395,-0.033544,-0.008749,0.023685,0.027928,0.000749,-0.023812,-0.021472,0.001539,0.024443,0.015475,-0.006885,-0.019185,-0.008369,0.007509,NaN,NaN,NaN,NaN,NaN
NaN,NaN,NaN,NaN,NaN,NaN,-0.015910,0.001829,0.018723,0.017110,-0.007972,-0.027144,-0.014405,0.016678,0.029410,0.010904,-0.022893,-0.031590,-0.005330,0.029342,0.029507,-0.006827,-0.035272,-0.024586,0.015817,0.038773,0.017499,-0.023856,-0.037135,-0.008567,0.031689,0.035223,NaN,-0.034344,-0.029007,0.012650,0.036152,0.023002,-0.019342,-0.038592,-0.014247,0.024677,0.033349,0.006427,-0.028432,-0.028353,0.001987,0.031590,0.022537,-0.010116,-0.028241,-0.013012,0.013018,0.023810,0.006098,-0.013920,-0.016988,-0.002819,0.012700,NaN,NaN,NaN,NaN,NaN
NaN,NaN,NaN,NaN,NaN,NaN,-0.003094,-0.006001,0.015382,-0.023200,0.025694,-0.021413,0.013777,0.001143,-0.014395,0.027770,-0.032783,0.033522,-0.023639,0.008268,0.006956,-0.021995,0.033937,-0.038310,0.033890,-0.020154,0.005721,0.012887,-0.027138,0.037998,-0.038840,0.028983,NaN,-0.000399,0.016756,-0.033088,0.036804,-0.037131,0.027182,-0.010976,-0.007010,0.019997,-0.030988,0.036115,-0.029970,0.017550,-0.004103,-0.011583,0.024331,-0.028321,0.027271,-0.020210,0.009246,0.002620,-0.011312,0.018748,-0.019751,0.016335,-0.008357,NaN,NaN,NaN,NaN,NaN
NaN,NaN,NaN,NaN,NaN,NaN,-0.015954,0.003694,0.020451,0.016740,-0.007185,-0.028251,-0.017242,0.015883,0.030250,0.012624,-0.022268,-0.033994,-0.008301,0.027243,0.032484,-0.000036,-0.035116,-0.028316,0.010158,0.037524,0.022821,-0.018570,-0.038493,-0.019127,0.024683,0.035216,NaN,-0.030034,-0.034047,-0.000803,0.033414,0.031906,-0.009429,-0.036265,-0.023047,0.014579,0.035463,0.017561,-0.019495,-0.033986,-0.009096,0.023821,0.030159,0.002233,-0.024738,-0.022710,0.001111,0.024160,0.016641,-0.005487,-0.018285,-0.010781,0.007971,NaN,NaN,NaN,NaN,NaN
NaN,NaN,NaN,NaN,NaN,NaN,-0.018007,-0.025997,0.013602,0.029307,0.019835,-0.002278,-0.029284,-0.026848,0.039593,0.020229,0.017891,-0.006465,-0.015468,0.006688,0.040037,0.005729,-0.044873,-0.007340,-0.014206,0.043084,0.015020,0.014056,-0.011030,-0.013705,0.009683,0.027344,NaN,-0.027744,-0.029576,-0.018574,0.014139,0.029390,0.018011,-0.033139,-0.036066,0.004899,0.024234,0.020282,-0.009760,-0.031637,-0.012693,0.003522,0.026401,0.008279,-0.024241,-0.024537,0.005694,0.013186,0.015910,0.009009,-0.004451,-0.003528,0.008043,NaN,NaN,NaN,NaN,NaN
NaN,NaN,NaN,NaN,NaN,NaN,-0.003702,-0.009388,-0.019741,0.012006,0.024469,0.024946,0.013714,0.010725,-0.027819,0.030391,0.013357,0.005851,0.026812,0.047305,-0.027777,-0.007779,-0.033266,-0.003975,0.025879,0.040887,-0.003416,-0.017591,-0.012832,0.034072,-0.016245,-0.025311,NaN,-0.030311,-0.021985,0.014766,-0.015621,0.035407,0.017179,0.025728,0.010132,0.050213,0.022775,0.019974,-0.004574,-0.013792,-0.001328,-0.011286,-0.004243,-0.009885,-0.008036,-0.003755,0.006739,0.000105,-0.005645,-0.001082,-0.008014,-0.003092,0.010853,NaN,NaN,NaN,NaN,NaN
NaN,NaN,NaN,NaN,NaN,NaN,-0.016780,-0.002591,0.020256,0.020552,-0.003558,-0.025811,-0.021501,0.009473,0.030202,0.016261,-0.016724,-0.031924,-0.011646,0.024516,0.032417,0.000281,-0.032593,-0.030710,0.005834,0.037192,0.024240,-0.017585,-0.039289,-0.015515,0.022375,0.037304,NaN,-0.031594,-0.036051,0.000829,0.033722,0.031524,-0.011372,-0.036698,-0.020697,0.015575,0.036805,0.012737,-0.023604,-0.032019,-0.005804,0.025576,0.027070,-0.002927,-0.026195,-0.017944,0.006897,0.023223,0.012391,-0.010839,-0.019434,-0.005842,0.011506,NaN,NaN,NaN,NaN,NaN
NaN,NaN,NaN,NaN,NaN,NaN,-0.014695,0.009285,0.001374,-0.013452,0.021440,-0.028208,0.024267,-0.016342,0.001980,0.013745,-0.023215,0.033939,-0.034771,0.027408,-0.012480,-0.006559,0.022435,-0.031557,0.042361,-0.033997,0.017570,-0.000585,-0.016600,0.031208,-0.038184,0.037540,NaN,0.009765,0.009448,-0.027162,0.033840,-0.039845,0.030004,-0.014446,-0.005938,0.021203,-0.031139,0.033569,-0.030146,0.020876,-0.003183,-0.013590,0.024530,-0.028047,0.027338,-0.017347,0.004345,0.006181,-0.015279,0.018991,-0.019549,0.013502,-0.006926,NaN,NaN,NaN,NaN,NaN
NaN,NaN,NaN,NaN,NaN,NaN,-0.013687,0.004357,0.022692,0.014703,-0.009067,-0.027438,-0.012317,0.016696,0.028627,0.008189,-0.023740,-0.033030,-0.004419,0.029916,0.030656,-0.003284,-0.035896,-0.025127,0.012000,0.036859,0.021323,-0.021638,-0.037434,-0.014244,0.024915,0.036634,NaN,-0.032661,-0.032979,0.003115,0.035604,0.027806,-0.011150,-0.035874,-0.022332,0.018290,0.034864,0.015152,-0.023510,-0.032881,-0.006161,0.023651,0.028399,-0.000339,-0.025470,-0.020329,0.006019,0.024692,0.013198,-0.006941,-0.019478,-0.008963,0.009069,NaN,NaN,NaN,NaN,NaN
NaN,NaN,NaN,NaN,NaN,NaN,0.011430,-0.009856,-0.023391,-0.003077,0.022076,0.018903,-0.012577,-0.029488,-0.007974,0.029629,0.025049,-0.011944,-0.035355,-0.009601,0.030503,0.029224,-0.013255,-0.037192,-0.010943,0.032153,0.030355,-0.011828,-0.038524,-0.014191,0.031573,0.032565,NaN,-0.039956,-0.013071,0.031605,0.034043,-0.008848,-0.038481,-0.017119,0.027840,0.032678,-0.004638,-0.032685,-0.016058,0.022243,0.030384,-0.001752,-0.030212,-0.016531,0.016637,0.025684,-0.000595,-0.022607,-0.013546,0.010112,0.018850,0.000824,-0.014903,NaN,NaN,NaN,NaN,NaN
NaN,NaN,NaN,NaN,NaN,NaN,0.016632,-0.003914,-0.022067,-0.009818,0.018351,0.024722,-0.005853,-0.029218,-0.013892,0.024342,0.028246,-0.005303,-0.033119,-0.017283,0.026131,0.033869,-0.005096,-0.036682,-0.017045,0.026076,0.035270,-0.005951,-0.039336,-0.016900,0.028325,0.033581,NaN,-0.038160,-0.018590,0.029107,0.034449,-0.006308,-0.037625,-0.016390,0.027705,0.033058,-0.004515,-0.035600,-0.016266,0.025674,0.030221,-0.003827,-0.030388,-0.013881,0.018432,0.024395,-0.001636,-0.021396,-0.012405,0.012718,0.017884,-0.002349,-0.014606,NaN,NaN,NaN,NaN,NaN
NaN,NaN,NaN,NaN,NaN,NaN,-0.002058,-0.010572,-0.018762,-0.024953,-0.024261,-0.018053,-0.003017,0.010596,0.024285,0.030459,0.030668,0.025255,0.012112,-0.005851,-0.021858,-0.033818,-0.037877,-0.031254,-0.020424,-0.000293,0.017474,0.033956,0.038158,0.034800,0.025966,0.008998,NaN,-0.027453,-0.037086,-0.038481,-0.030712,-0.015539,0.001339,0.018884,0.032392,0.037267,0.031400,0.021667,0.007665,-0.010974,-0.025399,-0.031497,-0.029275,-0.022420,-0.010670,0.003262,0.013434,0.021066,0.021896,0.019071,0.010346,0.002917,-0.005390,NaN,NaN,NaN,NaN,NaN
NaN,NaN,NaN,NaN,NaN,NaN,-0.005172,0.022285,-0.005257,-0.023357,0.018026,0.012343,-0.024494,-0.002183,0.030535,-0.019799,-0.010637,0.035069,-0.006392,-0.030616,0.028374,0.014185,-0.040409,0.005347,0.031190,-0.022073,-0.022702,0.037482,-0.004413,-0.032580,0.032940,0.017495,NaN,0.005986,0.031962,-0.030337,-0.015594,0.038296,-0.002067,-0.035568,0.021190,0.021948,-0.037164,0.008752,0.026870,-0.027781,-0.016067,0.030663,-0.008590,-0.025177,0.022910,0.012112,-0.024160,0.002869,0.021706,-0.015262,-0.004396,0.019396,-0.004018,NaN,NaN,NaN,NaN,NaN
NaN,NaN,NaN,NaN,NaN,NaN,0.016381,0.020385,0.022137,0.018621,0.013330,0.006425,-0.002599,-0.012853,-0.021628,-0.031365,-0.034053,-0.033205,-0.029917,-0.023462,-0.011157,-0.001109,0.010993,0.023166,0.031021,0.035605,0.039635,0.036342,0.028808,0.019583,0.005435,-0.005959,NaN,-0.027078,-0.036119,-0.036134,-0.037684,-0.030946,-0.023825,-0.012391,0.001474,0.011402,0.023859,0.030360,0.034883,0.034025,0.029539,0.024960,0.015838,0.004068,-0.004509,-0.012246,-0.017790,-0.021746,-0.023353,-0.023155,-0.017392,-0.011268,-0.006966,NaN,NaN,NaN,NaN,NaN
NaN,NaN,NaN,NaN,NaN,NaN,-0.014654,0.001616,0.020135,0.017433,-0.007665,-0.027363,-0.016018,0.015705,0.031491,0.011672,-0.023071,-0.032517,-0.004376,0.029481,0.030605,-0.005583,-0.037016,-0.026210,0.015984,0.038326,0.016451,-0.025537,-0.035311,-0.008861,0.028803,0.036152,NaN,-0.036541,-0.030279,0.009307,0.035314,0.023147,-0.019060,-0.038573,-0.012487,0.024547,0.035969,0.006971,-0.027478,-0.029994,0.003946,0.030592,0.022589,-0.009053,-0.028409,-0.014940,0.011163,0.022515,0.007078,-0.014855,-0.018797,-0.003567,0.012385,NaN,NaN,NaN,NaN,NaN
NaN,NaN,NaN,NaN,NaN,NaN,0.010602,-0.014064,-0.021915,-0.000632,0.026479,0.016348,-0.017429,-0.030946,-0.004973,0.029222,0.024955,-0.015082,-0.035515,-0.007353,0.031563,0.028574,-0.011813,-0.037689,-0.012603,0.030087,0.032447,-0.010277,-0.039218,-0.016501,0.030096,0.033654,NaN,-0.037597,-0.018875,0.027092,0.035363,-0.003403,-0.038212,-0.021308,0.022516,0.034930,0.002821,-0.032423,-0.024411,0.015450,0.033303,0.005083,-0.026554,-0.023997,0.010866,0.027343,0.007610,-0.017520,-0.018760,0.005306,0.019596,0.008380,-0.011161,NaN,NaN,NaN,NaN,NaN
NaN,NaN,NaN,NaN,NaN,NaN,0.004822,0.019853,0.013468,-0.009556,-0.025840,-0.016588,0.010707,0.029659,0.015646,-0.015964,-0.031641,-0.016695,0.019676,0.035413,0.013391,-0.023135,-0.036763,-0.008767,0.028374,0.036105,0.006174,-0.030958,-0.035197,-0.002834,0.033594,0.035686,NaN,-0.033338,-0.030601,0.005761,0.035721,0.029556,-0.010120,-0.035537,-0.025589,0.010088,0.035585,0.023456,-0.013188,-0.034819,-0.018398,0.013095,0.031073,0.013363,-0.013688,-0.026362,-0.010398,0.015019,0.021816,0.007562,-0.012075,-0.017031,-0.004802,NaN,NaN,NaN,NaN,NaN
NaN,NaN,NaN,NaN,NaN,NaN,0.017143,0.013760,-0.012876,-0.022675,0.000043,0.028407,0.013287,-0.020502,-0.028667,0.004067,0.032572,0.017042,-0.022616,-0.030314,0.008624,0.036308,0.013198,-0.029396,-0.030852,0.013677,0.038862,0.009587,-0.031807,-0.031297,0.013983,0.037415,NaN,-0.034466,-0.027157,0.020893,0.036498,0.002589,-0.034479,-0.022796,0.019823,0.034969,0.002633,-0.034707,-0.022083,0.020794,0.030903,-0.003945,-0.030360,-0.016345,0.019984,0.026829,-0.001617,-0.024438,-0.007925,0.012982,0.017325,-0.001779,-0.015758,NaN,NaN,NaN,NaN,NaN
NaN,NaN,NaN,NaN,NaN,NaN,-0.006169,-0.014794,-0.021148,-0.022831,-0.020748,-0.011171,0.002606,0.014821,0.025757,0.032238,0.031350,0.020046,0.007451,-0.008602,-0.025827,-0.034973,-0.037377,-0.030630,-0.018058,-0.001238,0.019255,0.031554,0.039399,0.037484,0.026194,0.011234,NaN,-0.024989,-0.036613,-0.039716,-0.031324,-0.016157,-0.001562,0.015620,0.030913,0.036602,0.033951,0.026613,0.011352,-0.004977,-0.020208,-0.028113,-0.029288,-0.025432,-0.015846,-0.003600,0.009663,0.018444,0.021740,0.019142,0.013802,0.007584,-0.001234,NaN,NaN,NaN,NaN,NaN
NaN,NaN,NaN,NaN,NaN,NaN,-0.013258,0.005310,0.021121,0.014703,-0.012169,-0.027166,-0.012893,0.017536,0.030195,0.009004,-0.024898,-0.032273,-0.004538,0.031337,0.029812,-0.007078,-0.036923,-0.025060,0.015696,0.035991,0.018760,-0.023538,-0.037080,-0.010644,0.026148,0.036529,NaN,-0.033493,-0.031125,0.006069,0.035756,0.026006,-0.012735,-0.036215,-0.019180,0.021445,0.035921,0.012773,-0.024282,-0.033155,-0.004780,0.025942,0.028367,-0.003289,-0.026496,-0.019388,0.004852,0.024057,0.011981,-0.008120,-0.020108,-0.008522,0.008425,NaN,NaN,NaN,NaN,NaN
NaN,NaN,NaN,NaN,NaN,NaN,-0.013407,0.008342,0.003628,-0.014591,0.021192,-0.028234,0.024942,-0.015555,0.001217,0.011588,-0.022824,0.032318,-0.034340,0.027744,-0.012638,-0.002537,0.020898,-0.030715,0.040839,-0.034570,0.022688,-0.003397,-0.013065,0.029055,-0.038581,0.036192,NaN,0.016625,0.002900,-0.020731,0.030641,-0.040917,0.034339,-0.019777,0.002696,0.013985,-0.026134,0.034250,-0.034471,0.027271,-0.013439,-0.002304,0.016627,-0.025415,0.029904,-0.022723,0.013047,-0.001886,-0.009758,0.014895,-0.020021,0.017677,-0.012087,NaN,NaN,NaN,NaN,NaN
NaN,NaN,NaN,NaN,NaN,NaN,-0.011606,0.016948,-0.022085,0.023230,-0.022955,0.019090,-0.014120,0.003906,0.005699,-0.015767,0.026292,-0.030919,0.036018,-0.034432,0.028481,-0.022335,0.008527,0.003336,-0.014408,0.026777,-0.033939,0.038521,-0.038200,0.033426,-0.024719,0.013726,NaN,-0.013079,0.021871,-0.032392,0.037238,-0.036999,0.035987,-0.030365,0.018566,-0.007917,-0.005145,0.016924,-0.025306,0.032120,-0.032308,0.031641,-0.023899,0.018474,-0.007494,-0.001374,0.010412,-0.016280,0.020265,-0.020823,0.020131,-0.016119,0.008244,NaN,NaN,NaN,NaN,NaN
NaN,NaN,NaN,NaN,NaN,NaN,0.017981,0.003073,-0.021390,-0.017149,0.010865,0.025498,0.003132,-0.026915,-0.020821,0.017922,0.032692,0.001948,-0.033107,-0.023293,0.020678,0.034680,0.001592,-0.035946,-0.021398,0.023313,0.036929,-0.001133,-0.035715,-0.022723,0.024980,0.035090,NaN,-0.038566,-0.020128,0.026026,0.034200,-0.005751,-0.037593,-0.018540,0.025091,0.032541,-0.005885,-0.035950,-0.016880,0.024566,0.029719,-0.004969,-0.030137,-0.013782,0.020798,0.024218,-0.005301,-0.023629,-0.009095,0.015588,0.015922,-0.002984,-0.014734,NaN,NaN,NaN,NaN,NaN
NaN,NaN,NaN,NaN,NaN,NaN,-0.006965,0.013499,0.020425,0.005417,-0.019542,-0.026041,-0.003197,0.025060,0.026538,0.000477,-0.029189,-0.027142,0.004515,0.033161,0.025294,-0.012353,-0.039802,-0.019258,0.019110,0.037574,0.015435,-0.023229,-0.039245,-0.012574,0.029228,0.037159,NaN,-0.033315,-0.032375,-0.000495,0.035073,0.033295,-0.009425,-0.035382,-0.024761,0.012851,0.034871,0.021259,-0.014879,-0.032102,-0.016207,0.018784,0.032181,0.008968,-0.020508,-0.023684,-0.005788,0.020508,0.017790,0.003563,-0.016400,-0.015308,0.000528,NaN,NaN,NaN,NaN,NaN
NaN,NaN,NaN,NaN,NaN,NaN,-0.016822,-0.005000,0.017783,0.021471,-0.002130,-0.025204,-0.021371,0.008982,0.028389,0.017328,-0.016132,-0.035107,-0.014672,0.024376,0.034492,0.005252,-0.032229,-0.029116,0.004135,0.037831,0.026079,-0.013684,-0.037629,-0.018989,0.022255,0.039060,NaN,-0.030765,-0.034955,-0.000236,0.034084,0.030124,-0.009722,-0.037312,-0.020884,0.017399,0.035002,0.015198,-0.023295,-0.032107,-0.005808,0.025437,0.026473,-0.000406,-0.027482,-0.019364,0.005048,0.025413,0.011668,-0.009908,-0.019099,-0.006327,0.009605,NaN,NaN,NaN,NaN,NaN
NaN,NaN,NaN,NaN,NaN,NaN,0.005767,-0.015629,0.020476,-0.024693,0.020988,-0.012249,-0.000229,0.013271,-0.025500,0.032860,-0.031885,0.024922,-0.013218,-0.003168,0.020023,-0.032285,0.037864,-0.035287,0.024757,-0.011713,-0.005870,0.023369,-0.034003,0.039532,-0.035644,0.024529,NaN,-0.011379,0.024838,-0.035925,0.038125,-0.033224,0.020213,-0.003967,-0.013374,0.026236,-0.035446,0.034603,-0.028524,0.014816,0.001293,-0.015948,0.024914,-0.030251,0.025309,-0.017116,0.007033,0.004171,-0.012678,0.018756,-0.018511,0.015580,-0.008179,NaN,NaN,NaN,NaN,NaN
NaN,NaN,NaN,NaN,NaN,NaN,0.001983,0.019432,0.016845,-0.006066,-0.025634,-0.018560,0.009703,0.029841,0.016135,-0.013742,-0.034168,-0.017724,0.017549,0.035288,0.013905,-0.024808,-0.036251,-0.008838,0.029921,0.036008,0.004355,-0.030891,-0.034618,0.001076,0.036207,0.031764,NaN,-0.036592,-0.028110,0.008931,0.035742,0.025932,-0.014376,-0.037872,-0.019947,0.019338,0.035669,0.016820,-0.020166,-0.033711,-0.011048,0.021925,0.031406,0.007022,-0.021649,-0.023297,-0.003574,0.020043,0.020461,0.000088,-0.016460,-0.014790,-0.000171,NaN,NaN,NaN,NaN,NaN
NaN,NaN,NaN,NaN,NaN,NaN,-0.016071,-0.001022,0.020922,0.019982,-0.004527,-0.027330,-0.016726,0.012348,0.030867,0.012580,-0.020568,-0.032619,-0.005022,0.030040,0.030213,-0.005367,-0.034301,-0.024695,0.015631,0.039448,0.016862,-0.025877,-0.038072,-0.005622,0.033760,0.032985,NaN,-0.036902,-0.027301,0.015595,0.038081,0.017169,-0.024324,-0.035646,-0.006641,0.028458,0.032395,-0.001335,-0.033968,-0.026489,0.009906,0.032077,0.017810,-0.015560,-0.027939,-0.008587,0.017964,0.022903,0.000470,-0.019093,-0.016043,0.002379,0.015068,NaN,NaN,NaN,NaN,NaN
NaN,NaN,NaN,NaN,NaN,NaN,0.018347,0.020338,0.018944,0.013997,0.006505,0.000155,-0.010553,-0.016641,-0.024420,-0.032040,-0.033303,-0.032322,-0.026911,-0.021454,-0.010829,-0.001714,0.010879,0.021987,0.031122,0.037505,0.038945,0.036865,0.034974,0.023527,0.009209,-0.000106,NaN,-0.024656,-0.032480,-0.036827,-0.040184,-0.036233,-0.031131,-0.021568,-0.011945,-0.000983,0.011558,0.019801,0.028951,0.033073,0.033691,0.032340,0.025475,0.019365,0.009825,0.002711,-0.006842,-0.011614,-0.016018,-0.021446,-0.019312,-0.016198,-0.013855,NaN,NaN,NaN,NaN,NaN
NaN,NaN,NaN,NaN,NaN,NaN,0.014901,-0.007049,-0.022484,-0.007848,0.020553,0.024624,-0.007112,-0.030588,-0.012523,0.024147,0.031017,-0.003673,-0.033804,-0.018535,0.024993,0.034346,-0.003766,-0.037626,-0.018454,0.027602,0.035514,-0.002462,-0.039068,-0.022517,0.025508,0.035889,NaN,-0.035505,-0.022623,0.023662,0.035809,0.001503,-0.035212,-0.023855,0.020325,0.036353,0.002594,-0.031701,-0.025376,0.017175,0.032261,0.006490,-0.025596,-0.022599,0.012636,0.026798,0.007861,-0.019957,-0.017708,0.007038,0.018951,0.005394,-0.012950,NaN,NaN,NaN,NaN,NaN
NaN,NaN,NaN,NaN,NaN,NaN,0.010787,-0.018365,0.020735,-0.023285,0.017214,-0.008721,-0.004114,0.017096,-0.025474,0.031964,-0.032745,0.024696,-0.011520,-0.003409,0.020722,-0.029722,0.036588,-0.035228,0.029950,-0.016499,-0.004031,0.016825,-0.029860,0.041632,-0.038945,0.029859,NaN,-0.001853,0.018750,-0.032149,0.036572,-0.038503,0.029657,-0.016217,0.001311,0.014456,-0.027969,0.034256,-0.034680,0.028570,-0.017488,0.000815,0.012254,-0.021032,0.027804,-0.026218,0.021102,-0.010850,0.000972,0.007716,-0.014887,0.017851,-0.015758,NaN,NaN,NaN,NaN,NaN
NaN,NaN,NaN,NaN,NaN,NaN,0.003859,0.021090,0.016616,-0.004680,-0.024967,-0.020428,0.007653,0.028737,0.019397,-0.012587,-0.033852,-0.019396,0.017129,0.035666,0.016762,-0.019443,-0.036943,-0.014358,0.023497,0.038680,0.011044,-0.029666,-0.036929,-0.006730,0.029527,0.033347,NaN,-0.031527,-0.034980,0.002137,0.034878,0.033239,-0.003577,-0.034612,-0.027857,0.006388,0.034416,0.026287,-0.010810,-0.034104,-0.024061,0.008745,0.031697,0.017888,-0.011261,-0.026786,-0.014415,0.011904,0.023250,0.010518,-0.012581,-0.018571,-0.005286,NaN,NaN,NaN,NaN,NaN
NaN,NaN,NaN,NaN,NaN,NaN,-0.000853,0.022634,-0.012270,-0.017054,0.022980,-0.000890,-0.027549,0.012552,0.021139,-0.030949,0.004031,0.032500,-0.021660,-0.017048,0.036994,-0.003812,-0.036991,0.023761,0.020735,-0.033370,-0.002585,0.039167,-0.024131,-0.015508,0.040683,-0.006947,NaN,0.027211,0.016771,-0.040719,0.006804,0.033982,-0.026139,-0.018904,0.038224,-0.008576,-0.029124,0.030062,0.008584,-0.033282,0.012103,0.023909,-0.026642,-0.008176,0.027155,-0.009865,-0.020264,0.019166,0.004788,-0.021422,0.009606,0.012580,-0.014319,NaN,NaN,NaN,NaN,NaN
NaN,NaN,NaN,NaN,NaN,NaN,0.018412,0.017877,0.015998,0.012407,0.005170,-0.005710,-0.012667,-0.021179,-0.027425,-0.033624,-0.034135,-0.030580,-0.025295,-0.016217,-0.005645,0.003735,0.015349,0.027426,0.034746,0.038081,0.039875,0.036107,0.028365,0.021088,0.006201,-0.006199,NaN,-0.027565,-0.034636,-0.037064,-0.036942,-0.034876,-0.030285,-0.019444,-0.006888,0.002609,0.015466,0.023927,0.030876,0.033611,0.032534,0.029932,0.024137,0.017124,0.006393,-0.001188,-0.009477,-0.015287,-0.018492,-0.020744,-0.018315,-0.016210,-0.012605,NaN,NaN,NaN,NaN,NaN
NaN,NaN,NaN,NaN,NaN,NaN,-0.013169,0.006702,0.020446,0.013139,-0.012451,-0.027858,-0.009397,0.020137,0.028873,0.006175,-0.026389,-0.031227,0.000258,0.031656,0.027539,-0.009373,-0.037530,-0.022027,0.018142,0.038402,0.014566,-0.025487,-0.038296,-0.009049,0.032004,0.036623,NaN,-0.033672,-0.029218,0.009449,0.037218,0.023997,-0.016734,-0.037945,-0.016494,0.022156,0.036194,0.010409,-0.026195,-0.033364,-0.001082,0.028099,0.026737,-0.005826,-0.028216,-0.018201,0.006256,0.023608,0.012717,-0.009142,-0.018880,-0.005591,0.009363,NaN,NaN,NaN,NaN,NaN
NaN,NaN,NaN,NaN,NaN,NaN,0.002000,0.019845,0.017278,-0.005870,-0.025459,-0.020693,0.010547,0.029979,0.017775,-0.014040,-0.032316,-0.017322,0.017456,0.035943,0.014022,-0.023226,-0.038345,-0.011133,0.028393,0.035143,0.003732,-0.033370,-0.035575,-0.000180,0.034876,0.032913,NaN,-0.035594,-0.029653,0.013373,0.038329,0.025102,-0.014625,-0.036393,-0.019932,0.017034,0.036199,0.017760,-0.020544,-0.033045,-0.011954,0.021546,0.030854,0.008367,-0.021182,-0.024872,-0.004613,0.020886,0.019735,0.001706,-0.017180,-0.013584,0.000582,NaN,NaN,NaN,NaN,NaN
NaN,NaN,NaN,NaN,NaN,NaN,-0.019515,-0.002853,0.018528,0.022185,-0.002296,-0.026214,-0.020635,0.011668,0.031055,0.013993,-0.022426,-0.032394,-0.005732,0.030830,0.032922,-0.005761,-0.035096,-0.024228,0.017850,0.038345,0.015552,-0.026447,-0.035944,-0.001539,0.034870,0.030791,NaN,-0.036885,-0.021566,0.020931,0.038263,0.013218,-0.027748,-0.036782,-0.001045,0.034392,0.028739,-0.007315,-0.036020,-0.019092,0.019135,0.031843,0.010627,-0.021453,-0.025772,-0.001268,0.023505,0.019042,-0.007743,-0.021421,-0.011654,0.008920,0.015691,NaN,NaN,NaN,NaN,NaN
NaN,NaN,NaN,NaN,NaN,NaN,0.017515,-0.000944,-0.020835,-0.013131,0.016978,0.026988,-0.002965,-0.028922,-0.014156,0.022507,0.030841,-0.004719,-0.035121,-0.017271,0.026047,0.032545,-0.005957,-0.038545,-0.016371,0.029031,0.032952,-0.010910,-0.038342,-0.014090,0.031421,0.032056,NaN,-0.039123,-0.010962,0.032281,0.030358,-0.012984,-0.039793,-0.010168,0.032285,0.029842,-0.012851,-0.034365,-0.010067,0.029592,0.024998,-0.011350,-0.030915,-0.007162,0.024270,0.020611,-0.010209,-0.021578,-0.005625,0.018991,0.015209,-0.007069,-0.014789,NaN,NaN,NaN,NaN,NaN
NaN,NaN,NaN,NaN,NaN,NaN,0.010975,-0.018815,0.022528,-0.022781,0.018192,-0.006986,-0.004962,0.017523,-0.026902,0.032211,-0.030635,0.022470,-0.011369,-0.006519,0.021259,-0.032095,0.038100,-0.036041,0.025935,-0.015076,-0.004820,0.019884,-0.030816,0.039611,-0.036387,0.029406,NaN,-0.001604,0.018377,-0.031096,0.038658,-0.037315,0.029101,-0.014567,0.000560,0.016605,-0.029239,0.035343,-0.035154,0.027885,-0.014754,-0.000045,0.012538,-0.022411,0.027581,-0.027951,0.020520,-0.011331,-0.000774,0.010924,-0.015619,0.017500,-0.014836,NaN,NaN,NaN,NaN,NaN
NaN,NaN,NaN,NaN,NaN,NaN,0.018881,0.016946,0.013428,0.008528,0.001019,-0.009409,-0.015058,-0.023507,-0.028444,-0.032990,-0.031723,-0.026279,-0.021773,-0.012275,-0.001384,0.010967,0.020937,0.030852,0.036516,0.039347,0.037737,0.034105,0.023913,0.012947,0.001494,-0.011723,NaN,-0.029051,-0.037439,-0.039600,-0.037142,-0.032230,-0.024487,-0.010937,-0.003593,0.008419,0.019805,0.027217,0.032561,0.034504,0.032079,0.029671,0.020993,0.011156,0.003227,-0.006231,-0.012621,-0.016321,-0.019268,-0.021527,-0.018280,-0.016337,-0.011974,NaN,NaN,NaN,NaN,NaN
NaN,NaN,NaN,NaN,NaN,NaN,-0.002295,0.018191,0.020244,-0.000622,-0.023585,-0.022322,0.004691,0.027416,0.023449,-0.011752,-0.032995,-0.019594,0.014763,0.035170,0.016884,-0.022298,-0.035832,-0.011861,0.026770,0.036802,0.005077,-0.031440,-0.035077,0.000481,0.036421,0.033765,NaN,-0.037451,-0.025559,0.010192,0.038709,0.022919,-0.018743,-0.035999,-0.015014,0.021870,0.036250,0.015400,-0.024257,-0.032768,-0.007558,0.024922,0.028554,0.002180,-0.022593,-0.022301,0.000955,0.022416,0.017824,-0.004575,-0.018541,-0.011244,0.003856,NaN,NaN,NaN,NaN,NaN
NaN,NaN,NaN,NaN,NaN,NaN,0.017846,0.019068,0.020199,0.018761,0.013510,0.003989,-0.002777,-0.012613,-0.020858,-0.029030,-0.032752,-0.031428,-0.029913,-0.023437,-0.011789,-0.000671,0.011222,0.021747,0.031554,0.035557,0.039139,0.036184,0.028891,0.018258,0.007845,-0.006923,NaN,-0.030321,-0.036938,-0.038472,-0.036696,-0.031006,-0.021806,-0.012817,0.002089,0.011292,0.023512,0.029636,0.034274,0.034810,0.028342,0.024710,0.015666,0.003362,-0.004062,-0.012086,-0.019096,-0.020946,-0.022993,-0.020930,-0.015954,-0.012006,-0.004487,NaN,NaN,NaN,NaN,NaN
NaN,NaN,NaN,NaN,NaN,NaN,-0.011120,0.018709,-0.022345,0.024699,-0.023999,0.020734,-0.013248,0.002982,0.005200,-0.014498,0.024561,-0.030144,0.034156,-0.035344,0.030652,-0.020822,0.010422,0.001093,-0.014965,0.025646,-0.035222,0.039071,-0.039485,0.036141,-0.026553,0.015574,NaN,-0.008379,0.020877,-0.030069,0.035770,-0.041064,0.036213,-0.028799,0.019505,-0.008028,-0.004820,0.016249,-0.025138,0.030827,-0.033409,0.029979,-0.026384,0.019069,-0.008703,-0.003395,0.011345,-0.016092,0.018603,-0.020961,0.019214,-0.015480,0.010310,NaN,NaN,NaN,NaN,NaN
NaN,NaN,NaN,NaN,NaN,NaN,0.018120,0.006036,-0.020031,-0.018451,0.010506,0.026941,0.003726,-0.028265,-0.022782,0.015491,0.035174,0.006485,-0.030347,-0.024393,0.018832,0.037416,0.005195,-0.034668,-0.025651,0.020835,0.038161,0.001416,-0.035641,-0.024866,0.020107,0.037549,NaN,-0.036992,-0.021859,0.024151,0.035621,-0.002366,-0.037340,-0.020263,0.023615,0.034155,-0.003649,-0.033048,-0.018962,0.022003,0.029467,-0.003089,-0.030826,-0.013929,0.018132,0.025855,-0.003552,-0.023384,-0.012104,0.014244,0.017990,-0.001312,-0.015896,NaN,NaN,NaN,NaN,NaN
NaN,NaN,NaN,NaN,NaN,NaN,0.018626,0.017358,0.017667,0.011016,0.006605,-0.001722,-0.009666,-0.019693,-0.026442,-0.031687,-0.032996,-0.030376,-0.026057,-0.017190,-0.008095,0.000925,0.013993,0.022949,0.033439,0.037010,0.039793,0.036323,0.029462,0.018458,0.007814,-0.002622,NaN,-0.024746,-0.033520,-0.038199,-0.038382,-0.035763,-0.029125,-0.021069,-0.007952,0.001751,0.013697,0.021270,0.029488,0.032321,0.032233,0.029713,0.025184,0.017305,0.009752,0.000421,-0.008184,-0.012542,-0.019380,-0.019413,-0.019371,-0.017539,-0.014196,NaN,NaN,NaN,NaN,NaN
NaN,NaN,NaN,NaN,NaN,NaN,0.017520,-0.000991,-0.021003,-0.013888,0.014062,0.027376,-0.000335,-0.027276,-0.018050,0.019215,0.032186,0.001346,-0.032314,-0.024905,0.020701,0.034935,0.003347,-0.033813,-0.024998,0.020741,0.036703,0.002849,-0.035816,-0.025904,0.022121,0.038989,NaN,-0.034996,-0.023995,0.022203,0.037540,0.003602,-0.034541,-0.022948,0.019893,0.037316,0.001400,-0.033326,-0.023395,0.017404,0.032871,0.004018,-0.028409,-0.019494,0.012887,0.027148,0.003076,-0.021993,-0.016006,0.009609,0.019950,0.003827,-0.012845,NaN,NaN,NaN,NaN,NaN
NaN,NaN,NaN,NaN,NaN,NaN,-0.008805,0.020611,0.001498,-0.024012,0.011102,0.017233,-0.018530,-0.013518,0.031855,-0.011469,-0.020443,0.031182,0.005825,-0.034890,0.015534,0.024238,-0.033503,-0.010026,0.037275,-0.003708,-0.035601,0.026379,0.015333,-0.035655,0.017145,0.033995,NaN,-0.017531,0.035508,-0.009216,-0.026795,0.030664,0.017556,-0.030154,-0.004678,0.038347,-0.026504,-0.013903,0.031298,-0.013163,-0.034553,0.021860,0.015186,-0.028359,0.005286,0.022781,-0.012497,-0.014859,0.021598,-0.000639,-0.014344,0.014399,0.007111,NaN,NaN,NaN,NaN,NaN
NaN,NaN,NaN,NaN,NaN,NaN,-0.002419,0.018758,0.019401,-0.001597,-0.021964,-0.023069,0.005288,0.027460,0.021949,-0.010111,-0.032801,-0.020369,0.014556,0.035460,0.016701,-0.022699,-0.036937,-0.012115,0.028466,0.036928,0.004945,-0.030328,-0.033277,-0.001472,0.035988,0.031155,NaN,-0.035364,-0.028368,0.013318,0.036048,0.022374,-0.018963,-0.037612,-0.014775,0.021401,0.035607,0.012120,-0.024752,-0.033990,-0.007318,0.024666,0.028398,0.002057,-0.024063,-0.021729,0.002302,0.022067,0.017006,-0.005345,-0.018781,-0.012029,0.005084,NaN,NaN,NaN,NaN,NaN
NaN,NaN,NaN,NaN,NaN,NaN,0.018698,0.011274,-0.017193,-0.021434,0.004330,0.027011,0.010825,-0.022050,-0.026744,0.008582,0.032286,0.011815,-0.028574,-0.027072,0.011206,0.035631,0.007017,-0.032554,-0.028897,0.017498,0.036925,0.003062,-0.035191,-0.025274,0.018331,0.036767,NaN,-0.034882,-0.022063,0.025040,0.037562,-0.003074,-0.035459,-0.016908,0.025520,0.034045,-0.004458,-0.035704,-0.016873,0.023588,0.029284,-0.005937,-0.029402,-0.011182,0.021215,0.022375,-0.005471,-0.023725,-0.006511,0.017772,0.016080,-0.005520,-0.014702,NaN,NaN,NaN,NaN,NaN
NaN,NaN,NaN,NaN,NaN,NaN,0.004557,0.019979,0.014835,-0.006174,-0.023640,-0.017469,0.009527,0.027742,0.018007,-0.014205,-0.034507,-0.019345,0.016468,0.035963,0.014975,-0.022437,-0.036437,-0.010649,0.026956,0.036809,0.008674,-0.030598,-0.036001,-0.005382,0.033878,0.036145,NaN,-0.034108,-0.031193,0.001814,0.033481,0.031583,-0.007242,-0.036417,-0.029874,0.008315,0.034009,0.025706,-0.010853,-0.033419,-0.020947,0.013638,0.032591,0.015247,-0.014447,-0.025698,-0.013148,0.013389,0.021554,0.008518,-0.012924,-0.017497,-0.006968,NaN,NaN,NaN,NaN,NaN
NaN,NaN,NaN,NaN,NaN,NaN,-0.016938,-0.000923,0.020341,0.017946,-0.003983,-0.026257,-0.017082,0.014360,0.031682,0.012048,-0.023367,-0.032065,-0.004636,0.030976,0.030752,-0.006446,-0.035516,-0.021591,0.016761,0.038487,0.014220,-0.027738,-0.036448,-0.004415,0.033112,0.032531,NaN,-0.038499,-0.024844,0.017337,0.037764,0.017319,-0.026955,-0.038788,-0.005950,0.029331,0.030157,-0.001118,-0.030942,-0.025121,0.011904,0.031585,0.016317,-0.018003,-0.028134,-0.006535,0.019424,0.021502,-0.000569,-0.019532,-0.014778,0.004141,0.015688,NaN,NaN,NaN,NaN,NaN
NaN,NaN,NaN,NaN,NaN,NaN,0.003388,0.020130,-0.015118,-0.013744,0.024775,-0.003267,-0.025575,0.017819,0.016174,-0.032090,0.007054,0.030207,-0.025431,-0.013734,0.038427,-0.008240,-0.031349,0.028465,0.014786,-0.035983,0.005822,0.034047,-0.030389,-0.009119,0.039808,-0.013125,NaN,0.031069,0.010236,-0.039048,0.013985,0.029772,-0.029035,-0.012873,0.038309,-0.014663,-0.024134,0.031930,0.004539,-0.033410,0.014916,0.020993,-0.026639,-0.003652,0.027525,-0.012688,-0.017004,0.023049,0.001974,-0.021020,0.012985,0.008711,-0.015729,NaN,NaN,NaN,NaN,NaN
NaN,NaN,NaN,NaN,NaN,NaN,0.014363,-0.005270,-0.020361,-0.009348,0.019862,0.022708,-0.004570,-0.028370,-0.010592,0.023264,0.029144,-0.003819,-0.033786,-0.015489,0.025238,0.032409,-0.005126,-0.034648,-0.021818,0.025259,0.035700,-0.003579,-0.037414,-0.022310,0.023653,0.033215,NaN,-0.037750,-0.023009,0.023959,0.036618,0.001366,-0.035233,-0.025017,0.019647,0.035347,0.004225,-0.031707,-0.026537,0.014838,0.033090,0.006341,-0.027070,-0.021397,0.011158,0.027405,0.006552,-0.022716,-0.018227,0.006988,0.019677,0.005851,-0.012204,NaN,NaN,NaN,NaN,NaN
NaN,NaN,NaN,NaN,NaN,NaN,0.008097,-0.014590,-0.020294,0.003049,0.024196,0.017002,-0.018137,-0.026856,-0.001041,0.029082,0.024050,-0.012440,-0.034605,-0.008927,0.029837,0.027706,-0.010817,-0.036451,-0.014150,0.031419,0.031402,-0.006660,-0.037981,-0.019687,0.023817,0.036866,NaN,-0.035095,-0.022396,0.021488,0.035466,0.006114,-0.033771,-0.026903,0.015978,0.035371,0.011885,-0.025621,-0.030436,0.005263,0.032519,0.014226,-0.021355,-0.026170,0.000422,0.025333,0.015234,-0.012969,-0.022018,-0.002577,0.017333,0.012818,-0.004420,NaN,NaN,NaN,NaN,NaN
NaN,NaN,NaN,NaN,NaN,NaN,0.004218,-0.020689,0.012410,0.010317,-0.024146,0.013041,0.017564,-0.027693,0.003762,0.025618,-0.028662,0.003701,0.029759,-0.030100,-0.005787,0.031310,-0.026851,-0.013546,0.039663,-0.016396,-0.023096,0.037131,-0.007566,-0.025199,0.038386,-0.002807,NaN,0.032507,0.003746,-0.039756,0.027649,0.013239,-0.035531,0.015236,0.023683,-0.037440,0.010838,0.021124,-0.033256,0.007362,0.029134,-0.026531,0.000896,0.028691,-0.022832,-0.007425,0.023423,-0.012888,-0.012760,0.020901,-0.009125,-0.009545,0.016540,NaN,NaN,NaN,NaN,NaN
NaN,NaN,NaN,NaN,NaN,NaN,0.001835,0.003303,-0.009622,0.018402,-0.022130,0.026995,-0.026920,0.022558,-0.015347,0.008196,-0.000849,-0.014135,0.020869,-0.030829,0.035921,-0.033445,0.035727,-0.027116,0.018345,-0.005032,-0.009141,0.018644,-0.026201,0.034208,-0.037850,0.036611,NaN,0.024993,-0.015956,0.004987,0.006266,-0.023961,0.029890,-0.035724,0.036607,-0.034048,0.025259,-0.021329,0.008905,-0.000462,-0.014798,0.019609,-0.026960,0.028048,-0.028300,0.024506,-0.016974,0.007155,-0.001300,-0.004428,0.008623,-0.013316,0.014678,NaN,NaN,NaN,NaN,NaN
NaN,NaN,NaN,NaN,NaN,NaN,-0.019272,-0.002140,0.019319,0.020005,-0.003620,-0.026188,-0.018224,0.011890,0.031280,0.013037,-0.020626,-0.033413,-0.007098,0.028114,0.029984,-0.003557,-0.032704,-0.023816,0.013146,0.038541,0.016913,-0.024110,-0.040711,-0.009647,0.028991,0.032453,NaN,-0.035097,-0.028817,0.013416,0.037929,0.019033,-0.021072,-0.037355,-0.009861,0.026904,0.032982,0.000040,-0.030587,-0.026703,0.008629,0.030058,0.018282,-0.013616,-0.028741,-0.008551,0.015896,0.022957,0.003091,-0.016854,-0.017561,0.001902,0.014508,NaN,NaN,NaN,NaN,NaN
NaN,NaN,NaN,NaN,NaN,NaN,0.005961,-0.013108,0.020032,-0.023365,0.021947,-0.013553,0.003343,0.010065,-0.023171,0.030121,-0.030908,0.026800,-0.014449,-0.003448,0.015198,-0.030492,0.037431,-0.034448,0.025652,-0.015037,-0.004790,0.021477,-0.032413,0.039088,-0.034504,0.023990,NaN,-0.009990,0.023835,-0.034450,0.038623,-0.034294,0.021714,-0.003559,-0.010290,0.024823,-0.034476,0.035798,-0.030119,0.017897,-0.002010,-0.013567,0.024007,-0.029042,0.026747,-0.021335,0.009957,0.002091,-0.012598,0.018287,-0.018361,0.016003,-0.009416,NaN,NaN,NaN,NaN,NaN
NaN,NaN,NaN,NaN,NaN,NaN,0.010927,-0.018134,0.021743,-0.022393,0.017316,-0.006634,-0.007108,0.017352,-0.027697,0.033255,-0.030505,0.021143,-0.007266,-0.007471,0.023265,-0.032458,0.036545,-0.033002,0.021912,-0.007824,-0.010949,0.025621,-0.035512,0.039949,-0.034461,0.023284,NaN,-0.011650,0.027748,-0.037166,0.037204,-0.033355,0.022382,-0.006016,-0.012796,0.025170,-0.034417,0.034482,-0.030260,0.019223,-0.002101,-0.010680,0.022318,-0.029103,0.027321,-0.020134,0.011160,-0.000409,-0.009687,0.016378,-0.018821,0.016405,-0.011239,NaN,NaN,NaN,NaN,NaN
NaN,NaN,NaN,NaN,NaN,NaN,-0.009008,0.010190,0.021556,0.007992,-0.017449,-0.024096,-0.004195,0.024534,0.027157,0.000713,-0.029113,-0.028475,0.004927,0.033858,0.024995,-0.011489,-0.037269,-0.018298,0.020064,0.038861,0.012169,-0.025134,-0.038427,-0.007801,0.031219,0.033499,NaN,-0.036289,-0.029384,0.007182,0.036772,0.026691,-0.014244,-0.036938,-0.019763,0.019137,0.035167,0.013899,-0.021951,-0.032827,-0.006131,0.024137,0.028457,0.001983,-0.026681,-0.019682,0.002901,0.023271,0.014318,-0.006524,-0.018870,-0.011391,0.007160,NaN,NaN,NaN,NaN,NaN
NaN,NaN,NaN,NaN,NaN,NaN,0.005045,0.020236,0.015472,-0.009705,-0.027233,-0.015457,0.013588,0.030790,0.014011,-0.017270,-0.032883,-0.008910,0.023399,0.035775,0.006410,-0.028335,-0.034009,-0.002944,0.032920,0.033032,-0.001361,-0.035773,-0.030035,0.007176,0.037502,0.027656,NaN,-0.037552,-0.023922,0.019539,0.037852,0.021400,-0.022018,-0.038613,-0.013583,0.022308,0.035714,0.010323,-0.023883,-0.033221,-0.005014,0.024155,0.028028,0.000165,-0.023136,-0.023054,-0.001110,0.022353,0.017201,-0.003216,-0.017443,-0.013097,0.003183,NaN,NaN,NaN,NaN,NaN
NaN,NaN,NaN,NaN,NaN,NaN,0.017301,-0.020188,0.017971,-0.012610,0.003500,0.007621,-0.018570,0.027178,-0.030349,0.028956,-0.020700,0.007361,0.005493,-0.019092,0.030123,-0.038615,0.032628,-0.026731,0.014524,0.002382,-0.017851,0.031601,-0.038517,0.037972,-0.029961,0.016047,NaN,-0.017065,0.027663,-0.035130,0.038607,-0.033704,0.023074,-0.008374,-0.008085,0.023562,-0.032083,0.033287,-0.031078,0.022299,-0.008292,-0.006094,0.016101,-0.027657,0.028647,-0.025573,0.017848,-0.008085,-0.001815,0.010684,-0.017289,0.017352,-0.016236,NaN,NaN,NaN,NaN,NaN
NaN,NaN,NaN,NaN,NaN,NaN,0.016621,-0.001476,-0.021413,-0.013350,0.016162,0.025638,-0.003496,-0.027365,-0.016762,0.019476,0.032667,0.000117,-0.034367,-0.018948,0.024123,0.033659,-0.000297,-0.034890,-0.020658,0.023525,0.035376,-0.002324,-0.037000,-0.019288,0.024304,0.036547,NaN,-0.037449,-0.020721,0.024080,0.035755,-0.002889,-0.035850,-0.021623,0.023642,0.033525,-0.000033,-0.032903,-0.019411,0.021726,0.031805,-0.000045,-0.030166,-0.016169,0.016912,0.024097,0.001189,-0.023248,-0.013877,0.012038,0.019389,0.001852,-0.013886,NaN,NaN,NaN,NaN,NaN
NaN,NaN,NaN,NaN,NaN,NaN,-0.001232,0.018374,0.019451,-0.001048,-0.025163,-0.019811,0.007477,0.029939,0.020167,-0.012817,-0.031792,-0.018276,0.019364,0.035447,0.014558,-0.023152,-0.036448,-0.010451,0.029422,0.036742,0.002159,-0.033665,-0.033672,0.002718,0.036475,0.028670,NaN,-0.036118,-0.024302,0.015761,0.036333,0.021121,-0.019035,-0.037180,-0.013334,0.022921,0.036755,0.009345,-0.026704,-0.030614,-0.004044,0.025147,0.027245,-0.001639,-0.025057,-0.021723,0.004076,0.022645,0.017300,-0.007483,-0.019433,-0.011445,0.005954,NaN,NaN,NaN,NaN,NaN
NaN,NaN,NaN,NaN,NaN,NaN,-0.017392,-0.004507,0.016654,0.020419,-0.001496,-0.026362,-0.019650,0.008354,0.028733,0.017093,-0.017131,-0.032671,-0.009457,0.027428,0.032902,-0.000221,-0.033356,-0.027765,0.010046,0.039230,0.021484,-0.020651,-0.037380,-0.012491,0.029346,0.035314,NaN,-0.035045,-0.030611,0.008407,0.037026,0.020726,-0.019361,-0.036478,-0.014025,0.025934,0.033368,0.004560,-0.030893,-0.028443,0.005479,0.030703,0.022592,-0.012495,-0.029329,-0.010656,0.015177,0.024976,0.002779,-0.015675,-0.017167,0.001102,0.014339,NaN,NaN,NaN,NaN,NaN
NaN,NaN,NaN,NaN,NaN,NaN,0.000865,0.018743,0.016490,-0.005074,-0.025000,-0.019345,0.009919,0.029498,0.020049,-0.014351,-0.031594,-0.016692,0.018208,0.036318,0.013586,-0.022310,-0.032875,-0.009817,0.027501,0.037043,0.005614,-0.032679,-0.033655,0.000733,0.035251,0.032532,NaN,-0.034298,-0.028772,0.009743,0.037287,0.025755,-0.013598,-0.037804,-0.020816,0.016663,0.036166,0.016975,-0.018665,-0.033268,-0.012109,0.023252,0.031706,0.008603,-0.019995,-0.024760,-0.003982,0.017776,0.021934,0.000523,-0.015974,-0.014439,-0.000507,NaN,NaN,NaN,NaN,NaN
NaN,NaN,NaN,NaN,NaN,NaN,0.018934,-0.004455,-0.012219,-0.032643,-0.021681,0.008334,-0.015398,0.026931,-0.011961,0.017128,0.032979,0.032884,-0.019721,-0.006715,-0.002003,0.004726,-0.001548,-0.019557,0.007126,-0.041361,-0.020359,-0.016545,-0.017675,-0.023831,0.005248,-0.004051,NaN,0.015080,-0.037658,0.015063,0.000155,0.034283,-0.029131,0.024619,0.012516,-0.018592,0.032343,0.010449,0.055076,-0.029146,-0.002958,0.015841,-0.012750,0.030029,0.010381,0.040193,-0.019284,0.001503,-0.000073,0.022052,0.017266,0.015801,-0.013446,NaN,NaN,NaN,NaN,NaN
NaN,NaN,NaN,NaN,NaN,NaN,0.017058,-0.001786,-0.022365,-0.011947,0.016193,0.026704,-0.002969,-0.029238,-0.015465,0.021525,0.030036,-0.002326,-0.033603,-0.018145,0.023361,0.033741,-0.003375,-0.035900,-0.021704,0.027395,0.036009,-0.004178,-0.036701,-0.017656,0.027080,0.038155,NaN,-0.036385,-0.020593,0.027175,0.034841,-0.002493,-0.037202,-0.019505,0.026014,0.033325,-0.001452,-0.032910,-0.018109,0.021426,0.030943,-0.000235,-0.029669,-0.016712,0.017918,0.023818,0.000239,-0.022265,-0.012684,0.013315,0.017659,-0.000543,-0.015180,NaN,NaN,NaN,NaN,NaN
NaN,NaN,NaN,NaN,NaN,NaN,-0.007590,0.013815,0.021348,0.003942,-0.018513,-0.025574,-0.002362,0.024766,0.024750,-0.000186,-0.029110,-0.027529,0.004851,0.033272,0.025756,-0.012148,-0.037499,-0.019474,0.018661,0.038283,0.015504,-0.025330,-0.039176,-0.011671,0.026283,0.035944,NaN,-0.032373,-0.033029,0.001458,0.035550,0.031833,-0.007725,-0.035869,-0.025058,0.012186,0.035575,0.021970,-0.014403,-0.034868,-0.013532,0.018570,0.031261,0.008033,-0.020965,-0.025126,-0.005505,0.020297,0.018835,0.003352,-0.015843,-0.014219,0.000344,NaN,NaN,NaN,NaN,NaN
NaN,NaN,NaN,NaN,NaN,NaN,-0.010788,0.010113,0.020765,0.011232,-0.013675,-0.027867,-0.007575,0.020462,0.028897,0.004624,-0.026345,-0.029479,-0.002047,0.028993,0.028208,-0.006367,-0.037186,-0.024276,0.013968,0.037633,0.018439,-0.023101,-0.037082,-0.013897,0.026722,0.037421,NaN,-0.032946,-0.033019,0.002033,0.034104,0.031166,-0.010663,-0.036540,-0.024743,0.013206,0.035779,0.019666,-0.018468,-0.034505,-0.011842,0.021154,0.031206,0.003372,-0.023660,-0.021404,-0.002658,0.023422,0.017163,-0.003104,-0.017444,-0.013179,0.004699,NaN,NaN,NaN,NaN,NaN
NaN,NaN,NaN,NaN,NaN,NaN,-0.015177,-0.019127,-0.021675,-0.017782,-0.012087,0.001889,0.012533,0.023636,0.029441,0.030727,0.022870,0.008405,-0.006493,-0.022950,-0.032385,-0.036745,-0.032908,-0.021868,-0.003831,0.011308,0.029314,0.038330,0.036785,0.029851,0.014536,-0.002581,NaN,-0.031094,-0.040241,-0.033596,-0.027176,-0.009828,0.006310,0.024386,0.033079,0.035505,0.029898,0.019989,0.005244,-0.011678,-0.023333,-0.029420,-0.030216,-0.024028,-0.014583,-0.000314,0.009480,0.018958,0.022188,0.021769,0.014553,0.007340,-0.001967,NaN,NaN,NaN,NaN,NaN
NaN,NaN,NaN,NaN,NaN,NaN,-0.009539,-0.028274,0.003948,0.026033,0.026836,0.001579,-0.025974,-0.026088,0.033744,0.034773,0.014363,-0.005468,0.007663,0.039330,0.042673,-0.029751,-0.038629,-0.033892,-0.000220,0.041709,0.002066,-0.062357,-0.006280,0.014904,0.001663,-0.025084,NaN,0.008076,0.028368,0.019874,-0.006493,-0.022711,-0.017393,0.033019,0.030657,-0.022199,-0.027515,0.002861,0.030120,0.009007,-0.026553,-0.032609,-0.010782,0.036158,0.015673,-0.008404,-0.020949,-0.016823,0.030287,0.014159,-0.004733,-0.008452,0.003846,NaN,NaN,NaN,NaN,NaN
NaN,NaN,NaN,NaN,NaN,NaN,-0.012950,0.006539,0.021247,0.011933,-0.013582,-0.028864,-0.010245,0.021027,0.029601,0.006430,-0.027009,-0.029841,-0.000089,0.032314,0.028231,-0.009931,-0.034608,-0.022084,0.017051,0.038989,0.016709,-0.027361,-0.038391,-0.007468,0.027853,0.033868,NaN,-0.035083,-0.029911,0.008992,0.039022,0.024868,-0.016985,-0.037758,-0.016546,0.022739,0.036203,0.009721,-0.024616,-0.032881,-0.002668,0.028735,0.025006,-0.007190,-0.025519,-0.019368,0.008143,0.024311,0.012419,-0.009870,-0.018704,-0.006745,0.009847,NaN,NaN,NaN,NaN,NaN
NaN,NaN,NaN,NaN,NaN,NaN,-0.014850,0.003528,0.021564,0.017866,-0.008649,-0.026615,-0.013334,0.016402,0.028421,0.006812,-0.024448,-0.031158,-0.003432,0.030316,0.028124,-0.007850,-0.035137,-0.023605,0.015589,0.037950,0.014091,-0.024855,-0.037924,-0.008794,0.031770,0.034246,NaN,-0.035679,-0.027343,0.013257,0.037757,0.020446,-0.021561,-0.038171,-0.012347,0.026124,0.034471,0.006504,-0.029895,-0.027799,0.004423,0.030748,0.021674,-0.010113,-0.028197,-0.011642,0.015011,0.023947,0.006256,-0.014854,-0.017776,-0.002245,0.013189,NaN,NaN,NaN,NaN,NaN
NaN,NaN,NaN,NaN,NaN,NaN,-0.004673,0.016208,0.021605,0.002790,-0.021145,-0.024224,0.000952,0.025536,0.024192,-0.004288,-0.029300,-0.024939,0.009567,0.036484,0.021025,-0.016264,-0.036460,-0.017307,0.022624,0.038990,0.011100,-0.025721,-0.035567,-0.005514,0.032542,0.035729,NaN,-0.035383,-0.031087,0.005645,0.035973,0.025935,-0.012700,-0.037302,-0.021935,0.014102,0.036483,0.017488,-0.019402,-0.033697,-0.011139,0.023390,0.030371,0.006434,-0.020775,-0.023888,-0.002887,0.020965,0.018685,-0.001033,-0.016419,-0.013278,0.002818,NaN,NaN,NaN,NaN,NaN
NaN,NaN,NaN,NaN,NaN,NaN,-0.018690,-0.018462,-0.020565,-0.010181,0.000145,0.011202,0.023868,0.027965,0.027368,0.016734,0.002452,-0.016730,-0.031071,-0.033528,-0.028147,-0.030439,-0.011861,0.005475,0.021853,0.036506,0.037424,0.033455,0.018741,-0.002512,-0.019987,-0.032512,NaN,-0.029809,-0.031612,-0.010309,0.012123,0.023678,0.034614,0.037003,0.029817,0.016962,-0.005346,-0.019871,-0.030678,-0.031539,-0.024052,-0.022253,-0.005657,0.013950,0.022845,0.027221,0.026674,0.015881,0.007151,-0.007174,-0.016258,-0.018145,-0.015024,NaN,NaN,NaN,NaN,NaN
NaN,NaN,NaN,NaN,NaN,NaN,0.006094,-0.015331,-0.019316,0.003254,0.023178,0.013178,-0.019871,-0.027639,-0.001446,0.030887,0.022437,-0.015125,-0.033786,-0.006102,0.031584,0.026568,-0.012408,-0.036908,-0.012321,0.032600,0.032203,-0.008316,-0.037064,-0.018869,0.028039,0.034785,NaN,-0.036200,-0.021700,0.023381,0.037030,0.001306,-0.033077,-0.024229,0.018392,0.035928,0.008660,-0.027001,-0.028956,0.007999,0.032741,0.012915,-0.021453,-0.026488,0.003788,0.025636,0.013912,-0.014628,-0.021440,-0.001102,0.017750,0.013144,-0.005862,NaN,NaN,NaN,NaN,NaN
NaN,NaN,NaN,NaN,NaN,NaN,0.003257,0.018906,0.016381,-0.004333,-0.025047,-0.018837,0.008831,0.027281,0.018745,-0.015019,-0.035127,-0.017292,0.017855,0.034593,0.014499,-0.022206,-0.037152,-0.010653,0.028954,0.037782,0.006376,-0.030184,-0.032456,-0.001017,0.034459,0.034336,NaN,-0.035825,-0.029550,0.008139,0.037543,0.024287,-0.011705,-0.039315,-0.020647,0.017626,0.036152,0.017009,-0.020049,-0.034459,-0.010818,0.020317,0.031431,0.008052,-0.019029,-0.025186,-0.002317,0.018869,0.021946,0.001479,-0.016426,-0.015583,0.001714,NaN,NaN,NaN,NaN,NaN
NaN,NaN,NaN,NaN,NaN,NaN,0.011371,-0.021505,0.019917,-0.026295,0.016835,-0.008400,-0.003496,0.014951,-0.024414,0.030669,-0.031986,0.026609,-0.016647,0.003516,0.011136,-0.023915,0.036463,-0.034464,0.036831,-0.024549,0.010610,0.006398,-0.020050,0.031602,-0.038492,0.037578,NaN,0.015503,-0.001878,-0.012681,0.022142,-0.041446,0.037856,-0.033905,0.022297,-0.005614,-0.008227,0.018824,-0.030908,0.034749,-0.032463,0.021294,-0.011932,0.000872,0.013243,-0.022587,0.024748,-0.022944,0.016602,-0.008377,0.003218,0.007066,-0.010036,NaN,NaN,NaN,NaN,NaN
NaN,NaN,NaN,NaN,NaN,NaN,-0.014013,0.018630,-0.021630,0.021731,-0.021221,0.016563,-0.010124,-0.000445,0.010092,-0.019520,0.026785,-0.032081,0.034818,-0.033085,0.027213,-0.017507,0.004168,0.008642,-0.018978,0.027714,-0.036521,0.038318,-0.035997,0.031331,-0.021560,0.007587,NaN,-0.016706,0.027205,-0.035693,0.037502,-0.038527,0.033340,-0.025425,0.014217,-0.001402,-0.010086,0.020509,-0.029830,0.033214,-0.031992,0.029987,-0.020441,0.014936,-0.003903,-0.004301,0.014933,-0.018615,0.022122,-0.022813,0.018216,-0.014276,0.009427,NaN,NaN,NaN,NaN,NaN
NaN,NaN,NaN,NaN,NaN,NaN,-0.004705,0.011755,-0.017118,0.022799,-0.024183,0.027813,-0.023576,0.019396,-0.011526,0.002663,0.003017,-0.016525,0.024452,-0.030889,0.036227,-0.032247,0.036922,-0.026963,0.019494,-0.006363,-0.002953,0.015231,-0.023626,0.030352,-0.038915,0.039267,NaN,0.030322,-0.019497,0.016934,-0.004575,-0.013167,0.024633,-0.031170,0.034875,-0.035072,0.031959,-0.030837,0.021181,-0.013944,0.003247,0.007695,-0.014946,0.020209,-0.028524,0.025892,-0.024972,0.019179,-0.012432,0.007039,-0.003387,-0.004527,0.007390,NaN,NaN,NaN,NaN,NaN
NaN,NaN,NaN,NaN,NaN,NaN,-0.011868,0.007218,0.021861,0.011061,-0.013831,-0.026676,-0.009052,0.019713,0.028464,0.004449,-0.027879,-0.030245,-0.000432,0.031382,0.027303,-0.007490,-0.036061,-0.020522,0.015766,0.037139,0.017533,-0.021525,-0.037204,-0.012661,0.027064,0.039455,NaN,-0.034306,-0.031510,0.003708,0.035286,0.030186,-0.010415,-0.037767,-0.022574,0.017186,0.033260,0.017901,-0.019020,-0.032065,-0.011064,0.023030,0.031325,0.003129,-0.023305,-0.021564,-0.001523,0.022493,0.017308,-0.005050,-0.017330,-0.013550,0.004406,NaN,NaN,NaN,NaN,NaN
NaN,NaN,NaN,NaN,NaN,NaN,0.016520,-0.004199,-0.021545,-0.012176,0.017021,0.025230,-0.004892,-0.027977,-0.015006,0.022462,0.030632,-0.004063,-0.034205,-0.016810,0.026431,0.032677,-0.003869,-0.035895,-0.016384,0.027807,0.033838,-0.006222,-0.037088,-0.020038,0.026367,0.034822,NaN,-0.035984,-0.016618,0.027827,0.032517,-0.006177,-0.037754,-0.019232,0.026389,0.032131,-0.002843,-0.034581,-0.016058,0.023153,0.031391,-0.003778,-0.030211,-0.014000,0.018799,0.023217,-0.001123,-0.023601,-0.010946,0.013846,0.018970,0.000030,-0.014390,NaN,NaN,NaN,NaN,NaN
NaN,NaN,NaN,NaN,NaN,NaN,-0.008428,0.011000,0.021730,0.008470,-0.017262,-0.026216,-0.006093,0.023152,0.026383,0.001340,-0.026820,-0.031283,0.002029,0.030959,0.026202,-0.007691,-0.035694,-0.022308,0.017152,0.038125,0.020394,-0.021675,-0.039469,-0.016180,0.026042,0.038854,NaN,-0.030290,-0.033505,-0.002704,0.034010,0.033890,-0.006044,-0.034723,-0.027671,0.010549,0.033926,0.023283,-0.011850,-0.034157,-0.017349,0.017515,0.032281,0.010666,-0.016001,-0.025449,-0.008784,0.017073,0.021405,0.005676,-0.015555,-0.015909,0.000290,NaN,NaN,NaN,NaN,NaN
NaN,NaN,NaN,NaN,NaN,NaN,-0.003317,0.016647,0.020273,0.000363,-0.021704,-0.023525,0.001849,0.025805,0.022267,-0.006711,-0.031636,-0.021130,0.013657,0.036020,0.018348,-0.016989,-0.035510,-0.013820,0.024416,0.036025,0.009289,-0.027672,-0.037908,-0.002766,0.033363,0.031726,NaN,-0.036094,-0.030426,0.008724,0.035680,0.025132,-0.012551,-0.038941,-0.020316,0.017252,0.035874,0.015565,-0.022791,-0.033113,-0.010233,0.023332,0.028770,0.004591,-0.024805,-0.022927,-0.000346,0.022284,0.017702,-0.003264,-0.019804,-0.013701,0.003869,NaN,NaN,NaN,NaN,NaN
NaN,NaN,NaN,NaN,NaN,NaN,0.019656,0.013815,0.019412,0.011562,0.003734,-0.006189,-0.010080,-0.023037,-0.023739,-0.037486,-0.033198,-0.025892,-0.019243,-0.007829,0.001324,0.007141,0.014129,0.034442,0.033212,0.037469,0.035186,0.030602,0.023578,0.007802,-0.003537,-0.015764,NaN,-0.029175,-0.040362,-0.031663,-0.041898,-0.026537,-0.019006,-0.008260,0.006748,0.012273,0.032124,0.034407,0.034307,0.029050,0.020455,0.024292,0.011425,-0.001658,-0.007907,-0.014412,-0.021197,-0.022954,-0.021943,-0.020842,-0.013076,-0.005901,-0.000574,NaN,NaN,NaN,NaN,NaN
NaN,NaN,NaN,NaN,NaN,NaN,0.007537,-0.015315,0.021225,-0.024260,0.019528,-0.010753,-0.001014,0.013731,-0.025478,0.031719,-0.031298,0.026035,-0.013306,-0.001368,0.016819,-0.028694,0.037641,-0.035941,0.029571,-0.013988,-0.003211,0.020389,-0.030552,0.039116,-0.036173,0.027318,NaN,-0.001954,0.020340,-0.032404,0.038990,-0.035927,0.027928,-0.011412,-0.005444,0.021052,-0.031430,0.035124,-0.032022,0.022006,-0.008931,-0.005778,0.017448,-0.026190,0.030153,-0.023585,0.015352,-0.004044,-0.006093,0.014159,-0.017166,0.017198,-0.013614,NaN,NaN,NaN,NaN,NaN
NaN,NaN,NaN,NaN,NaN,NaN,-0.001759,0.007472,-0.015039,0.021663,-0.023215,0.027595,-0.024731,0.019184,-0.011163,0.001450,0.006986,-0.017267,0.024799,-0.033668,0.034817,-0.031315,0.032794,-0.021741,0.010658,0.001987,-0.012678,0.026109,-0.031245,0.038567,-0.039266,0.035456,NaN,0.018471,-0.007415,-0.001020,0.012196,-0.027339,0.034712,-0.038553,0.036531,-0.032448,0.021861,-0.015990,0.004038,0.006521,-0.019293,0.023426,-0.029475,0.028085,-0.029946,0.022470,-0.013376,0.005225,0.002963,-0.006525,0.012110,-0.014038,0.016954,NaN,NaN,NaN,NaN,NaN
NaN,NaN,NaN,NaN,NaN,NaN,-0.003530,0.010783,-0.013914,0.022805,-0.024956,0.028210,-0.023491,0.020837,-0.010701,0.002165,0.004527,-0.015247,0.023757,-0.031768,0.036994,-0.033089,0.038418,-0.027977,0.021226,-0.007509,-0.005231,0.015601,-0.023788,0.032515,-0.038173,0.038272,NaN,0.032393,-0.019545,0.017073,-0.005003,-0.012093,0.022739,-0.031898,0.036247,-0.035137,0.031951,-0.032459,0.023099,-0.014130,0.002160,0.006648,-0.014650,0.019936,-0.028136,0.026556,-0.024734,0.019077,-0.012764,0.007907,-0.003726,-0.004351,0.006871,NaN,NaN,NaN,NaN,NaN
NaN,NaN,NaN,NaN,NaN,NaN,-0.017523,-0.003373,0.018749,0.021276,-0.002241,-0.027129,-0.020067,0.009603,0.029856,0.017538,-0.016432,-0.033952,-0.011181,0.024492,0.035091,0.003432,-0.032404,-0.029913,0.006531,0.037239,0.024395,-0.017501,-0.036704,-0.017580,0.024312,0.036554,NaN,-0.031915,-0.032704,0.001974,0.035194,0.030218,-0.010804,-0.036693,-0.022311,0.017662,0.034778,0.014240,-0.023495,-0.030540,-0.004901,0.025669,0.028065,-0.002658,-0.027727,-0.017197,0.007312,0.023503,0.012475,-0.009736,-0.019835,-0.006814,0.011298,NaN,NaN,NaN,NaN,NaN
NaN,NaN,NaN,NaN,NaN,NaN,0.018057,0.000972,-0.020908,-0.013872,0.013004,0.026532,0.001524,-0.028660,-0.017601,0.019099,0.031531,0.000157,-0.034428,-0.020251,0.023225,0.034459,-0.001190,-0.035388,-0.020485,0.026039,0.035330,-0.004643,-0.038218,-0.017618,0.027752,0.033109,NaN,-0.038148,-0.017836,0.027820,0.032028,-0.008458,-0.037199,-0.015880,0.029405,0.031219,-0.008646,-0.035318,-0.013715,0.025221,0.026805,-0.007758,-0.029691,-0.010945,0.021710,0.021735,-0.007891,-0.024481,-0.006274,0.017343,0.016337,-0.005798,-0.016121,NaN,NaN,NaN,NaN,NaN
NaN,NaN,NaN,NaN,NaN,NaN,-0.006446,0.014079,0.020948,0.005418,-0.018333,-0.024059,-0.001659,0.026473,0.026701,-0.001345,-0.030165,-0.027492,0.006570,0.033142,0.023594,-0.012558,-0.037850,-0.018331,0.019945,0.037554,0.013274,-0.026774,-0.037880,-0.010357,0.029161,0.035454,NaN,-0.034370,-0.031572,0.003997,0.035186,0.029875,-0.008601,-0.036229,-0.025462,0.016122,0.034597,0.021971,-0.014567,-0.033457,-0.014958,0.017398,0.029957,0.007459,-0.021205,-0.024151,-0.004585,0.020232,0.021023,0.001280,-0.017163,-0.015368,0.000759,NaN,NaN,NaN,NaN,NaN
NaN,NaN,NaN,NaN,NaN,NaN,0.013499,-0.008355,-0.022017,-0.007300,0.021204,0.023325,-0.007593,-0.029386,-0.011031,0.026252,0.027595,-0.008735,-0.035265,-0.015416,0.028458,0.034558,-0.009026,-0.038844,-0.014577,0.028771,0.035596,-0.005782,-0.037022,-0.020787,0.028132,0.035014,NaN,-0.038557,-0.021447,0.026008,0.036852,-0.002506,-0.038582,-0.021369,0.024497,0.035113,0.000282,-0.035972,-0.022872,0.018045,0.033262,0.002296,-0.028670,-0.020965,0.013891,0.026890,0.004883,-0.020740,-0.016881,0.009125,0.019425,0.004303,-0.013987,NaN,NaN,NaN,NaN,NaN
NaN,NaN,NaN,NaN,NaN,NaN,0.006907,-0.023288,0.009211,0.016472,-0.024160,0.005872,0.023094,-0.022304,-0.003117,0.031343,-0.025914,-0.007263,0.033014,-0.022455,-0.015961,0.034096,-0.018609,-0.023505,0.039921,-0.006070,-0.030628,0.033020,0.000177,-0.030458,0.036492,0.008147,NaN,0.026086,0.014903,-0.041006,0.017196,0.023335,-0.034885,0.006145,0.032190,-0.034637,0.003260,0.030448,-0.029580,-0.002786,0.032240,-0.021794,-0.009695,0.027500,-0.017717,-0.012998,0.024928,-0.005676,-0.017814,0.020096,-0.004433,-0.013216,0.015111,NaN,NaN,NaN,NaN,NaN
NaN,NaN,NaN,NaN,NaN,NaN,0.014032,-0.001561,0.007400,0.001052,0.006145,-0.018783,0.028077,-0.012616,0.025614,0.053745,0.008386,-0.002328,-0.051362,0.015818,-0.040867,0.046795,-0.038782,-0.041991,-0.019875,0.020691,-0.020823,-0.032319,0.014514,-0.009977,0.029842,-0.021004,NaN,-0.011089,-0.033613,-0.015052,-0.022109,0.013805,-0.046020,0.042892,-0.019900,0.020822,0.005158,0.026434,0.029627,-0.031766,-0.025624,-0.013154,-0.018525,0.008539,0.018004,0.022463,0.005151,-0.009802,0.010372,0.028653,0.018524,0.018688,-0.010585,NaN,NaN,NaN,NaN,NaN
NaN,NaN,NaN,NaN,NaN,NaN,0.023606,-0.012126,-0.000056,-0.030327,-0.020402,0.000146,-0.008818,0.024442,-0.015784,-0.018241,0.021582,0.034444,0.036638,-0.021172,0.040302,-0.033583,0.041811,0.037015,0.010840,0.000555,0.008985,0.045663,-0.008783,0.014918,-0.020302,0.009249,NaN,-0.017822,0.041546,-0.011827,-0.010772,-0.029353,0.001830,-0.011637,-0.009039,0.021794,-0.007221,0.036465,-0.020074,-0.030884,-0.027610,-0.035725,-0.025595,0.004697,0.016216,0.024720,-0.004656,-0.001876,0.005333,0.011883,0.014026,0.021074,-0.006279,NaN,NaN,NaN,NaN,NaN
NaN,NaN,NaN,NaN,NaN,NaN,0.014400,-0.007598,-0.021803,-0.007877,0.019589,0.023414,-0.006632,-0.029959,-0.012558,0.023951,0.028492,-0.005086,-0.035774,-0.016897,0.026833,0.031357,-0.003089,-0.035734,-0.019467,0.028061,0.035773,-0.000606,-0.037057,-0.020650,0.023979,0.035032,NaN,-0.036191,-0.024331,0.022865,0.037290,0.001368,-0.037243,-0.022955,0.020919,0.035225,0.003544,-0.031808,-0.025464,0.015474,0.033817,0.004979,-0.028234,-0.021668,0.010594,0.026706,0.006039,-0.019553,-0.017877,0.006726,0.020376,0.006775,-0.012025,NaN,NaN,NaN,NaN,NaN
NaN,NaN,NaN,NaN,NaN,NaN,-0.017386,-0.021810,-0.022600,-0.013867,-0.005068,0.007930,0.019548,0.029592,0.032158,0.028859,0.018450,0.000864,-0.015223,-0.027827,-0.037432,-0.041050,-0.028640,-0.015968,0.001140,0.019114,0.034483,0.040536,0.040211,0.031104,0.015418,-0.003666,NaN,-0.035616,-0.042372,-0.036991,-0.029595,-0.012588,0.005926,0.024271,0.036665,0.038847,0.034013,0.023688,0.007630,-0.009119,-0.023483,-0.032456,-0.031478,-0.029274,-0.017401,-0.005167,0.007096,0.016080,0.021900,0.022498,0.018352,0.011150,0.002239,NaN,NaN,NaN,NaN,NaN
NaN,NaN,NaN,NaN,NaN,NaN,-0.023575,-0.020949,0.014563,0.016031,0.019134,-0.013983,-0.019852,0.001891,0.024121,0.032750,0.003342,-0.002277,0.024173,0.039663,0.019782,-0.035124,-0.011962,-0.022554,0.007862,0.015960,-0.004189,-0.052414,0.000231,0.012936,-0.007216,-0.026502,NaN,0.017789,0.035614,0.013139,-0.018836,-0.021474,-0.002845,0.031672,0.029915,-0.030718,-0.024983,0.009114,0.030751,0.007415,-0.025350,-0.035942,-0.010694,0.035664,0.015987,-0.010378,-0.019676,-0.016168,0.031431,0.013495,-0.002969,-0.008355,0.003128,NaN,NaN,NaN,NaN,NaN
NaN,NaN,NaN,NaN,NaN,NaN,0.020297,0.019662,0.019824,0.016495,0.009670,0.003356,-0.006741,-0.016490,-0.023441,-0.033117,-0.033377,-0.034518,-0.028650,-0.022664,-0.011212,0.000248,0.010885,0.023658,0.032476,0.038293,0.040296,0.037436,0.031902,0.020207,0.004629,-0.003969,NaN,-0.025725,-0.035108,-0.040583,-0.039914,-0.035708,-0.027609,-0.019784,-0.003773,0.005836,0.018604,0.027227,0.032355,0.034228,0.033610,0.028987,0.021083,0.012478,0.001558,-0.006463,-0.013910,-0.018141,-0.021923,-0.021384,-0.019762,-0.014991,-0.009754,NaN,NaN,NaN,NaN,NaN
NaN,NaN,NaN,NaN,NaN,NaN,0.005506,0.019421,0.013726,-0.007787,-0.023878,-0.017222,0.012300,0.028980,0.015619,-0.015282,-0.032375,-0.016154,0.019611,0.035090,0.011911,-0.023188,-0.035877,-0.008807,0.029675,0.036264,0.005830,-0.032752,-0.033693,-0.003958,0.033386,0.033871,NaN,-0.034801,-0.030608,0.005176,0.034292,0.028767,-0.010643,-0.036550,-0.027497,0.010939,0.035027,0.022743,-0.013584,-0.034324,-0.017437,0.014702,0.030682,0.015907,-0.014865,-0.026977,-0.011071,0.014936,0.021651,0.005923,-0.011625,-0.018270,-0.003799,NaN,NaN,NaN,NaN,NaN
NaN,NaN,NaN,NaN,NaN,NaN,0.005164,0.020170,0.015058,-0.007609,-0.024466,-0.015056,0.012557,0.029244,0.015595,-0.016643,-0.032829,-0.014866,0.020287,0.034986,0.012598,-0.023593,-0.036578,-0.007581,0.028681,0.036276,0.004689,-0.031376,-0.035082,-0.002426,0.034361,0.031784,NaN,-0.032257,-0.031164,0.006362,0.035460,0.028621,-0.011238,-0.036872,-0.024619,0.012367,0.035423,0.023947,-0.013257,-0.032473,-0.019589,0.015540,0.030755,0.013185,-0.015846,-0.026310,-0.012253,0.015211,0.021675,0.006469,-0.012273,-0.017813,-0.005073,NaN,NaN,NaN,NaN,NaN
NaN,NaN,NaN,NaN,NaN,NaN,-0.004713,0.015360,0.021159,0.002661,-0.020464,-0.023308,0.000199,0.026376,0.024212,-0.005572,-0.031965,-0.025323,0.011616,0.034353,0.021267,-0.016272,-0.038740,-0.016969,0.022106,0.038318,0.011836,-0.027707,-0.039283,-0.007106,0.030786,0.035584,NaN,-0.034558,-0.032174,0.006268,0.036700,0.027304,-0.012881,-0.037899,-0.021930,0.017304,0.036096,0.018410,-0.019711,-0.034320,-0.010619,0.021803,0.029702,0.005692,-0.021217,-0.024621,-0.001099,0.021345,0.020687,-0.001506,-0.017709,-0.014438,0.003870,NaN,NaN,NaN,NaN,NaN
NaN,NaN,NaN,NaN,NaN,NaN,0.016786,-0.002159,-0.020939,-0.012294,0.015763,0.024734,-0.003389,-0.027739,-0.014838,0.022435,0.028339,-0.002178,-0.033536,-0.020597,0.024054,0.033311,-0.002669,-0.035815,-0.016980,0.024393,0.035126,-0.003472,-0.036886,-0.020885,0.026779,0.035657,NaN,-0.038330,-0.019106,0.024697,0.035212,-0.000698,-0.038781,-0.020264,0.023806,0.031974,-0.001016,-0.034286,-0.019812,0.021648,0.031668,-0.000980,-0.029688,-0.016560,0.016279,0.024408,-0.000659,-0.025581,-0.013974,0.012133,0.018850,-0.000417,-0.014217,NaN,NaN,NaN,NaN,NaN
NaN,NaN,NaN,NaN,NaN,NaN,-0.010366,0.017541,-0.022276,0.022103,-0.024499,0.019584,-0.013853,0.005671,0.006125,-0.015908,0.025396,-0.032148,0.035590,-0.035350,0.029547,-0.022497,0.009346,0.001135,-0.012944,0.024069,-0.034344,0.037488,-0.039415,0.035555,-0.028203,0.014709,NaN,-0.008571,0.022251,-0.031974,0.036676,-0.039037,0.036283,-0.030006,0.019823,-0.009836,-0.004830,0.015178,-0.025330,0.031420,-0.032544,0.030983,-0.023667,0.017146,-0.008617,-0.001818,0.010384,-0.016328,0.019527,-0.020283,0.018911,-0.015075,0.009957,NaN,NaN,NaN,NaN,NaN
NaN,NaN,NaN,NaN,NaN,NaN,0.014014,0.012593,-0.008884,-0.026732,-0.004180,0.024704,0.020493,-0.009285,-0.029211,-0.013419,0.022033,0.035705,0.005724,-0.029339,-0.019077,0.017997,0.037611,0.001493,-0.039187,-0.023824,0.016866,0.038111,0.013684,-0.030338,-0.039257,-0.000208,NaN,0.012092,-0.020321,-0.036023,-0.001847,0.038616,0.021306,-0.023342,-0.033897,-0.002486,0.030405,0.034351,-0.003042,-0.028991,-0.009619,0.023024,0.026887,-0.007030,-0.031343,-0.009060,0.015847,0.021129,-0.004912,-0.019858,-0.013719,0.005652,0.015028,NaN,NaN,NaN,NaN,NaN
NaN,NaN,NaN,NaN,NaN,NaN,0.015808,-0.001959,-0.021226,-0.012351,0.015569,0.025743,-0.001250,-0.027895,-0.017715,0.021942,0.030658,-0.000893,-0.032128,-0.020207,0.022053,0.033633,-0.000546,-0.035879,-0.020969,0.023395,0.036770,-0.001515,-0.037437,-0.022086,0.025419,0.035056,NaN,-0.035872,-0.021113,0.026105,0.034766,-0.002243,-0.037018,-0.021272,0.022672,0.034302,0.000487,-0.033701,-0.022368,0.021404,0.032602,-0.000823,-0.028186,-0.018698,0.015495,0.025866,0.000214,-0.022336,-0.014679,0.011202,0.020316,0.002247,-0.014909,NaN,NaN,NaN,NaN,NaN
NaN,NaN,NaN,NaN,NaN,NaN,0.003436,0.019218,0.016839,-0.007992,-0.024660,-0.017088,0.010558,0.028399,0.017053,-0.015369,-0.032737,-0.016633,0.017812,0.036485,0.014127,-0.021961,-0.037567,-0.013687,0.027047,0.036149,0.006776,-0.031002,-0.037559,-0.003720,0.032642,0.033241,NaN,-0.035210,-0.030999,0.003089,0.034178,0.030068,-0.007223,-0.036694,-0.028017,0.008247,0.035686,0.024249,-0.013159,-0.034600,-0.020091,0.012884,0.029021,0.014651,-0.013587,-0.027640,-0.012984,0.014034,0.022075,0.009211,-0.012842,-0.017585,-0.005301,NaN,NaN,NaN,NaN,NaN
NaN,NaN,NaN,NaN,NaN,NaN,-0.000387,0.018183,0.019936,-0.003232,-0.023043,-0.020736,0.004800,0.027852,0.021777,-0.010197,-0.031452,-0.018745,0.013969,0.034591,0.016849,-0.020198,-0.037187,-0.012069,0.024048,0.037974,0.009428,-0.028021,-0.036038,-0.005375,0.035555,0.034737,NaN,-0.035205,-0.032519,0.004711,0.034976,0.029597,-0.009914,-0.037957,-0.025975,0.015239,0.035469,0.020128,-0.017864,-0.034444,-0.015871,0.017627,0.031694,0.010624,-0.018552,-0.027461,-0.008091,0.015914,0.020246,0.005271,-0.015452,-0.016247,0.000147,NaN,NaN,NaN,NaN,NaN
NaN,NaN,NaN,NaN,NaN,NaN,0.015140,-0.020479,0.022697,-0.018969,0.011523,-0.001435,-0.013249,0.022612,-0.031227,0.031787,-0.025309,0.016102,-0.000345,-0.013671,0.029110,-0.037290,0.035046,-0.031259,0.018037,-0.001731,-0.011754,0.027962,-0.037210,0.037524,-0.035482,0.020568,NaN,-0.012233,0.027848,-0.036105,0.038805,-0.032727,0.022916,-0.007187,-0.009911,0.022819,-0.035602,0.035426,-0.032321,0.020537,-0.007695,-0.010342,0.020073,-0.028278,0.027261,-0.025010,0.015713,-0.004825,-0.006157,0.013764,-0.017797,0.017996,-0.013241,NaN,NaN,NaN,NaN,NaN
NaN,NaN,NaN,NaN,NaN,NaN,0.010740,-0.011866,-0.021611,-0.001388,0.023270,0.018915,-0.011894,-0.031189,-0.006839,0.028506,0.026667,-0.011364,-0.036191,-0.011803,0.029447,0.031286,-0.010636,-0.038265,-0.016070,0.028004,0.035940,-0.006737,-0.038433,-0.020184,0.027365,0.035231,NaN,-0.036138,-0.023093,0.023605,0.037677,0.000396,-0.036985,-0.025420,0.019333,0.038997,0.006428,-0.030367,-0.026083,0.011911,0.034948,0.009720,-0.025256,-0.025247,0.005322,0.026673,0.012159,-0.017667,-0.022107,0.002086,0.020324,0.010440,-0.009587,NaN,NaN,NaN,NaN,NaN
NaN,NaN,NaN,NaN,NaN,NaN,-0.008420,0.015790,-0.018628,0.024264,-0.023239,0.025780,-0.019933,0.010576,-0.002383,-0.006332,0.012641,-0.022377,0.029779,-0.035261,0.037650,-0.031548,0.031775,-0.020996,0.009592,0.004510,-0.014597,0.023458,-0.030787,0.037505,-0.038945,0.037758,NaN,0.024648,-0.011994,0.004767,0.005196,-0.024948,0.030828,-0.037468,0.037345,-0.033269,0.028021,-0.026674,0.013908,-0.005546,-0.006840,0.015814,-0.022881,0.024422,-0.030831,0.027063,-0.022599,0.015961,-0.007235,0.001597,0.001913,-0.008995,0.010639,NaN,NaN,NaN,NaN,NaN
NaN,NaN,NaN,NaN,NaN,NaN,0.016349,-0.005708,-0.021377,-0.009780,0.019758,0.022932,-0.004562,-0.029141,-0.012294,0.024057,0.029705,-0.004089,-0.033920,-0.017498,0.024911,0.034510,-0.002614,-0.037286,-0.021327,0.025976,0.036385,-0.003372,-0.036935,-0.022220,0.022240,0.037577,NaN,-0.038387,-0.022057,0.020146,0.036361,0.004244,-0.035467,-0.024925,0.019014,0.037002,0.005144,-0.030908,-0.024332,0.014800,0.033945,0.006758,-0.026386,-0.021981,0.009331,0.026096,0.008259,-0.020617,-0.017580,0.005947,0.020545,0.007987,-0.013302,NaN,NaN,NaN,NaN,NaN
NaN,NaN,NaN,NaN,NaN,NaN,0.015779,0.021581,0.024283,0.022980,0.020797,0.012363,0.005579,-0.005845,-0.016806,-0.027801,-0.033976,-0.037469,-0.036857,-0.030436,-0.018985,-0.007003,0.006827,0.019264,0.030316,0.040305,0.041466,0.040076,0.034071,0.024554,0.007794,-0.003271,NaN,-0.028558,-0.039965,-0.041177,-0.041134,-0.034658,-0.024749,-0.013523,0.001111,0.011776,0.026431,0.032973,0.038997,0.036317,0.031598,0.025323,0.013216,0.002719,-0.006174,-0.016289,-0.022693,-0.024418,-0.025314,-0.022969,-0.015646,-0.009341,-0.003523,NaN,NaN,NaN,NaN,NaN
NaN,NaN,NaN,NaN,NaN,NaN,-0.014699,0.001733,0.019470,0.017899,-0.006190,-0.028277,-0.017147,0.014161,0.030764,0.012237,-0.022098,-0.033229,-0.008610,0.028457,0.030097,-0.000292,-0.035270,-0.028558,0.007687,0.037459,0.023110,-0.016386,-0.038905,-0.017363,0.026944,0.038799,NaN,-0.030922,-0.034603,0.000265,0.034084,0.032084,-0.007983,-0.037425,-0.027502,0.015925,0.035105,0.017971,-0.018772,-0.034908,-0.011588,0.023042,0.030310,0.002696,-0.024243,-0.022283,0.002277,0.023788,0.016162,-0.005368,-0.019505,-0.010299,0.006138,NaN,NaN,NaN,NaN,NaN
NaN,NaN,NaN,NaN,NaN,NaN,-0.018155,0.000160,0.020853,0.018250,-0.006057,-0.026870,-0.017614,0.012199,0.032501,0.012059,-0.020329,-0.032249,-0.007649,0.028061,0.031316,-0.002829,-0.034471,-0.026851,0.011637,0.037653,0.019414,-0.020234,-0.038477,-0.012170,0.028219,0.037237,NaN,-0.032841,-0.031855,0.006779,0.037016,0.025970,-0.017174,-0.037522,-0.018108,0.022311,0.035790,0.010343,-0.027127,-0.031394,-0.001291,0.028553,0.026056,-0.006277,-0.028672,-0.017358,0.009517,0.024453,0.010399,-0.012337,-0.019015,-0.004487,0.011388,NaN,NaN,NaN,NaN,NaN
NaN,NaN,NaN,NaN,NaN,NaN,-0.011814,0.007570,0.021663,0.011806,-0.013853,-0.027829,-0.009088,0.019463,0.029022,0.005294,-0.025451,-0.031339,-0.001358,0.031096,0.028974,-0.008431,-0.036886,-0.024495,0.016047,0.036998,0.020408,-0.021981,-0.038303,-0.013950,0.026189,0.035406,NaN,-0.030419,-0.033932,0.001163,0.036953,0.030620,-0.008535,-0.037103,-0.025137,0.014499,0.035137,0.019284,-0.018093,-0.034760,-0.012111,0.020730,0.030693,0.004882,-0.023216,-0.022413,-0.001691,0.021182,0.018631,-0.001268,-0.017714,-0.012073,0.003011,NaN,NaN,NaN,NaN,NaN
NaN,NaN,NaN,NaN,NaN,NaN,0.018011,0.021522,0.021198,0.017696,0.012178,0.003701,-0.003186,-0.014726,-0.021142,-0.030414,-0.034524,-0.032721,-0.028241,-0.022755,-0.012128,-0.003340,0.008338,0.022226,0.031641,0.037968,0.039650,0.037946,0.032367,0.024579,0.010758,-0.002817,NaN,-0.025642,-0.033177,-0.039190,-0.039799,-0.035349,-0.028920,-0.019348,-0.006795,0.002382,0.015445,0.022575,0.031585,0.034237,0.033241,0.030341,0.023197,0.012978,0.004806,-0.004139,-0.010652,-0.017223,-0.021160,-0.021472,-0.018438,-0.015493,-0.010753,NaN,NaN,NaN,NaN,NaN
NaN,NaN,NaN,NaN,NaN,NaN,0.018781,0.001521,-0.020523,-0.015757,0.014091,0.027061,0.000482,-0.028325,-0.018848,0.018484,0.033033,0.002115,-0.032547,-0.019648,0.020135,0.033736,-0.003092,-0.034522,-0.021668,0.025099,0.037006,-0.003415,-0.036776,-0.020846,0.026184,0.035097,NaN,-0.038426,-0.018022,0.030349,0.034036,-0.006435,-0.038777,-0.016345,0.026905,0.033473,-0.007168,-0.034845,-0.015187,0.026954,0.029549,-0.005892,-0.030758,-0.011820,0.021901,0.023155,-0.005813,-0.024594,-0.007774,0.016818,0.017051,-0.004076,-0.017700,NaN,NaN,NaN,NaN,NaN
NaN,NaN,NaN,NaN,NaN,NaN,-0.013031,0.008136,0.021090,0.014433,-0.012467,-0.028353,-0.009623,0.019596,0.028932,0.007645,-0.024449,-0.032913,-0.003676,0.032721,0.030696,-0.003834,-0.036893,-0.025291,0.012563,0.039745,0.020946,-0.019990,-0.037995,-0.015440,0.025077,0.038484,NaN,-0.030610,-0.036629,-0.000336,0.032317,0.032892,-0.006016,-0.035841,-0.026275,0.011978,0.034800,0.021176,-0.015664,-0.033187,-0.014625,0.020627,0.032447,0.005998,-0.021301,-0.023957,-0.001790,0.020064,0.019079,-0.000946,-0.018472,-0.014200,0.003889,NaN,NaN,NaN,NaN,NaN
NaN,NaN,NaN,NaN,NaN,NaN,0.011608,-0.008868,-0.020040,-0.003456,0.022009,0.019272,-0.012483,-0.030407,-0.010922,0.026932,0.028165,-0.006142,-0.036023,-0.014132,0.027912,0.030673,-0.006517,-0.037699,-0.019121,0.024403,0.035409,-0.003885,-0.037911,-0.021752,0.023971,0.039847,NaN,-0.036410,-0.025854,0.021943,0.037574,0.003282,-0.033249,-0.028182,0.016433,0.034657,0.009372,-0.029996,-0.029855,0.010012,0.034251,0.012183,-0.024144,-0.025190,0.005273,0.025301,0.011832,-0.015570,-0.019738,0.002216,0.018841,0.011103,-0.009116,NaN,NaN,NaN,NaN,NaN
NaN,NaN,NaN,NaN,NaN,NaN,0.019415,0.018472,0.015396,0.010569,0.002765,-0.005705,-0.014974,-0.021692,-0.028249,-0.034952,-0.034470,-0.029568,-0.024091,-0.015253,-0.004733,0.007199,0.017854,0.029584,0.037188,0.040734,0.039743,0.034931,0.027411,0.016398,0.002627,-0.006456,NaN,-0.028350,-0.037389,-0.039638,-0.040229,-0.034557,-0.028662,-0.018262,-0.005019,0.007340,0.018556,0.028983,0.033607,0.033162,0.033810,0.032531,0.023642,0.014629,0.005825,-0.003045,-0.009750,-0.017320,-0.021096,-0.024153,-0.020904,-0.015274,-0.011570,NaN,NaN,NaN,NaN,NaN
NaN,NaN,NaN,NaN,NaN,NaN,-0.015711,-0.020157,-0.023673,-0.018798,-0.010770,0.001579,0.013824,0.026108,0.031769,0.030669,0.023203,0.008603,-0.007866,-0.023604,-0.033698,-0.038930,-0.032858,-0.022909,-0.005353,0.012887,0.029059,0.039060,0.040331,0.030065,0.016696,-0.001142,NaN,-0.031910,-0.040485,-0.038728,-0.026411,-0.010518,0.005696,0.023327,0.035489,0.038326,0.033495,0.022564,0.004411,-0.012147,-0.024042,-0.031442,-0.032209,-0.026298,-0.014575,-0.003257,0.010273,0.020008,0.022766,0.022337,0.015311,0.006007,-0.001822,NaN,NaN,NaN,NaN,NaN
NaN,NaN,NaN,NaN,NaN,NaN,0.013347,0.023021,0.010424,0.007197,-0.006578,0.016660,0.025416,0.032204,0.022370,-0.024808,-0.019027,-0.006347,0.010445,0.035142,-0.026044,0.037059,0.042805,0.006421,-0.006901,-0.003966,0.021346,-0.045584,-0.027344,-0.039154,0.013919,-0.006344,NaN,-0.030681,-0.033211,0.041537,0.032474,-0.021031,0.013130,-0.016029,-0.014618,0.039151,0.026043,0.033549,0.033841,0.025078,0.014125,-0.000726,0.014046,-0.022139,-0.026422,0.024224,-0.017916,0.009547,0.001700,-0.011629,-0.017825,-0.018774,-0.016897,NaN,NaN,NaN,NaN,NaN
NaN,NaN,NaN,NaN,NaN,NaN,0.015062,-0.020631,0.021415,-0.016799,0.006359,0.003004,-0.013950,0.024604,-0.030611,0.032288,-0.023583,0.011852,0.000710,-0.018718,0.030564,-0.035508,0.033918,-0.029234,0.015286,0.000845,-0.017805,0.030956,-0.039247,0.039206,-0.031255,0.018133,NaN,-0.016506,0.027917,-0.039186,0.037850,-0.033486,0.020915,-0.002852,-0.013224,0.025660,-0.033949,0.034828,-0.028010,0.018566,-0.002094,-0.014212,0.023243,-0.028087,0.027808,-0.022563,0.014269,-0.002592,-0.008209,0.016144,-0.019721,0.017455,-0.013271,NaN,NaN,NaN,NaN,NaN
NaN,NaN,NaN,NaN,NaN,NaN,0.018168,0.016781,0.015279,0.009254,0.002671,-0.007719,-0.016579,-0.023286,-0.028712,-0.034225,-0.033117,-0.028625,-0.022144,-0.014417,-0.002538,0.007566,0.018721,0.029106,0.033778,0.039465,0.039729,0.033360,0.027484,0.014332,0.003025,-0.009674,NaN,-0.028586,-0.036745,-0.037353,-0.038822,-0.033498,-0.024702,-0.014420,-0.002186,0.007423,0.019359,0.024769,0.032205,0.033750,0.031264,0.029668,0.021131,0.012269,0.003810,-0.003815,-0.011930,-0.018153,-0.019562,-0.022902,-0.021258,-0.016468,-0.011371,NaN,NaN,NaN,NaN,NaN
NaN,NaN,NaN,NaN,NaN,NaN,-0.002780,0.010676,-0.013986,0.023104,-0.023749,0.029010,-0.024621,0.017257,-0.010379,0.001300,0.005261,-0.018936,0.025027,-0.034586,0.037008,-0.033076,0.035551,-0.024457,0.014895,-0.001340,-0.010434,0.020042,-0.028513,0.037000,-0.040248,0.037454,NaN,0.024183,-0.014278,0.007557,0.007212,-0.022477,0.029383,-0.036318,0.037403,-0.033257,0.028728,-0.024359,0.011766,-0.004205,-0.010140,0.017791,-0.022964,0.025078,-0.031616,0.025187,-0.019916,0.012877,-0.004520,-0.002663,0.004992,-0.010786,0.013871,NaN,NaN,NaN,NaN,NaN
NaN,NaN,NaN,NaN,NaN,NaN,-0.017458,0.000173,0.019795,0.018007,-0.007449,-0.026918,-0.014484,0.015463,0.030732,0.010953,-0.024097,-0.031770,-0.002406,0.031384,0.028386,-0.009412,-0.037080,-0.022785,0.017974,0.038886,0.014001,-0.028534,-0.036068,-0.003325,0.031841,0.031935,NaN,-0.036821,-0.023482,0.018976,0.036471,0.014735,-0.027065,-0.035434,-0.004681,0.030218,0.030376,-0.003454,-0.032155,-0.023213,0.012657,0.030845,0.015284,-0.019260,-0.028995,-0.006426,0.020217,0.021144,-0.001026,-0.019698,-0.014222,0.005956,0.015427,NaN,NaN,NaN,NaN,NaN
NaN,NaN,NaN,NaN,NaN,NaN,0.016454,0.014089,0.011374,0.004102,-0.002523,-0.011845,-0.019624,-0.025484,-0.029441,-0.033986,-0.031848,-0.026855,-0.021367,-0.010602,-0.000814,0.011050,0.020494,0.029746,0.036672,0.038035,0.039951,0.034901,0.027209,0.015608,0.004334,-0.007802,NaN,-0.030367,-0.037628,-0.040645,-0.037678,-0.037381,-0.031142,-0.019833,-0.008885,0.001512,0.014597,0.023809,0.030230,0.034045,0.033671,0.031000,0.027489,0.018874,0.010907,0.002341,-0.006382,-0.011505,-0.016326,-0.020583,-0.020634,-0.018299,-0.015127,NaN,NaN,NaN,NaN,NaN
NaN,NaN,NaN,NaN,NaN,NaN,0.018461,0.016528,0.014127,0.007893,0.001862,-0.006065,-0.015363,-0.021664,-0.027984,-0.031738,-0.031930,-0.028857,-0.023084,-0.015006,-0.004979,0.005947,0.014824,0.025787,0.029577,0.038248,0.036659,0.036209,0.029554,0.019463,0.009130,-0.002419,NaN,-0.024020,-0.034052,-0.036751,-0.037640,-0.036395,-0.031696,-0.023625,-0.011321,-0.001607,0.009737,0.017555,0.026004,0.030724,0.030067,0.031349,0.027564,0.022484,0.013316,0.006289,-0.001735,-0.008372,-0.014370,-0.017822,-0.019559,-0.016060,-0.014539,NaN,NaN,NaN,NaN,NaN
NaN,NaN,NaN,NaN,NaN,NaN,-0.013756,0.006760,0.021827,0.014592,-0.013858,-0.028834,-0.009654,0.020002,0.029849,0.006846,-0.026874,-0.031146,-0.002035,0.034434,0.030044,-0.008307,-0.039451,-0.023398,0.020240,0.038286,0.016496,-0.026574,-0.039438,-0.010439,0.030019,0.037515,NaN,-0.036986,-0.029811,0.010098,0.037551,0.025463,-0.019372,-0.038288,-0.016344,0.023242,0.037104,0.013238,-0.026291,-0.034108,-0.003614,0.028284,0.028166,-0.003600,-0.027997,-0.019311,0.007617,0.024282,0.013375,-0.009210,-0.019622,-0.008313,0.010114,NaN,NaN,NaN,NaN,NaN
NaN,NaN,NaN,NaN,NaN,NaN,0.017170,-0.002106,-0.022759,-0.011739,0.018900,0.025629,-0.003538,-0.027956,-0.015043,0.024888,0.031894,-0.004283,-0.035753,-0.015355,0.029487,0.033151,-0.008769,-0.038968,-0.014315,0.031349,0.032313,-0.010184,-0.040155,-0.013621,0.033830,0.031489,NaN,-0.039328,-0.010856,0.034870,0.031297,-0.013381,-0.039618,-0.008787,0.032687,0.027659,-0.016425,-0.036241,-0.009662,0.029057,0.024407,-0.012717,-0.031659,-0.005597,0.024968,0.019897,-0.010117,-0.023220,-0.004865,0.019001,0.014869,-0.007037,-0.016372,NaN,NaN,NaN,NaN,NaN
NaN,NaN,NaN,NaN,NaN,NaN,0.018057,0.019638,0.023779,0.021153,0.016762,0.010195,0.001795,-0.009811,-0.018919,-0.027593,-0.032855,-0.035426,-0.033757,-0.029803,-0.017549,-0.007469,0.006804,0.016752,0.028707,0.035893,0.040021,0.037721,0.034210,0.025187,0.010953,-0.000530,NaN,-0.023932,-0.035210,-0.036989,-0.040454,-0.033655,-0.028886,-0.017600,-0.004462,0.006358,0.019104,0.028041,0.034371,0.034522,0.031998,0.029785,0.019157,0.009283,0.000259,-0.009195,-0.016937,-0.020766,-0.023341,-0.021575,-0.019040,-0.013808,-0.008875,NaN,NaN,NaN,NaN,NaN
NaN,NaN,NaN,NaN,NaN,NaN,0.019800,0.018834,0.017819,0.011542,0.003573,-0.005065,-0.011684,-0.021612,-0.026977,-0.033544,-0.035720,-0.032109,-0.026139,-0.016511,-0.005522,0.004385,0.014873,0.027251,0.034445,0.041022,0.040326,0.037241,0.030505,0.019140,0.006556,-0.007132,NaN,-0.025782,-0.035602,-0.040659,-0.041420,-0.035464,-0.029355,-0.019347,-0.007644,0.004719,0.017490,0.024438,0.031903,0.034876,0.033253,0.031462,0.024434,0.018329,0.007576,-0.001787,-0.007958,-0.016047,-0.019394,-0.021784,-0.020490,-0.018283,-0.012994,NaN,NaN,NaN,NaN,NaN
NaN,NaN,NaN,NaN,NaN,NaN,-0.004177,0.016608,0.019879,0.001665,-0.021926,-0.022741,0.001855,0.029027,0.022526,-0.008173,-0.030959,-0.022540,0.013738,0.036336,0.017421,-0.018911,-0.037305,-0.013253,0.025344,0.037500,0.006580,-0.029858,-0.036151,-0.002120,0.032772,0.033299,NaN,-0.035403,-0.028506,0.009910,0.036348,0.023976,-0.014553,-0.039042,-0.019364,0.020154,0.036312,0.013801,-0.021990,-0.034951,-0.010654,0.023338,0.028798,0.003349,-0.023617,-0.022240,-0.001425,0.021712,0.017029,-0.003397,-0.018659,-0.012594,0.003867,NaN,NaN,NaN,NaN,NaN
NaN,NaN,NaN,NaN,NaN,NaN,0.000891,-0.009139,-0.018001,-0.022651,-0.025176,-0.021208,-0.008788,0.006522,0.020960,0.029984,0.032568,0.029628,0.017696,0.002061,-0.016842,-0.029714,-0.038357,-0.034579,-0.025502,-0.007967,0.012156,0.029170,0.036462,0.040243,0.033812,0.014757,NaN,-0.022263,-0.035826,-0.040985,-0.035929,-0.024871,-0.004241,0.015707,0.027482,0.037275,0.036273,0.026883,0.012886,-0.004979,-0.020200,-0.027477,-0.032230,-0.027374,-0.016134,-0.002870,0.009142,0.018367,0.023823,0.019298,0.014237,0.007560,-0.001773,NaN,NaN,NaN,NaN,NaN
NaN,NaN,NaN,NaN,NaN,NaN,0.016303,0.013486,0.012367,0.005827,-0.003060,-0.011021,-0.019378,-0.026674,-0.031248,-0.035620,-0.033922,-0.028291,-0.022179,-0.013006,0.000900,0.011007,0.022312,0.031847,0.037666,0.041295,0.042070,0.035922,0.027767,0.017575,0.003478,-0.008363,NaN,-0.029706,-0.037099,-0.041860,-0.040229,-0.037129,-0.031108,-0.020271,-0.010006,0.003059,0.014837,0.020447,0.033623,0.034231,0.035063,0.033164,0.027751,0.019685,0.010729,0.003935,-0.006199,-0.012495,-0.016542,-0.020164,-0.020518,-0.018531,-0.015274,NaN,NaN,NaN,NaN,NaN
NaN,NaN,NaN,NaN,NaN,NaN,0.019872,0.021048,0.020566,0.017943,0.010051,0.002467,-0.007186,-0.017558,-0.025843,-0.033587,-0.035906,-0.034128,-0.029111,-0.022039,-0.010373,0.000362,0.012996,0.025782,0.033901,0.039941,0.041912,0.038339,0.032393,0.019742,0.009123,-0.005649,NaN,-0.028399,-0.039838,-0.040981,-0.040596,-0.036968,-0.028163,-0.019275,-0.004317,0.005316,0.018811,0.028216,0.036044,0.037602,0.034235,0.030387,0.023092,0.012662,0.002922,-0.005404,-0.014456,-0.019163,-0.023665,-0.023380,-0.020604,-0.016262,-0.011649,NaN,NaN,NaN,NaN,NaN
NaN,NaN,NaN,NaN,NaN,NaN,0.019801,0.017230,0.016155,0.009580,0.001958,-0.007008,-0.015334,-0.022587,-0.028977,-0.037270,-0.032829,-0.031247,-0.023044,-0.014374,-0.002767,0.008784,0.020020,0.032546,0.037450,0.040971,0.040316,0.035554,0.028407,0.015734,0.005023,-0.010147,NaN,-0.030836,-0.040632,-0.041266,-0.041986,-0.035717,-0.027760,-0.015511,-0.004496,0.008150,0.017774,0.029300,0.034538,0.036894,0.035618,0.031497,0.024301,0.014723,0.005248,-0.003352,-0.012806,-0.017740,-0.020937,-0.023188,-0.023220,-0.016395,-0.011739,NaN,NaN,NaN,NaN,NaN
NaN,NaN,NaN,NaN,NaN,NaN,0.013048,0.009016,0.002817,-0.003635,-0.011091,-0.018565,-0.026425,-0.030568,-0.031604,-0.034296,-0.029770,-0.023416,-0.011610,-0.000152,0.010262,0.019466,0.027304,0.036195,0.040136,0.041798,0.037961,0.030979,0.021333,0.012276,-0.001837,-0.014368,NaN,-0.033206,-0.042622,-0.040595,-0.041227,-0.036519,-0.028721,-0.016463,-0.005229,0.004252,0.015932,0.022387,0.031700,0.034413,0.034482,0.035354,0.028658,0.021897,0.012566,0.003597,-0.005218,-0.011931,-0.017320,-0.019903,-0.020094,-0.017780,-0.014890,NaN,NaN,NaN,NaN,NaN
NaN,NaN,NaN,NaN,NaN,NaN,-0.014347,0.004263,0.021404,0.017285,-0.011218,-0.028554,-0.011927,0.018428,0.030385,0.006230,-0.027569,-0.031971,-0.000784,0.032214,0.028507,-0.009089,-0.035752,-0.021854,0.019245,0.038071,0.013875,-0.029354,-0.036259,-0.005187,0.034032,0.034856,NaN,-0.036475,-0.026178,0.013038,0.039487,0.020679,-0.022525,-0.040181,-0.010113,0.027590,0.032829,0.002374,-0.031269,-0.027955,0.006070,0.031235,0.021254,-0.012117,-0.029654,-0.010890,0.015399,0.024292,0.006112,-0.015748,-0.018459,-0.001618,0.013757,NaN,NaN,NaN,NaN,NaN
NaN,NaN,NaN,NaN,NaN,NaN,-0.015150,0.007337,0.002785,-0.013126,0.019977,-0.027126,0.024575,-0.016455,0.000862,0.012859,-0.025634,0.033183,-0.032361,0.025983,-0.010882,-0.007173,0.023729,-0.032968,0.041521,-0.031481,0.019940,0.001301,-0.016472,0.031912,-0.040407,0.034611,NaN,0.006622,0.011668,-0.027613,0.036092,-0.040298,0.027844,-0.013830,-0.006090,0.022008,-0.031077,0.034973,-0.033000,0.018941,-0.002928,-0.011794,0.025005,-0.028147,0.026887,-0.016341,0.003442,0.007882,-0.016025,0.019222,-0.019980,0.014179,-0.004768,NaN,NaN,NaN,NaN,NaN
NaN,NaN,NaN,NaN,NaN,NaN,-0.018376,-0.019698,-0.020926,-0.012839,-0.002106,0.009289,0.021429,0.029386,0.031515,0.027417,0.016819,0.001827,-0.015899,-0.030624,-0.035436,-0.038310,-0.028118,-0.017020,0.002822,0.019193,0.033425,0.040769,0.040483,0.028668,0.013353,-0.004850,NaN,-0.036270,-0.043134,-0.035657,-0.024972,-0.010591,0.009499,0.025357,0.037916,0.039476,0.034874,0.022139,0.006094,-0.010277,-0.024576,-0.029870,-0.030853,-0.029323,-0.017090,-0.004441,0.008275,0.017632,0.021316,0.022989,0.017397,0.009139,0.001765,NaN,NaN,NaN,NaN,NaN
NaN,NaN,NaN,NaN,NaN,NaN,-0.005317,0.013299,-0.015873,0.024104,-0.023998,0.025867,-0.023536,0.015361,-0.007482,-0.000087,0.006566,-0.018848,0.026760,-0.034387,0.037377,-0.030647,0.033688,-0.024444,0.012945,-0.000317,-0.014239,0.023287,-0.028716,0.036838,-0.039071,0.036718,NaN,0.022186,-0.011310,0.005839,0.007451,-0.026621,0.033322,-0.037296,0.037257,-0.033465,0.026045,-0.022172,0.010464,-0.001050,-0.011127,0.018016,-0.026677,0.026541,-0.031708,0.024248,-0.018407,0.011544,-0.004270,-0.002502,0.007399,-0.010767,0.012728,NaN,NaN,NaN,NaN,NaN
NaN,NaN,NaN,NaN,NaN,NaN,0.014646,-0.009007,-0.023192,-0.005012,0.021722,0.021129,-0.010752,-0.029227,-0.008779,0.028071,0.028962,-0.009776,-0.035426,-0.012650,0.030253,0.032263,-0.008474,-0.036723,-0.013627,0.028646,0.034452,-0.008142,-0.038800,-0.016905,0.029796,0.036477,NaN,-0.039950,-0.019639,0.027885,0.035267,-0.004173,-0.040028,-0.020896,0.026466,0.035108,-0.000421,-0.033054,-0.019952,0.019288,0.032607,0.001894,-0.030190,-0.019645,0.015037,0.025798,0.004420,-0.022716,-0.016634,0.008582,0.019926,0.004124,-0.013275,NaN,NaN,NaN,NaN,NaN
NaN,NaN,NaN,NaN,NaN,NaN,0.018688,-0.008349,-0.017608,0.019893,0.004317,-0.026996,0.018758,0.015233,-0.027110,0.000126,0.034011,-0.017875,-0.021567,0.034163,-0.002568,-0.035746,0.023394,0.019366,-0.036819,0.010257,0.031611,-0.031995,-0.012192,0.041373,-0.006288,-0.029563,NaN,0.010119,-0.040080,0.014018,0.032011,-0.030540,-0.005695,0.039497,-0.022135,-0.019749,0.033846,0.003849,-0.036503,0.014777,0.017038,-0.029140,0.001282,0.027859,-0.018444,-0.010616,0.025702,-0.007752,-0.017667,0.016797,0.009140,-0.015808,0.004662,NaN,NaN,NaN,NaN,NaN
NaN,NaN,NaN,NaN,NaN,NaN,0.019730,0.026876,-0.020149,-0.029847,-0.011900,0.017963,0.015775,0.006024,-0.038539,-0.023571,-0.001017,0.011168,-0.006946,-0.033487,-0.027779,0.038959,0.037108,0.020852,-0.008698,-0.030949,0.012216,0.057432,-0.004225,-0.017173,-0.008624,0.020647,NaN,-0.014775,-0.021558,-0.023814,0.007339,0.028580,0.017028,-0.040011,-0.027022,0.019080,0.028920,0.011907,-0.023277,-0.020872,0.021505,0.023433,0.017336,-0.027168,-0.031006,0.004724,0.023522,0.021850,-0.030043,-0.007703,-0.000773,0.010376,0.005237,NaN,NaN,NaN,NaN,NaN
NaN,NaN,NaN,NaN,NaN,NaN,-0.010237,0.017067,-0.021850,0.022472,-0.022532,0.020037,-0.013507,0.004795,0.004801,-0.015741,0.024975,-0.030421,0.035086,-0.034604,0.029817,-0.020869,0.009954,0.002358,-0.012494,0.025792,-0.032967,0.037924,-0.039092,0.033496,-0.028820,0.013853,NaN,-0.009477,0.021043,-0.030697,0.037741,-0.037796,0.034708,-0.029182,0.020152,-0.007204,-0.002789,0.016303,-0.026020,0.030292,-0.034342,0.030891,-0.025177,0.019710,-0.008929,-0.000510,0.009314,-0.015334,0.020761,-0.021481,0.019849,-0.015052,0.009516,NaN,NaN,NaN,NaN,NaN
NaN,NaN,NaN,NaN,NaN,NaN,0.014639,-0.008014,-0.022083,-0.006068,0.020954,0.021226,-0.009174,-0.029579,-0.008655,0.026138,0.028064,-0.008910,-0.034932,-0.013117,0.029209,0.031604,-0.008506,-0.036517,-0.013496,0.025823,0.033079,-0.005046,-0.037862,-0.020251,0.027460,0.035425,NaN,-0.038358,-0.019470,0.024563,0.035303,-0.003143,-0.037615,-0.021177,0.022047,0.035959,0.000015,-0.034611,-0.021544,0.019565,0.032732,0.003401,-0.027634,-0.019601,0.014487,0.026833,0.003607,-0.021426,-0.014529,0.009772,0.018917,0.004786,-0.012560,NaN,NaN,NaN,NaN,NaN
NaN,NaN,NaN,NaN,NaN,NaN,0.005439,0.019607,0.013063,-0.008881,-0.024858,-0.014157,0.013248,0.028448,0.014444,-0.017777,-0.033318,-0.013559,0.021480,0.034821,0.010928,-0.025127,-0.035088,-0.006341,0.028330,0.036522,0.003875,-0.032260,-0.036269,-0.000598,0.033831,0.033887,NaN,-0.034821,-0.029834,0.006622,0.035975,0.025895,-0.013056,-0.036983,-0.024351,0.014108,0.036329,0.021225,-0.015618,-0.034579,-0.016952,0.016994,0.029658,0.012822,-0.016660,-0.025996,-0.008843,0.017181,0.020622,0.007184,-0.014317,-0.018182,-0.003216,NaN,NaN,NaN,NaN,NaN
NaN,NaN,NaN,NaN,NaN,NaN,-0.007691,0.013923,-0.017502,0.025407,-0.024358,0.026880,-0.023036,0.015689,-0.006316,-0.002890,0.010443,-0.020262,0.026962,-0.035685,0.036098,-0.030558,0.034834,-0.023510,0.014784,0.000614,-0.011553,0.022348,-0.026312,0.033730,-0.039440,0.037874,NaN,0.026916,-0.016202,0.010072,0.001105,-0.022696,0.029632,-0.034351,0.037470,-0.034818,0.029476,-0.029239,0.017813,-0.008869,-0.003158,0.014339,-0.019839,0.020345,-0.030368,0.026986,-0.022268,0.017037,-0.011402,0.003595,-0.001947,-0.008847,0.009514,NaN,NaN,NaN,NaN,NaN
NaN,NaN,NaN,NaN,NaN,NaN,0.008462,-0.016557,0.021562,-0.023260,0.019074,-0.010919,-0.002829,0.015445,-0.026180,0.032133,-0.030496,0.025538,-0.012041,-0.004255,0.017868,-0.030002,0.035731,-0.035903,0.029027,-0.013171,-0.004236,0.020914,-0.032854,0.037284,-0.037242,0.026339,NaN,-0.001923,0.021667,-0.033537,0.038123,-0.035731,0.025920,-0.010559,-0.005657,0.020212,-0.032752,0.035614,-0.032168,0.024440,-0.009342,-0.007119,0.020311,-0.027779,0.028006,-0.021636,0.015127,-0.004380,-0.005153,0.015177,-0.017735,0.017821,-0.012916,NaN,NaN,NaN,NaN,NaN
NaN,NaN,NaN,NaN,NaN,NaN,-0.011578,0.010279,0.023393,0.009168,-0.014982,-0.026594,-0.008311,0.020813,0.028301,0.004563,-0.028333,-0.030456,0.002515,0.032126,0.025335,-0.010260,-0.037638,-0.023188,0.016091,0.038557,0.016820,-0.024115,-0.038368,-0.009699,0.028323,0.036949,NaN,-0.034535,-0.032774,0.004583,0.036498,0.030504,-0.011383,-0.035199,-0.022098,0.018065,0.035310,0.018959,-0.019755,-0.034174,-0.010713,0.022186,0.029312,0.002716,-0.023012,-0.021818,0.000573,0.023363,0.017652,-0.005038,-0.017213,-0.013266,0.003805,NaN,NaN,NaN,NaN,NaN
NaN,NaN,NaN,NaN,NaN,NaN,-0.007448,0.022740,-0.005066,-0.024050,0.016951,0.011165,-0.025226,-0.001171,0.027828,-0.022170,-0.010999,0.033898,-0.008693,-0.029364,0.029867,0.014116,-0.039506,0.006346,0.031556,-0.020957,-0.024337,0.039832,-0.004606,-0.033343,0.031757,0.015423,NaN,0.004639,0.032782,-0.030086,-0.015487,0.039081,-0.004813,-0.034594,0.019769,0.022342,-0.037049,0.009089,0.027055,-0.030703,-0.016733,0.031375,-0.007297,-0.025137,0.022114,0.012691,-0.023692,0.002595,0.022440,-0.014958,-0.004114,0.017345,-0.004246,NaN,NaN,NaN,NaN,NaN
NaN,NaN,NaN,NaN,NaN,NaN,-0.009837,0.017260,-0.022341,0.024417,-0.024701,0.019996,-0.015802,0.007074,0.003949,-0.014324,0.022538,-0.031673,0.036094,-0.033508,0.032738,-0.024204,0.013285,-0.000173,-0.010625,0.024352,-0.032082,0.037442,-0.039882,0.036189,-0.028481,0.017378,NaN,-0.007538,0.019429,-0.028837,0.036506,-0.036722,0.036393,-0.031621,0.023042,-0.010958,-0.002192,0.014509,-0.021966,0.029745,-0.031919,0.031762,-0.027316,0.020852,-0.008736,-0.000532,0.008209,-0.014573,0.020221,-0.021869,0.019947,-0.014383,0.011112,NaN,NaN,NaN,NaN,NaN
