NaN,NaN,NaN,NaN,NaN,NaN,-0.000477,-0.000364,-0.000020,0.000518,0.000217,-0.000605,-0.000413,0.000048,-0.000472,-0.000244,-0.000854,-0.000545,0.000107,0.000132,-0.000745,0.000289,0.000235,-0.000330,0.000262,0.000149,0.000654,0.000459,-0.001279,-0.000802,-0.001777,-0.000504,NaN,0.000243,0.000507,0.000032,0.000746,-0.001043,0.001037,0.000058,0.000385,-0.000557,0.000099,0.001316,-0.000162,0.000564,0.001224,-0.001404,-0.001385,0.000579,0.000712,0.000392,-0.000534,-0.001277,0.001144,0.000266,0.000361,0.000761,-0.000027,NaN,NaN,NaN,NaN,NaN
NaN,NaN,NaN,NaN,NaN,NaN,0.005373,0.011325,0.016885,0.022154,0.025318,0.025695,0.024607,0.019804,0.012618,0.005379,-0.005616,-0.015954,-0.023605,-0.031631,-0.033547,-0.037716,-0.033815,-0.028898,-0.017691,-0.009999,0.002720,0.012438,0.024318,0.030918,0.037105,0.038650,NaN,0.032056,0.023266,0.012014,0.000452,-0.009337,-0.020869,-0.029235,-0.035224,-0.035462,-0.037003,-0.030351,-0.022192,-0.015364,-0.004124,0.003488,0.011135,0.018690,0.021934,0.025102,0.026443,0.022493,0.018463,0.012287,0.005824,0.000306,-0.002577,NaN,NaN,NaN,NaN,NaN
NaN,NaN,NaN,NaN,NaN,NaN,0.014091,-0.020318,0.020501,-0.018619,0.008421,0.003500,-0.017232,0.027550,-0.030323,0.025578,-0.020862,0.003234,0.010895,-0.027535,0.036890,-0.035072,0.030939,-0.015120,-0.004129,0.021486,-0.035384,0.038168,-0.031769,0.024216,-0.007704,-0.012792,NaN,-0.035705,0.034591,-0.034907,0.015630,0.005000,-0.023305,0.037292,-0.038685,0.030597,-0.017062,0.007486,0.012978,-0.022940,0.033898,-0.029141,0.024783,-0.012567,-0.003600,0.015993,-0.023797,0.023189,-0.018751,0.010050,-0.003190,-0.006153,0.011293,NaN,NaN,NaN,NaN,NaN
NaN,NaN,NaN,NaN,NaN,NaN,-0.018533,-0.013935,0.007173,0.024778,0.013951,-0.014320,-0.029526,-0.013753,0.018376,0.032486,0.010035,-0.024938,-0.034303,-0.004932,0.031501,0.033313,0.001305,-0.035468,-0.030700,0.006923,0.037459,0.028353,-0.012057,-0.040641,-0.022917,0.017378,NaN,0.018161,-0.023128,-0.039231,-0.011857,0.025414,0.036860,0.005947,-0.031231,-0.034440,-0.000516,0.032077,0.027867,-0.006251,-0.031378,-0.022730,0.008799,0.030025,0.018368,-0.010811,-0.025165,-0.012426,0.011583,0.020584,0.007880,-0.011888,-0.015623,NaN,NaN,NaN,NaN,NaN
NaN,NaN,NaN,NaN,NaN,NaN,-0.015755,0.012313,-0.006712,-0.002374,0.010854,-0.016561,0.024954,-0.029025,0.029872,-0.028072,0.018689,-0.011320,-0.002689,0.013782,-0.023860,0.033042,-0.034678,0.036245,-0.032584,0.025280,-0.015893,0.001615,0.010398,-0.024655,0.032714,-0.036785,NaN,-0.036700,0.027444,-0.015078,0.001029,0.008087,-0.020190,0.027687,-0.035962,0.036420,-0.033615,0.023546,-0.014874,0.002870,0.007806,-0.019061,0.023677,-0.030656,0.026971,-0.023249,0.017703,-0.009557,0.002937,0.004353,-0.011228,0.012889,-0.014456,NaN,NaN,NaN,NaN,NaN
NaN,NaN,NaN,NaN,NaN,NaN,0.008916,-0.020432,0.004190,0.020266,-0.019027,-0.011786,0.028544,-0.006028,-0.026900,0.022978,0.011767,-0.033690,0.008483,0.029901,-0.029674,-0.012443,0.035408,-0.012081,-0.028884,0.030353,0.009928,-0.038108,0.013055,0.031618,-0.034762,-0.009045,NaN,-0.016337,-0.029423,0.032297,0.006258,-0.037955,0.015265,0.026886,-0.032608,-0.006777,0.034260,-0.016835,-0.024182,0.029354,0.004376,-0.031575,0.014686,0.019397,-0.025943,-0.003007,0.023436,-0.011976,-0.014562,0.019787,0.002665,-0.016810,0.006538,NaN,NaN,NaN,NaN,NaN
NaN,NaN,NaN,NaN,NaN,NaN,-0.009599,-0.020786,-0.006483,0.016737,0.024786,0.002595,-0.023437,-0.024551,0.001417,0.030963,0.025617,-0.007748,-0.034270,-0.022075,0.017044,0.035254,0.015678,-0.024446,-0.036622,-0.007111,0.031009,0.033684,-0.003070,-0.034343,-0.030478,0.009410,NaN,0.020558,-0.018800,-0.039957,-0.015135,0.024642,0.036682,0.008145,-0.030691,-0.031763,-0.001341,0.032441,0.028503,-0.005366,-0.031451,-0.020471,0.010855,0.029205,0.015304,-0.014779,-0.026120,-0.008180,0.014755,0.021337,0.002804,-0.013815,-0.014343,NaN,NaN,NaN,NaN,NaN
NaN,NaN,NaN,NaN,NaN,NaN,-0.009271,-0.020992,-0.008759,0.017703,0.024481,0.003022,-0.023254,-0.025190,0.003827,0.030601,0.023755,-0.011301,-0.034478,-0.016645,0.020932,0.035556,0.011266,-0.026155,-0.034866,-0.001182,0.034506,0.028610,-0.009301,-0.037867,-0.025561,0.016988,NaN,0.014765,-0.023859,-0.037682,-0.006541,0.032165,0.031468,-0.001793,-0.035140,-0.025928,0.009276,0.033769,0.020514,-0.016629,-0.033345,-0.010051,0.020344,0.027068,0.003654,-0.023438,-0.021105,0.002850,0.021570,0.015885,-0.006395,-0.017015,-0.007815,NaN,NaN,NaN,NaN,NaN
NaN,NaN,NaN,NaN,NaN,NaN,0.018418,-0.020317,0.015827,-0.007391,-0.004172,0.016473,-0.026177,0.030551,-0.026840,0.017616,-0.005394,-0.011135,0.026299,-0.033315,0.033620,-0.028874,0.016249,0.001301,-0.017837,0.031725,-0.037263,0.038095,-0.025142,0.012616,0.006993,-0.024416,NaN,-0.041606,0.035423,-0.023699,0.004826,0.011910,-0.026956,0.037817,-0.035716,0.028632,-0.014001,-0.001605,0.016602,-0.028758,0.032699,-0.028782,0.020349,-0.008732,-0.007032,0.017624,-0.023506,0.024094,-0.018256,0.009310,-0.000717,-0.008014,0.013104,NaN,NaN,NaN,NaN,NaN
NaN,NaN,NaN,NaN,NaN,NaN,-0.010843,-0.020860,-0.007062,0.016313,0.024972,0.003611,-0.023030,-0.024325,0.001589,0.030213,0.026994,-0.007130,-0.034685,-0.022559,0.017207,0.036546,0.014871,-0.024823,-0.037765,-0.007577,0.029593,0.033456,-0.001091,-0.035123,-0.031592,0.007964,NaN,0.021236,-0.015160,-0.038142,-0.016927,0.022757,0.037204,0.009833,-0.029567,-0.033814,-0.002809,0.029984,0.029597,-0.004846,-0.032985,-0.020486,0.010497,0.028470,0.015463,-0.013933,-0.026386,-0.008511,0.016766,0.019167,0.003630,-0.013733,-0.014550,NaN,NaN,NaN,NaN,NaN
NaN,NaN,NaN,NaN,NaN,NaN,0.014629,-0.010174,-0.016325,0.004263,0.006647,0.026264,-0.008701,-0.019003,-0.014437,-0.015994,0.007778,0.010716,-0.012417,-0.034025,-0.023596,0.037160,0.035650,0.026412,-0.001369,-0.054128,0.007829,0.056170,0.009979,-0.007525,-0.014746,0.003619,NaN,0.037417,0.008435,-0.037392,-0.025634,0.005717,0.042056,0.015544,-0.007379,-0.042130,-0.013702,0.017818,0.028134,-0.001830,-0.037318,-0.027512,-0.007416,0.032694,0.022420,-0.007526,-0.024286,-0.020423,0.026136,0.010599,0.004513,-0.006398,-0.008599,NaN,NaN,NaN,NaN,NaN
NaN,NaN,NaN,NaN,NaN,NaN,-0.001132,-0.017522,-0.017132,-0.013894,0.020195,-0.027296,0.003904,0.036629,0.013028,0.008514,0.018814,0.003864,-0.002455,0.028426,0.008377,0.009862,-0.029253,-0.012371,0.009542,0.009212,-0.022704,-0.010174,-0.043794,-0.021259,-0.036670,0.035856,NaN,0.039019,0.026442,0.055262,0.020267,0.022358,-0.045049,-0.016814,0.046112,-0.027229,-0.007880,0.018494,0.021763,0.003282,-0.008166,-0.002042,-0.014526,0.010138,-0.001790,0.007131,0.001468,-0.009205,0.001746,0.003616,-0.003934,-0.013285,-0.010935,NaN,NaN,NaN,NaN,NaN
NaN,NaN,NaN,NaN,NaN,NaN,-0.005496,-0.020083,-0.013042,0.012820,0.025759,0.009886,-0.021244,-0.028870,-0.002665,0.027488,0.028072,-0.001244,-0.031461,-0.024707,0.014090,0.036502,0.018040,-0.020725,-0.038793,-0.008881,0.028952,0.035301,0.001681,-0.034378,-0.031267,0.008608,NaN,0.023698,-0.017706,-0.037637,-0.015125,0.024823,0.037554,0.005331,-0.031546,-0.031242,0.001741,0.032891,0.025648,-0.009760,-0.034662,-0.017758,0.014439,0.029591,0.011269,-0.017927,-0.023986,-0.004152,0.018840,0.017188,-0.001354,-0.016754,-0.012555,NaN,NaN,NaN,NaN,NaN
NaN,NaN,NaN,NaN,NaN,NaN,0.010292,-0.017912,0.019828,-0.021424,0.013029,0.000167,-0.012735,0.023645,-0.031643,0.028475,-0.021137,0.007092,0.007022,-0.024126,0.033828,-0.033003,0.031758,-0.015376,-0.001985,0.021113,-0.034813,0.038589,-0.033908,0.024927,-0.005134,-0.013667,NaN,-0.037930,0.034259,-0.032166,0.012786,0.009360,-0.025977,0.033943,-0.036711,0.029818,-0.016299,0.001755,0.015475,-0.028440,0.033389,-0.026521,0.021751,-0.005360,-0.009939,0.020568,-0.024556,0.021989,-0.015433,0.006257,0.000547,-0.013422,0.013892,NaN,NaN,NaN,NaN,NaN
NaN,NaN,NaN,NaN,NaN,NaN,-0.011714,-0.020629,-0.006227,0.019047,0.022735,0.001516,-0.026499,-0.023242,0.006356,0.030146,0.023284,-0.010605,-0.033743,-0.019363,0.019793,0.035397,0.013062,-0.025262,-0.036297,-0.003744,0.034447,0.032954,-0.004735,-0.036308,-0.029205,0.010139,NaN,0.020571,-0.021284,-0.039598,-0.012257,0.027993,0.036563,0.005780,-0.032793,-0.031629,0.000584,0.032704,0.028286,-0.007524,-0.034102,-0.018311,0.014218,0.028648,0.012604,-0.018204,-0.024636,-0.007147,0.017526,0.019262,0.002051,-0.014779,-0.013226,NaN,NaN,NaN,NaN,NaN
NaN,NaN,NaN,NaN,NaN,NaN,0.013662,0.017095,-0.004449,-0.023785,-0.011944,0.017787,0.026182,-0.004298,-0.030834,-0.014342,0.024562,0.032133,-0.002198,-0.036389,-0.019156,0.024161,0.036034,-0.003755,-0.037481,-0.021945,0.022548,0.035445,0.000069,-0.037694,-0.025373,0.021195,NaN,0.001315,-0.037564,-0.023847,0.017846,0.036438,0.003418,-0.034934,-0.023856,0.017292,0.035131,0.007273,-0.029724,-0.024015,0.014044,0.031094,0.007946,-0.024107,-0.022575,0.008207,0.024779,0.008920,-0.018612,-0.018784,0.004818,0.016555,0.007492,NaN,NaN,NaN,NaN,NaN
NaN,NaN,NaN,NaN,NaN,NaN,0.008901,0.019479,0.002805,-0.022756,-0.018597,0.012299,0.029597,0.004246,-0.029919,-0.021564,0.015502,0.032978,0.005988,-0.030455,-0.025558,0.016029,0.034507,0.004572,-0.033525,-0.025814,0.018812,0.036637,0.005493,-0.036213,-0.026460,0.018249,NaN,0.005409,-0.035615,-0.024835,0.017970,0.039331,0.004303,-0.032581,-0.025617,0.016963,0.036379,0.008345,-0.029736,-0.022801,0.014684,0.032069,0.007983,-0.027306,-0.020413,0.011694,0.024570,0.006219,-0.018967,-0.016430,0.007630,0.016609,0.002619,NaN,NaN,NaN,NaN,NaN
NaN,NaN,NaN,NaN,NaN,NaN,0.020528,0.017471,0.010342,0.000044,-0.011864,-0.022608,-0.026995,-0.028053,-0.020251,-0.008975,0.007403,0.023213,0.033772,0.034899,0.031068,0.015361,-0.001996,-0.018799,-0.034230,-0.037458,-0.035134,-0.022520,-0.005034,0.014007,0.029326,0.037299,NaN,0.030331,0.012421,-0.005191,-0.022778,-0.033262,-0.037089,-0.031801,-0.019896,-0.001265,0.012656,0.028790,0.035907,0.031588,0.023237,0.008857,-0.004741,-0.019237,-0.026262,-0.027086,-0.020837,-0.011482,-0.001382,0.009680,0.016085,0.017812,0.014732,NaN,NaN,NaN,NaN,NaN
NaN,NaN,NaN,NaN,NaN,NaN,0.016917,0.004683,-0.021378,0.012103,0.018064,-0.023836,-0.008062,0.030438,-0.009927,-0.021790,0.029746,0.002179,-0.033601,0.021471,0.027181,-0.032266,-0.003256,0.033659,-0.019905,-0.026866,0.029309,0.012182,-0.039090,0.020944,0.025835,-0.036402,NaN,0.041523,-0.016166,-0.026959,0.033141,0.001669,-0.032873,0.007475,0.035104,-0.034343,-0.002368,0.035814,-0.017913,-0.020364,0.034300,0.000080,-0.033035,0.014533,0.017666,-0.021809,-0.005899,0.025084,-0.010078,-0.012244,0.017143,-0.000773,-0.015197,NaN,NaN,NaN,NaN,NaN
NaN,NaN,NaN,NaN,NaN,NaN,-0.005403,0.001563,0.008019,0.015253,0.021638,0.025160,0.028554,0.026996,0.023072,0.015628,0.003961,-0.005269,-0.017303,-0.027375,-0.033290,-0.037575,-0.036547,-0.030475,-0.021842,-0.012093,0.003595,0.014436,0.025841,0.034170,0.039886,0.036414,NaN,0.025029,0.015443,0.003303,-0.008755,-0.021388,-0.029143,-0.036633,-0.038472,-0.032858,-0.027904,-0.018027,-0.007885,0.002928,0.013458,0.021922,0.025495,0.029423,0.027905,0.022768,0.016793,0.012341,0.001767,-0.005264,-0.009769,-0.013341,-0.013039,NaN,NaN,NaN,NaN,NaN
NaN,NaN,NaN,NaN,NaN,NaN,-0.009691,-0.021616,-0.008183,0.017110,0.024444,0.003342,-0.022941,-0.024892,0.003832,0.030790,0.023020,-0.009980,-0.034236,-0.016722,0.020771,0.035622,0.012707,-0.027687,-0.035467,-0.000178,0.034038,0.032147,-0.005548,-0.037931,-0.025654,0.016674,NaN,0.014392,-0.024348,-0.037044,-0.008249,0.033438,0.032658,-0.003121,-0.035450,-0.025479,0.009856,0.034332,0.021382,-0.015416,-0.032955,-0.011854,0.018630,0.027846,0.004355,-0.021651,-0.022477,0.002985,0.022601,0.014641,-0.006109,-0.018061,-0.009635,NaN,NaN,NaN,NaN,NaN
NaN,NaN,NaN,NaN,NaN,NaN,0.015495,0.016191,-0.008238,-0.024830,-0.007478,0.022992,0.025048,-0.006191,-0.031321,-0.014006,0.022890,0.031636,-0.003468,-0.036378,-0.018833,0.022788,0.034466,-0.000633,-0.035380,-0.023587,0.022513,0.038605,0.003425,-0.035732,-0.025360,0.019411,NaN,0.006664,-0.034049,-0.027580,0.014408,0.036992,0.010362,-0.031106,-0.029552,0.009996,0.036839,0.015692,-0.025597,-0.031848,0.003855,0.031549,0.014801,-0.019323,-0.025106,0.001883,0.024155,0.016301,-0.011872,-0.019976,-0.001962,0.016356,0.010542,NaN,NaN,NaN,NaN,NaN
NaN,NaN,NaN,NaN,NaN,NaN,-0.016681,-0.003396,0.016320,0.022875,0.003754,-0.023016,-0.025622,-0.002838,0.028093,0.027291,0.001194,-0.029118,-0.029429,0.005067,0.033837,0.028675,-0.008579,-0.035413,-0.025914,0.013377,0.038238,0.023297,-0.015147,-0.039228,-0.021276,0.017942,NaN,0.018125,-0.021967,-0.037429,-0.014707,0.026753,0.036784,0.010177,-0.029388,-0.033437,-0.007717,0.027869,0.032661,0.003302,-0.027439,-0.028648,-0.000652,0.026106,0.024828,-0.001582,-0.023494,-0.018761,0.003432,0.020639,0.015809,-0.002764,-0.014009,NaN,NaN,NaN,NaN,NaN
NaN,NaN,NaN,NaN,NaN,NaN,-0.006491,0.016582,0.017231,-0.007796,-0.026266,-0.007041,0.023382,0.021253,-0.012846,-0.033071,-0.008814,0.028916,0.026105,-0.015382,-0.035892,-0.004998,0.036236,0.022776,-0.021860,-0.034795,0.000301,0.036969,0.020690,-0.024678,-0.037568,0.003320,NaN,0.016677,-0.025024,-0.036291,0.007226,0.040064,0.013695,-0.031981,-0.029547,0.011734,0.035931,0.013140,-0.028839,-0.027526,0.012580,0.032660,0.008050,-0.025287,-0.021745,0.010733,0.025165,0.005085,-0.021075,-0.014385,0.007927,0.016906,0.002186,NaN,NaN,NaN,NaN,NaN
NaN,NaN,NaN,NaN,NaN,NaN,0.017290,0.013272,0.005958,-0.004535,-0.016375,-0.026372,-0.028235,-0.027000,-0.016275,-0.003459,0.011760,0.025478,0.033782,0.033956,0.027956,0.011913,-0.004783,-0.020372,-0.036306,-0.036271,-0.034510,-0.019839,-0.005148,0.013314,0.028417,0.038125,NaN,0.028349,0.012899,-0.005106,-0.021017,-0.033376,-0.037671,-0.034744,-0.021962,-0.005059,0.010763,0.024190,0.033028,0.034617,0.026918,0.013738,-0.000666,-0.015229,-0.022800,-0.026894,-0.024776,-0.016111,-0.005327,0.003932,0.012788,0.016005,0.015928,NaN,NaN,NaN,NaN,NaN
NaN,NaN,NaN,NaN,NaN,NaN,-0.011317,-0.019588,-0.003957,0.018815,0.024815,0.000752,-0.026006,-0.022585,0.006768,0.030229,0.023261,-0.011892,-0.034208,-0.016425,0.021431,0.035350,0.010100,-0.026361,-0.036482,-0.000996,0.034192,0.031767,-0.005069,-0.037391,-0.028051,0.012489,NaN,0.018776,-0.020929,-0.035699,-0.011965,0.030392,0.036221,0.004778,-0.033053,-0.030753,0.003654,0.031894,0.026974,-0.009624,-0.034307,-0.017788,0.015493,0.029427,0.012575,-0.016780,-0.024061,-0.005407,0.017544,0.019856,0.001729,-0.014634,-0.012403,NaN,NaN,NaN,NaN,NaN
NaN,NaN,NaN,NaN,NaN,NaN,0.011364,-0.019744,0.019587,-0.021718,0.014043,0.001548,-0.013499,0.025968,-0.031326,0.028841,-0.024307,0.008918,0.005524,-0.022693,0.032957,-0.034761,0.034907,-0.018932,-0.000267,0.019539,-0.030107,0.039302,-0.033292,0.029475,-0.010378,-0.006835,NaN,-0.034771,0.035439,-0.036679,0.020255,-0.000474,-0.019000,0.031443,-0.038595,0.034347,-0.022609,0.011673,0.008200,-0.018815,0.032100,-0.029780,0.027995,-0.014505,-0.001463,0.013386,-0.021872,0.022936,-0.020764,0.012653,-0.004937,-0.004994,0.010475,NaN,NaN,NaN,NaN,NaN
NaN,NaN,NaN,NaN,NaN,NaN,-0.014762,0.012523,-0.006820,-0.001575,0.010813,-0.018411,0.026276,-0.029577,0.028791,-0.028514,0.019000,-0.012093,0.000610,0.010478,-0.021583,0.031264,-0.035177,0.039013,-0.034576,0.029688,-0.019685,0.006363,0.005638,-0.020878,0.029136,-0.035601,NaN,-0.037794,0.034493,-0.022915,0.010749,0.000742,-0.012746,0.023880,-0.033295,0.036666,-0.035726,0.030621,-0.024583,0.014329,-0.002798,-0.010113,0.018241,-0.025339,0.027694,-0.026316,0.023000,-0.018142,0.011881,-0.003931,-0.003276,0.011024,-0.012654,NaN,NaN,NaN,NaN,NaN
NaN,NaN,NaN,NaN,NaN,NaN,0.002261,0.021746,0.008436,-0.018944,-0.021884,0.005449,0.027782,0.012870,-0.024351,-0.029253,0.006247,0.033965,0.012316,-0.029578,-0.031771,0.010428,0.038104,0.012527,-0.033773,-0.032207,0.012299,0.038626,0.010595,-0.034223,-0.031330,0.014081,NaN,0.010086,-0.030496,-0.027202,0.015141,0.039257,0.005734,-0.035574,-0.027716,0.015609,0.034187,0.004702,-0.032399,-0.022465,0.016879,0.030721,0.005067,-0.026621,-0.018571,0.012802,0.024343,0.003169,-0.020285,-0.014523,0.009123,0.016491,0.001031,NaN,NaN,NaN,NaN,NaN
NaN,NaN,NaN,NaN,NaN,NaN,-0.016870,-0.016059,0.004896,0.024789,0.015387,-0.009788,-0.029097,-0.015548,0.014688,0.032797,0.015897,-0.017190,-0.034934,-0.010477,0.027997,0.033000,0.005146,-0.029977,-0.035755,0.004568,0.036122,0.028897,-0.006496,-0.038127,-0.028616,0.009378,NaN,0.020706,-0.018231,-0.040553,-0.014848,0.025960,0.037739,0.009882,-0.030262,-0.032580,-0.006695,0.027401,0.032213,0.000363,-0.031647,-0.025704,0.002898,0.026576,0.020941,-0.009517,-0.024678,-0.015160,0.009802,0.020319,0.012012,-0.007557,-0.016187,NaN,NaN,NaN,NaN,NaN
NaN,NaN,NaN,NaN,NaN,NaN,-0.004994,-0.021269,-0.012953,0.012776,0.024008,0.012034,-0.020109,-0.028144,-0.004988,0.026237,0.028887,-0.002903,-0.031877,-0.024187,0.012574,0.034580,0.021194,-0.021227,-0.039553,-0.010929,0.026842,0.037563,0.003429,-0.033471,-0.033137,0.007570,NaN,0.024904,-0.016808,-0.039068,-0.016242,0.025539,0.036448,0.007632,-0.029700,-0.031844,-0.000158,0.031402,0.027362,-0.008680,-0.033308,-0.018635,0.013314,0.028207,0.011606,-0.015807,-0.024175,-0.005524,0.018055,0.018538,0.000219,-0.015329,-0.012506,NaN,NaN,NaN,NaN,NaN
NaN,NaN,NaN,NaN,NaN,NaN,0.017040,-0.015256,0.005677,0.003527,-0.013329,0.024446,-0.028227,0.025782,-0.017158,0.006106,0.009313,-0.021902,0.031872,-0.037378,0.031500,-0.018998,0.003468,0.013506,-0.028038,0.037590,-0.037955,0.031428,-0.017411,0.001075,0.015304,-0.031471,NaN,-0.037082,0.028961,-0.015114,-0.004406,0.020474,-0.032130,0.038093,-0.035725,0.025465,-0.008863,-0.007587,0.022202,-0.030228,0.032167,-0.027287,0.015969,-0.002462,-0.009288,0.017890,-0.025408,0.023458,-0.017880,0.008535,-0.000606,-0.007597,0.012737,NaN,NaN,NaN,NaN,NaN
NaN,NaN,NaN,NaN,NaN,NaN,-0.018035,-0.007531,0.015105,0.023505,0.005381,-0.019016,-0.025412,-0.003985,0.024548,0.029669,0.001945,-0.028821,-0.030399,0.003629,0.034739,0.028821,-0.009151,-0.035788,-0.026365,0.014828,0.039704,0.020302,-0.018243,-0.040737,-0.017966,0.021145,NaN,0.011761,-0.025528,-0.036546,-0.008134,0.030093,0.036464,0.001674,-0.032013,-0.032087,0.001274,0.031862,0.029230,-0.004599,-0.032077,-0.025074,0.008278,0.029062,0.018854,-0.009591,-0.026360,-0.014714,0.011602,0.020851,0.010457,-0.009381,-0.017352,NaN,NaN,NaN,NaN,NaN
NaN,NaN,NaN,NaN,NaN,NaN,-0.007378,-0.021304,-0.010640,0.015620,0.025698,0.006336,-0.022519,-0.027279,0.001028,0.031148,0.025512,-0.010266,-0.036086,-0.019937,0.021737,0.039401,0.010438,-0.028352,-0.035915,0.000188,0.034871,0.028965,-0.010629,-0.037993,-0.021291,0.020616,NaN,0.011188,-0.028274,-0.035802,-0.000938,0.036672,0.029321,-0.010162,-0.037725,-0.022873,0.016607,0.034375,0.015141,-0.023171,-0.033899,-0.005457,0.024460,0.025374,-0.004351,-0.025144,-0.017871,0.008663,0.021745,0.010862,-0.011349,-0.015674,-0.003905,NaN,NaN,NaN,NaN,NaN
NaN,NaN,NaN,NaN,NaN,NaN,0.000450,0.007460,0.013736,0.018835,0.025618,0.026685,0.027213,0.024954,0.019385,0.010657,-0.000507,-0.011330,-0.020829,-0.029021,-0.034314,-0.037499,-0.036720,-0.032053,-0.020281,-0.012227,0.001635,0.010859,0.024327,0.032450,0.038228,0.039335,NaN,0.030272,0.024391,0.010453,-0.000443,-0.012191,-0.021158,-0.029274,-0.035120,-0.037078,-0.034420,-0.029602,-0.021474,-0.011169,-0.000449,0.008072,0.016717,0.023547,0.025636,0.026720,0.025020,0.021336,0.015994,0.007869,0.001632,-0.002115,-0.007370,NaN,NaN,NaN,NaN,NaN
NaN,NaN,NaN,NaN,NaN,NaN,0.010301,0.019872,0.000765,-0.022194,-0.016207,0.014115,0.026883,0.003796,-0.028217,-0.022441,0.014833,0.033514,0.006197,-0.031008,-0.026718,0.015925,0.037193,0.007587,-0.033804,-0.028346,0.014142,0.038420,0.010726,-0.033150,-0.031918,0.013103,NaN,0.009875,-0.032940,-0.031617,0.011296,0.039860,0.013931,-0.032090,-0.030797,0.009003,0.037039,0.015957,-0.026647,-0.030560,0.004868,0.031272,0.015592,-0.021311,-0.027201,0.002123,0.024099,0.012429,-0.014631,-0.020587,0.000715,0.017077,0.010205,NaN,NaN,NaN,NaN,NaN
NaN,NaN,NaN,NaN,NaN,NaN,0.014556,-0.010813,0.000743,0.008086,-0.017219,0.026408,-0.027850,0.026008,-0.016552,0.003377,0.010207,-0.024759,0.032101,-0.037571,0.032279,-0.019281,0.003957,0.009507,-0.025361,0.037032,-0.038037,0.034101,-0.022933,0.006685,0.007686,-0.026597,NaN,-0.038984,0.033847,-0.025369,0.011433,0.008299,-0.023698,0.035298,-0.036976,0.034489,-0.021734,0.010368,0.005535,-0.017796,0.031914,-0.031470,0.029094,-0.019844,0.007089,0.005794,-0.013942,0.022500,-0.024436,0.018164,-0.013257,0.003778,0.003130,NaN,NaN,NaN,NaN,NaN
NaN,NaN,NaN,NaN,NaN,NaN,-0.019739,-0.007726,0.013625,0.024966,0.006754,-0.020718,-0.027838,-0.005720,0.024059,0.030070,0.001772,-0.029477,-0.032057,0.000993,0.032444,0.031747,-0.004784,-0.035579,-0.029757,0.006269,0.038630,0.028911,-0.011348,-0.037555,-0.025784,0.015330,NaN,0.020060,-0.018022,-0.038778,-0.016337,0.022632,0.037323,0.013798,-0.025084,-0.036802,-0.010352,0.024927,0.033917,0.007613,-0.026313,-0.030414,-0.004778,0.024409,0.025617,0.001613,-0.020263,-0.020816,0.001392,0.018229,0.017366,-0.001801,-0.014993,NaN,NaN,NaN,NaN,NaN
NaN,NaN,NaN,NaN,NaN,NaN,0.018810,-0.004415,-0.018667,0.019757,0.009162,-0.027675,0.004201,0.025702,-0.025488,-0.010822,0.032097,-0.012825,-0.027341,0.033619,0.009535,-0.035618,0.015703,0.027290,-0.034497,-0.011118,0.036953,-0.012112,-0.030223,0.033716,0.003097,-0.037074,NaN,0.028456,-0.034103,-0.004114,0.035932,-0.021409,-0.024111,0.031456,0.009085,-0.039551,0.020842,0.020128,-0.032183,0.005221,0.034522,-0.021170,-0.018216,0.027679,-0.004266,-0.024385,0.015265,0.012986,-0.023755,0.002004,0.015547,-0.014839,-0.006238,NaN,NaN,NaN,NaN,NaN
NaN,NaN,NaN,NaN,NaN,NaN,0.003194,0.008750,0.015923,0.021448,0.025485,0.025523,0.025632,0.022545,0.014795,0.006144,-0.003838,-0.014524,-0.024362,-0.031526,-0.034496,-0.036945,-0.034256,-0.027498,-0.017876,-0.007560,0.006146,0.014144,0.028553,0.035165,0.038280,0.038183,NaN,0.027111,0.020044,0.007647,-0.004518,-0.017055,-0.027556,-0.033567,-0.035437,-0.037838,-0.033075,-0.026372,-0.017299,-0.007315,0.004334,0.011748,0.018006,0.026637,0.027228,0.027356,0.023282,0.018257,0.013110,0.006401,-0.000571,-0.004538,-0.008509,NaN,NaN,NaN,NaN,NaN
NaN,NaN,NaN,NaN,NaN,NaN,-0.013336,-0.021143,-0.004101,0.020374,0.022426,-0.003130,-0.028251,-0.022402,0.009808,0.032544,0.021947,-0.014870,-0.035397,-0.013463,0.024138,0.034591,0.007958,-0.028382,-0.034600,0.001687,0.037496,0.028657,-0.009667,-0.038432,-0.025419,0.015175,NaN,0.015675,-0.025398,-0.040077,-0.009548,0.028665,0.035835,0.001241,-0.034521,-0.029169,0.004829,0.033718,0.024988,-0.011783,-0.033294,-0.015721,0.017248,0.029307,0.009063,-0.019759,-0.024441,-0.004322,0.018161,0.017743,-0.000627,-0.014843,-0.012681,NaN,NaN,NaN,NaN,NaN
NaN,NaN,NaN,NaN,NaN,NaN,-0.018021,-0.007812,0.014289,0.023416,0.007284,-0.021402,-0.027163,-0.004602,0.025800,0.030406,0.002099,-0.029930,-0.031554,0.003250,0.033442,0.028708,-0.009320,-0.035332,-0.025816,0.013594,0.037944,0.021059,-0.017788,-0.039354,-0.017449,0.023021,NaN,0.013087,-0.027508,-0.039051,-0.007441,0.030680,0.036127,0.004984,-0.031666,-0.032267,-0.000288,0.030149,0.028380,-0.005248,-0.031926,-0.022856,0.007499,0.029513,0.019300,-0.008887,-0.025000,-0.016293,0.009575,0.020395,0.011062,-0.008369,-0.015618,NaN,NaN,NaN,NaN,NaN
NaN,NaN,NaN,NaN,NaN,NaN,-0.002944,-0.020557,-0.015046,0.012238,0.025670,0.009515,-0.019409,-0.027725,-0.001188,0.028453,0.025305,-0.008551,-0.035862,-0.020407,0.019008,0.036945,0.011180,-0.030344,-0.034721,0.000483,0.037112,0.028948,-0.011360,-0.040864,-0.020940,0.024119,NaN,0.005865,-0.030605,-0.033490,0.002678,0.036030,0.024535,-0.013898,-0.038196,-0.015302,0.022548,0.035522,0.007320,-0.029512,-0.029289,0.003157,0.029387,0.019120,-0.011360,-0.026034,-0.011438,0.015480,0.022096,0.003925,-0.016140,-0.015730,0.002490,NaN,NaN,NaN,NaN,NaN
NaN,NaN,NaN,NaN,NaN,NaN,0.007448,0.021085,0.004624,-0.020379,-0.018380,0.010154,0.028784,0.005918,-0.026615,-0.024440,0.013539,0.035665,0.005605,-0.031701,-0.025743,0.017980,0.037815,0.003784,-0.035754,-0.026238,0.020914,0.038353,0.002536,-0.036852,-0.025020,0.021929,NaN,0.000520,-0.036940,-0.022085,0.021640,0.034588,-0.002471,-0.035847,-0.021386,0.022441,0.034418,-0.000911,-0.035108,-0.018603,0.020395,0.030485,-0.003106,-0.029517,-0.014729,0.017409,0.023984,-0.001785,-0.021403,-0.010355,0.013643,0.017306,-0.001983,NaN,NaN,NaN,NaN,NaN
NaN,NaN,NaN,NaN,NaN,NaN,0.015256,-0.009792,0.000181,0.009529,-0.020243,0.025791,-0.028150,0.024036,-0.014734,0.001990,0.013359,-0.024093,0.034344,-0.036858,0.030770,-0.018331,0.004107,0.012746,-0.027317,0.037194,-0.038411,0.033393,-0.021324,0.004150,0.010688,-0.027020,NaN,-0.038404,0.032890,-0.023465,0.008129,0.009395,-0.025094,0.034876,-0.036500,0.031627,-0.020826,0.008986,0.008132,-0.020964,0.030217,-0.031189,0.027291,-0.019565,0.005940,0.006600,-0.017532,0.023839,-0.022437,0.019163,-0.010767,0.002964,0.004155,NaN,NaN,NaN,NaN,NaN
NaN,NaN,NaN,NaN,NaN,NaN,0.005905,0.011778,0.018252,0.023170,0.025721,0.025486,0.023250,0.018642,0.011396,0.001224,-0.009418,-0.018109,-0.029572,-0.033248,-0.036091,-0.036527,-0.030678,-0.024094,-0.013060,-0.001648,0.012040,0.022123,0.032225,0.037141,0.038703,0.035558,NaN,0.023872,0.011696,0.001304,-0.011356,-0.021688,-0.031492,-0.035153,-0.036904,-0.035604,-0.031722,-0.023350,-0.012472,-0.001855,0.008380,0.017846,0.021358,0.030103,0.027675,0.024876,0.022042,0.016695,0.009494,0.003621,-0.003658,-0.008037,-0.010108,NaN,NaN,NaN,NaN,NaN
NaN,NaN,NaN,NaN,NaN,NaN,-0.018520,-0.012519,0.010084,0.023266,0.010102,-0.017784,-0.027207,-0.007407,0.022261,0.030632,0.006340,-0.026877,-0.032475,0.000357,0.032879,0.030706,-0.005269,-0.036496,-0.028093,0.010853,0.038514,0.024506,-0.016393,-0.039215,-0.021263,0.022037,NaN,0.012956,-0.027710,-0.037501,-0.007035,0.031219,0.034945,-0.000348,-0.034513,-0.029327,0.003358,0.033729,0.026043,-0.007539,-0.034189,-0.019950,0.011952,0.030038,0.015364,-0.014507,-0.024461,-0.009466,0.014453,0.019464,0.005680,-0.012110,-0.014688,NaN,NaN,NaN,NaN,NaN
NaN,NaN,NaN,NaN,NaN,NaN,-0.005691,0.001050,0.008626,0.016011,0.024753,0.025677,0.029483,0.025941,0.020293,0.015519,0.005066,-0.005682,-0.017794,-0.027289,-0.034423,-0.038127,-0.035889,-0.029731,-0.019444,-0.009485,0.002253,0.016892,0.027011,0.036159,0.040148,0.036169,NaN,0.024725,0.013990,0.002956,-0.010569,-0.020919,-0.031070,-0.037228,-0.037015,-0.034946,-0.028868,-0.020212,-0.007541,0.004411,0.014070,0.021049,0.026950,0.029885,0.027612,0.025603,0.017511,0.009819,0.003871,-0.003710,-0.010292,-0.013267,-0.014751,NaN,NaN,NaN,NaN,NaN
NaN,NaN,NaN,NaN,NaN,NaN,-0.014738,0.011965,-0.005364,-0.001678,0.009620,-0.017435,0.025884,-0.029478,0.031971,-0.027853,0.023547,-0.012622,0.002702,0.008469,-0.021936,0.030473,-0.035924,0.036159,-0.036600,0.028924,-0.017606,0.006103,0.003545,-0.016539,0.028161,-0.036838,NaN,-0.036328,0.032444,-0.027681,0.012175,0.001069,-0.013136,0.026448,-0.032733,0.036188,-0.034036,0.031807,-0.025624,0.013850,-0.003119,-0.008662,0.017303,-0.025668,0.025789,-0.026134,0.024279,-0.017354,0.010746,-0.004482,-0.003530,0.007871,-0.011800,NaN,NaN,NaN,NaN,NaN
NaN,NaN,NaN,NaN,NaN,NaN,0.002352,0.021047,0.012262,-0.015732,-0.023163,0.000954,0.026913,0.014950,-0.023111,-0.029234,0.004580,0.034435,0.015542,-0.025328,-0.032622,0.006820,0.037129,0.015901,-0.029667,-0.032532,0.009536,0.038447,0.014551,-0.029992,-0.032098,0.011120,NaN,0.009783,-0.031385,-0.031764,0.011588,0.037718,0.007708,-0.031631,-0.028832,0.013781,0.036748,0.009809,-0.028731,-0.026144,0.013323,0.032193,0.006946,-0.026744,-0.021495,0.011431,0.024918,0.004492,-0.021126,-0.015698,0.007981,0.019325,0.003194,NaN,NaN,NaN,NaN,NaN
NaN,NaN,NaN,NaN,NaN,NaN,0.002352,0.008925,0.013870,0.022240,0.025323,0.026907,0.025890,0.022103,0.015361,0.007964,-0.003622,-0.012465,-0.022046,-0.030590,-0.032987,-0.035977,-0.034711,-0.028528,-0.019686,-0.009531,0.003430,0.014413,0.026170,0.033805,0.039670,0.036471,NaN,0.029813,0.019935,0.008970,-0.001861,-0.013646,-0.025265,-0.032777,-0.037204,-0.037002,-0.034627,-0.026556,-0.019895,-0.007916,0.001963,0.009552,0.018094,0.023937,0.025721,0.027989,0.023953,0.019980,0.011214,0.006790,0.000493,-0.004576,-0.008551,NaN,NaN,NaN,NaN,NaN
NaN,NaN,NaN,NaN,NaN,NaN,0.005122,0.020463,0.007092,-0.019064,-0.020798,0.007924,0.027756,0.011256,-0.023525,-0.025027,0.009261,0.033757,0.013999,-0.028585,-0.032589,0.008127,0.036807,0.012950,-0.029883,-0.032282,0.009723,0.039372,0.014995,-0.028748,-0.033083,0.009145,NaN,0.014391,-0.029015,-0.031784,0.010140,0.039409,0.014679,-0.030505,-0.032804,0.009517,0.034061,0.014353,-0.028300,-0.028183,0.007003,0.030919,0.012896,-0.023443,-0.026292,0.004988,0.024810,0.011242,-0.016509,-0.019010,0.003709,0.016877,0.005870,NaN,NaN,NaN,NaN,NaN
NaN,NaN,NaN,NaN,NaN,NaN,0.016403,0.009993,-0.020863,0.002929,0.021853,-0.018422,-0.016729,0.027469,0.000756,-0.028352,0.024657,0.015604,-0.032464,0.009160,0.036596,-0.019826,-0.017465,0.031433,-0.003915,-0.032323,0.012421,0.030592,-0.034362,0.003212,0.034119,-0.023306,NaN,0.035566,0.002418,-0.035645,0.015819,0.023935,-0.024927,-0.015478,0.039889,-0.015170,-0.021546,0.032218,0.001789,-0.032207,0.018395,0.018987,-0.029634,-0.003383,0.026447,-0.005272,-0.020965,0.018464,0.008169,-0.020021,0.009020,0.012077,-0.014441,NaN,NaN,NaN,NaN,NaN
NaN,NaN,NaN,NaN,NaN,NaN,-0.018421,-0.012510,0.010552,0.024715,0.011858,-0.015166,-0.028068,-0.009250,0.021264,0.030150,0.004842,-0.025935,-0.031203,0.001449,0.033548,0.029584,-0.006022,-0.036587,-0.028410,0.014404,0.038998,0.023255,-0.017844,-0.039926,-0.017785,0.022610,NaN,0.011559,-0.027360,-0.036614,-0.006205,0.033772,0.034122,0.000244,-0.035130,-0.028509,0.004964,0.032556,0.025643,-0.008500,-0.032303,-0.020661,0.012115,0.032054,0.012428,-0.014035,-0.026265,-0.009756,0.015319,0.019434,0.004550,-0.011530,-0.015756,NaN,NaN,NaN,NaN,NaN
NaN,NaN,NaN,NaN,NaN,NaN,-0.005079,0.020693,0.016746,-0.011289,-0.025722,-0.003489,0.025205,0.018251,-0.016150,-0.030647,-0.001614,0.031179,0.019265,-0.021136,-0.034552,0.002706,0.035162,0.018736,-0.025492,-0.033826,0.006522,0.038281,0.013985,-0.028744,-0.033848,0.009705,NaN,0.011821,-0.031844,-0.031745,0.013015,0.038783,0.007283,-0.032473,-0.028061,0.016782,0.035242,0.007011,-0.030946,-0.023267,0.017306,0.031555,0.002718,-0.029080,-0.018276,0.016582,0.025770,-0.000340,-0.021228,-0.012405,0.010043,0.015410,0.000964,NaN,NaN,NaN,NaN,NaN
NaN,NaN,NaN,NaN,NaN,NaN,-0.017492,-0.005442,0.014993,0.022763,0.006497,-0.020319,-0.024366,-0.003798,0.025134,0.028305,0.001696,-0.029145,-0.030756,0.001551,0.033094,0.029257,-0.005535,-0.034844,-0.028816,0.010919,0.036031,0.025018,-0.014034,-0.038391,-0.023539,0.016206,NaN,0.019813,-0.019961,-0.038257,-0.016489,0.023364,0.037821,0.012561,-0.025992,-0.037273,-0.009874,0.024390,0.034009,0.005811,-0.026781,-0.029254,-0.003755,0.025588,0.024513,0.000121,-0.021172,-0.019747,0.002012,0.019199,0.015475,-0.002075,-0.014994,NaN,NaN,NaN,NaN,NaN
NaN,NaN,NaN,NaN,NaN,NaN,-0.006833,-0.020786,-0.008571,0.014795,0.025239,0.006096,-0.023604,-0.024467,0.002821,0.029505,0.023651,-0.009520,-0.035009,-0.017027,0.021838,0.036945,0.009084,-0.028236,-0.033360,0.001519,0.035705,0.028523,-0.011911,-0.038085,-0.020352,0.020576,NaN,0.010814,-0.031619,-0.033975,0.000660,0.033702,0.029841,-0.009454,-0.038238,-0.021598,0.019065,0.034055,0.014941,-0.023991,-0.031128,-0.003413,0.026015,0.025446,-0.003852,-0.024656,-0.015735,0.009853,0.023048,0.008543,-0.012518,-0.016543,-0.003584,NaN,NaN,NaN,NaN,NaN
NaN,NaN,NaN,NaN,NaN,NaN,0.017963,-0.007618,-0.016365,0.021103,0.004558,-0.026432,0.008643,0.022585,-0.026700,-0.004831,0.030737,-0.017787,-0.023267,0.033561,0.003470,-0.033236,0.019661,0.022929,-0.036423,-0.005427,0.037450,-0.016648,-0.023978,0.035826,-0.003046,-0.037663,NaN,0.024734,-0.037588,0.001546,0.034712,-0.026123,-0.021281,0.032713,0.000415,-0.035491,0.025709,0.016405,-0.033602,0.009110,0.030777,-0.024339,-0.013111,0.029074,-0.007023,-0.021579,0.018423,0.009137,-0.023557,0.006115,0.014802,-0.015438,-0.003663,NaN,NaN,NaN,NaN,NaN
NaN,NaN,NaN,NaN,NaN,NaN,0.010916,0.020376,0.001623,-0.022216,-0.015312,0.013874,0.026787,0.003542,-0.028025,-0.020091,0.013927,0.033037,0.007549,-0.028076,-0.025552,0.014838,0.037487,0.007533,-0.032938,-0.027845,0.014648,0.038980,0.009223,-0.032160,-0.031471,0.010024,NaN,0.012395,-0.029300,-0.031242,0.011209,0.042373,0.012067,-0.029294,-0.031882,0.008321,0.036573,0.016639,-0.024055,-0.029532,0.005665,0.031141,0.015888,-0.021242,-0.026191,0.002666,0.023073,0.013664,-0.015053,-0.019494,0.001154,0.016476,0.010669,NaN,NaN,NaN,NaN,NaN
NaN,NaN,NaN,NaN,NaN,NaN,0.015705,0.014888,-0.008863,-0.024117,-0.006881,0.022757,0.021807,-0.007260,-0.031104,-0.013610,0.022770,0.032573,-0.002876,-0.033985,-0.019428,0.021919,0.035240,0.001383,-0.036380,-0.022994,0.019130,0.037106,0.006765,-0.032939,-0.030468,0.011855,NaN,0.012387,-0.028713,-0.032431,0.007492,0.039782,0.015935,-0.025513,-0.032216,0.003634,0.033688,0.022640,-0.017030,-0.033883,-0.003916,0.027600,0.024091,-0.011279,-0.030437,-0.005186,0.020910,0.022100,-0.005352,-0.020113,-0.009488,0.010583,0.016665,NaN,NaN,NaN,NaN,NaN
NaN,NaN,NaN,NaN,NaN,NaN,-0.016589,0.004569,0.016536,-0.021210,0.001838,0.024862,-0.021113,-0.009385,0.031061,-0.017981,-0.008908,0.035858,-0.016374,-0.016795,0.040227,-0.012904,-0.029159,0.033176,-0.002643,-0.033894,0.029690,0.009099,-0.036083,0.025229,0.011983,-0.038272,NaN,0.023881,-0.038814,0.011967,0.026320,-0.038410,0.001083,0.035377,-0.028590,-0.005132,0.033158,-0.025506,-0.009399,0.034436,-0.020373,-0.013993,0.030833,-0.010750,-0.017717,0.024232,-0.001499,-0.019368,0.019423,-0.000029,-0.017162,0.014459,0.002724,NaN,NaN,NaN,NaN,NaN
NaN,NaN,NaN,NaN,NaN,NaN,-0.019872,0.019581,-0.017118,0.017829,-0.008846,-0.000775,0.010133,-0.018721,0.024074,-0.029382,0.033582,-0.031136,0.026890,-0.020535,0.006280,0.004311,-0.013271,0.023461,-0.035936,0.039875,-0.038195,0.033582,-0.024034,0.019203,-0.003721,-0.005781,NaN,-0.027866,0.033340,-0.041195,0.036770,-0.033906,0.022197,-0.010532,0.000411,0.011846,-0.020454,0.028551,-0.033675,0.033200,-0.031820,0.021978,-0.016553,0.005892,0.004158,-0.012721,0.018956,-0.022278,0.021618,-0.019352,0.017457,-0.010029,0.006129,NaN,NaN,NaN,NaN,NaN
NaN,NaN,NaN,NaN,NaN,NaN,-0.004971,-0.020465,-0.012152,0.013176,0.024820,0.008599,-0.021487,-0.027556,-0.000664,0.030151,0.025675,-0.008568,-0.034325,-0.020506,0.017971,0.036352,0.012241,-0.026307,-0.035017,-0.001824,0.034341,0.029767,-0.006789,-0.036821,-0.024369,0.017801,NaN,0.012796,-0.026355,-0.034405,-0.003912,0.032786,0.031275,-0.005106,-0.036610,-0.024006,0.014104,0.035045,0.014033,-0.021021,-0.034815,-0.006234,0.023791,0.026541,-0.001881,-0.023923,-0.019015,0.007925,0.022135,0.011423,-0.010127,-0.017182,-0.003936,NaN,NaN,NaN,NaN,NaN
NaN,NaN,NaN,NaN,NaN,NaN,0.018121,-0.014476,0.008697,0.003012,-0.014945,0.022123,-0.027375,0.026995,-0.019275,0.006919,0.005999,-0.021258,0.030930,-0.034959,0.032952,-0.021138,0.004766,0.011986,-0.026420,0.035417,-0.037567,0.032067,-0.017848,0.002888,0.015043,-0.028513,NaN,-0.035373,0.029378,-0.019058,-0.001764,0.017867,-0.029442,0.037313,-0.035703,0.027181,-0.011734,-0.005691,0.018559,-0.028793,0.031606,-0.028971,0.018519,-0.007058,-0.008178,0.017810,-0.023653,0.024654,-0.019489,0.011955,-0.001919,-0.006312,0.013633,NaN,NaN,NaN,NaN,NaN
NaN,NaN,NaN,NaN,NaN,NaN,0.014326,-0.009246,0.001902,0.010659,-0.020836,0.027653,-0.026196,0.022903,-0.012295,-0.000801,0.013336,-0.025688,0.033816,-0.034796,0.026341,-0.013395,0.000391,0.017203,-0.030229,0.035582,-0.035191,0.029964,-0.014878,-0.004080,0.021016,-0.030304,NaN,-0.037104,0.028242,-0.014203,-0.002218,0.020042,-0.032647,0.036658,-0.035632,0.025342,-0.012139,-0.003391,0.016632,-0.028737,0.033812,-0.028710,0.019195,-0.009860,-0.005025,0.016824,-0.021689,0.023756,-0.021108,0.012370,-0.003558,-0.004367,0.008859,NaN,NaN,NaN,NaN,NaN
NaN,NaN,NaN,NaN,NaN,NaN,-0.014514,-0.017181,0.003453,0.022046,0.019043,-0.006718,-0.026571,-0.016544,0.013635,0.032436,0.016695,-0.017070,-0.031859,-0.010835,0.025100,0.033868,0.004009,-0.029857,-0.032363,0.004986,0.035686,0.027726,-0.010577,-0.040823,-0.026633,0.015740,NaN,0.015867,-0.024719,-0.038298,-0.008318,0.030804,0.034539,0.002501,-0.034134,-0.031809,0.003111,0.032713,0.028693,-0.006785,-0.030851,-0.019468,0.013556,0.031005,0.014954,-0.014396,-0.025635,-0.008519,0.015277,0.020008,0.004146,-0.013014,-0.013286,NaN,NaN,NaN,NaN,NaN
NaN,NaN,NaN,NaN,NaN,NaN,-0.016200,-0.004502,0.015991,0.022233,0.001729,-0.022273,-0.024911,0.000355,0.026798,0.027278,-0.004323,-0.030939,-0.027304,0.008335,0.035536,0.024160,-0.014953,-0.037038,-0.022079,0.020948,0.039584,0.015784,-0.023565,-0.038690,-0.012980,0.027161,NaN,0.008004,-0.030292,-0.036771,-0.001478,0.034665,0.031430,-0.001460,-0.034291,-0.030602,0.006099,0.034804,0.025529,-0.009652,-0.033089,-0.018944,0.011409,0.029084,0.015128,-0.012459,-0.025558,-0.010255,0.015224,0.021229,0.005961,-0.011576,-0.016109,NaN,NaN,NaN,NaN,NaN
NaN,NaN,NaN,NaN,NaN,NaN,0.005407,0.002194,-0.013172,0.018789,-0.025673,0.025758,-0.021578,0.012264,0.001427,-0.014677,0.024901,-0.032285,0.034360,-0.029737,0.016731,-0.004494,-0.013134,0.026805,-0.035765,0.037591,-0.033893,0.023920,-0.008938,-0.008954,0.024136,-0.032673,NaN,-0.036195,0.025990,-0.011109,-0.004991,0.017444,-0.031280,0.038388,-0.035773,0.028726,-0.014951,-0.000730,0.014491,-0.026971,0.031826,-0.031678,0.024685,-0.015363,0.001873,0.010011,-0.018815,0.024036,-0.022169,0.017529,-0.010676,0.003007,0.005080,NaN,NaN,NaN,NaN,NaN
NaN,NaN,NaN,NaN,NaN,NaN,0.007441,0.019970,0.005788,-0.020090,-0.019810,0.010103,0.026553,0.008584,-0.026301,-0.024545,0.010819,0.032590,0.009713,-0.031055,-0.026906,0.013337,0.036376,0.008391,-0.032135,-0.027645,0.014322,0.038537,0.008898,-0.032511,-0.028011,0.012620,NaN,0.008444,-0.030087,-0.030906,0.012499,0.038397,0.010188,-0.030379,-0.028752,0.013757,0.034995,0.011431,-0.029085,-0.027067,0.010540,0.031158,0.009247,-0.024292,-0.023509,0.007792,0.025080,0.007319,-0.018555,-0.016734,0.005531,0.017907,0.006841,NaN,NaN,NaN,NaN,NaN
NaN,NaN,NaN,NaN,NaN,NaN,-0.019913,-0.010614,0.011646,0.025603,0.008054,-0.017319,-0.026447,-0.006528,0.023091,0.029356,0.002717,-0.028212,-0.030570,0.003161,0.033309,0.030185,-0.009666,-0.035841,-0.025285,0.015624,0.038269,0.021137,-0.020400,-0.038691,-0.016106,0.026483,NaN,0.008726,-0.029689,-0.035617,-0.003649,0.032657,0.033357,-0.002046,-0.036116,-0.027983,0.006674,0.034783,0.023193,-0.011183,-0.034714,-0.018721,0.012835,0.029288,0.012826,-0.015575,-0.025892,-0.007275,0.017239,0.019857,0.004852,-0.014928,-0.013036,NaN,NaN,NaN,NaN,NaN
NaN,NaN,NaN,NaN,NaN,NaN,-0.003851,-0.019138,-0.013057,0.012021,0.024522,0.009893,-0.020090,-0.027319,-0.004227,0.026588,0.029385,-0.005857,-0.034706,-0.023283,0.014968,0.037346,0.015403,-0.023512,-0.037925,-0.005216,0.032488,0.031934,-0.004837,-0.037904,-0.027362,0.015125,NaN,0.016665,-0.022717,-0.039707,-0.007256,0.031226,0.033024,-0.003010,-0.034440,-0.024747,0.011921,0.035129,0.019290,-0.019835,-0.033957,-0.008775,0.021422,0.026229,-0.000716,-0.024598,-0.019711,0.005242,0.020925,0.013046,-0.009349,-0.016995,-0.006403,NaN,NaN,NaN,NaN,NaN
NaN,NaN,NaN,NaN,NaN,NaN,-0.019445,-0.008485,0.013374,0.022156,0.007216,-0.019288,-0.026699,-0.005271,0.024744,0.029158,0.001731,-0.029860,-0.030353,0.003141,0.034945,0.027593,-0.008001,-0.034649,-0.026113,0.012453,0.037474,0.022906,-0.018129,-0.039857,-0.019348,0.020171,NaN,0.013648,-0.026779,-0.037303,-0.008587,0.028089,0.034910,0.003766,-0.031354,-0.032153,-0.001350,0.030982,0.027966,-0.003916,-0.031862,-0.023626,0.006587,0.028002,0.018551,-0.008623,-0.024876,-0.015522,0.011412,0.020340,0.009875,-0.009344,-0.016157,NaN,NaN,NaN,NaN,NaN
NaN,NaN,NaN,NaN,NaN,NaN,-0.015889,0.014863,-0.010043,0.000450,0.006626,0.022604,-0.020936,0.000165,-0.008120,-0.058029,0.006857,0.018274,0.049073,-0.018311,0.042154,-0.021595,0.048035,0.035639,0.005144,-0.010238,-0.012514,0.049035,-0.025841,-0.007588,-0.035236,0.014839,NaN,0.012449,0.028186,0.021706,0.017297,-0.011975,0.039295,-0.018344,0.015843,-0.019273,0.000467,-0.031161,0.037385,0.028102,0.018369,0.057719,0.013221,0.037448,0.005817,0.010608,-0.040093,0.011429,0.009947,-0.042468,-0.001932,0.007632,0.006229,NaN,NaN,NaN,NaN,NaN
NaN,NaN,NaN,NaN,NaN,NaN,0.008079,0.022048,0.003727,-0.020316,-0.019925,0.011491,0.027748,0.005871,-0.026642,-0.022588,0.013031,0.035210,0.007838,-0.032188,-0.027835,0.013686,0.037263,0.006902,-0.033498,-0.027846,0.015743,0.039641,0.007692,-0.034496,-0.030060,0.011390,NaN,0.009028,-0.034084,-0.027641,0.016447,0.036559,0.008694,-0.029795,-0.026565,0.013298,0.034854,0.008682,-0.029636,-0.025854,0.011836,0.032097,0.009237,-0.025109,-0.021531,0.009372,0.025165,0.006962,-0.018365,-0.017466,0.006476,0.017732,0.004766,NaN,NaN,NaN,NaN,NaN
NaN,NaN,NaN,NaN,NaN,NaN,-0.017234,-0.016034,0.003482,0.025304,0.015783,-0.009904,-0.027673,-0.015667,0.014530,0.031615,0.016804,-0.018873,-0.033400,-0.009181,0.027635,0.034664,0.005786,-0.030540,-0.033616,0.002126,0.033295,0.031014,-0.007882,-0.036760,-0.029436,0.010573,NaN,0.020111,-0.019219,-0.038156,-0.016571,0.026397,0.036246,0.010548,-0.029429,-0.032938,-0.007629,0.026820,0.031328,0.000022,-0.030187,-0.025325,0.003355,0.027241,0.023231,-0.009619,-0.024123,-0.015194,0.009927,0.019370,0.009289,-0.008921,-0.015913,NaN,NaN,NaN,NaN,NaN
NaN,NaN,NaN,NaN,NaN,NaN,-0.014441,-0.018598,-0.001621,0.022193,0.020627,-0.003418,-0.026007,-0.020532,0.010355,0.032672,0.021006,-0.012709,-0.033960,-0.014517,0.023356,0.033477,0.009074,-0.029233,-0.037561,-0.000922,0.033589,0.031306,-0.005204,-0.037530,-0.027753,0.009450,NaN,0.022385,-0.017811,-0.039223,-0.013130,0.025718,0.036193,0.008300,-0.029932,-0.030679,-0.002395,0.030829,0.030914,-0.004348,-0.030364,-0.022700,0.009639,0.027484,0.016950,-0.013325,-0.024780,-0.012030,0.013389,0.020344,0.007152,-0.011223,-0.014965,NaN,NaN,NaN,NaN,NaN
NaN,NaN,NaN,NaN,NaN,NaN,0.012375,0.005267,-0.004920,-0.014758,-0.023638,-0.026083,-0.025349,-0.015346,-0.004080,0.011422,0.023099,0.033511,0.033751,0.028120,0.014403,0.000276,-0.016336,-0.031050,-0.038937,-0.035815,-0.025138,-0.010185,0.008553,0.024009,0.034826,0.036812,NaN,0.019782,0.005224,-0.013380,-0.029097,-0.036517,-0.038126,-0.030091,-0.017573,-0.000419,0.015549,0.028807,0.034430,0.033063,0.023641,0.011066,-0.002764,-0.019219,-0.024631,-0.025765,-0.023400,-0.016843,-0.005537,0.005526,0.012288,0.015419,0.015510,NaN,NaN,NaN,NaN,NaN
NaN,NaN,NaN,NaN,NaN,NaN,0.021510,0.003053,-0.015521,0.000914,-0.000214,0.017206,0.001163,-0.032110,0.000862,-0.012518,0.010824,-0.003639,-0.027181,-0.016584,0.019172,0.024454,-0.029768,-0.013153,-0.022233,0.047479,0.018469,-0.005017,-0.017074,-0.003437,0.016946,0.008077,NaN,-0.034250,-0.023138,0.024835,0.037464,-0.002501,-0.049516,-0.002837,0.014810,0.038209,-0.009609,-0.028472,-0.002303,0.029246,0.017616,0.007548,-0.017620,-0.012865,0.019839,0.031096,-0.015264,-0.020703,-0.002708,0.006810,0.011294,-0.000974,-0.004701,NaN,NaN,NaN,NaN,NaN
NaN,NaN,NaN,NaN,NaN,NaN,-0.012942,-0.019623,-0.001890,0.019685,0.022736,-0.002348,-0.024859,-0.022632,0.008086,0.032400,0.021181,-0.015914,-0.034962,-0.015959,0.023176,0.034239,0.005961,-0.029108,-0.034549,0.001121,0.034518,0.029447,-0.009068,-0.038438,-0.023951,0.013629,NaN,0.015720,-0.023336,-0.038855,-0.007337,0.031120,0.033668,0.000219,-0.033527,-0.027682,0.006910,0.033667,0.023751,-0.013597,-0.034722,-0.017726,0.016727,0.029349,0.008713,-0.019871,-0.023128,-0.003071,0.019795,0.017942,-0.001766,-0.015172,-0.011463,NaN,NaN,NaN,NaN,NaN
NaN,NaN,NaN,NaN,NaN,NaN,-0.010845,-0.020742,-0.005906,0.018191,0.022932,0.002106,-0.025377,-0.024647,0.004690,0.032391,0.024069,-0.012671,-0.033014,-0.015222,0.022663,0.035905,0.009143,-0.030694,-0.033988,0.004365,0.035926,0.026821,-0.009995,-0.037645,-0.026185,0.017561,NaN,0.012878,-0.027964,-0.037102,-0.006076,0.033306,0.030691,-0.004074,-0.036662,-0.023685,0.011023,0.034269,0.018424,-0.017262,-0.033492,-0.011020,0.022898,0.028283,0.003716,-0.023786,-0.020516,0.003875,0.021076,0.016177,-0.005634,-0.016830,-0.009558,NaN,NaN,NaN,NaN,NaN
NaN,NaN,NaN,NaN,NaN,NaN,-0.018038,-0.013183,0.008520,0.023981,0.013787,-0.011038,-0.028853,-0.014224,0.019322,0.031983,0.010829,-0.023949,-0.034413,-0.007382,0.029577,0.032678,0.000630,-0.032915,-0.032038,0.006783,0.036618,0.029037,-0.010173,-0.038202,-0.022939,0.017264,NaN,0.018179,-0.023603,-0.040172,-0.010762,0.026765,0.035614,0.007790,-0.030492,-0.032130,-0.000716,0.030588,0.028863,-0.004779,-0.031427,-0.023099,0.006880,0.028929,0.018510,-0.010486,-0.027268,-0.013974,0.012254,0.021348,0.008011,-0.011489,-0.017039,NaN,NaN,NaN,NaN,NaN
NaN,NaN,NaN,NaN,NaN,NaN,-0.006800,0.001752,0.013999,0.017592,0.027252,0.018847,0.017290,-0.001595,-0.009732,-0.031081,-0.033750,-0.029343,-0.020600,-0.004797,0.010365,0.025347,0.028476,0.041124,0.027786,0.017745,-0.003229,-0.016510,-0.037034,-0.038487,-0.030813,-0.017306,NaN,0.014849,0.027235,0.027900,0.043880,0.027709,0.012095,-0.004297,-0.024548,-0.031000,-0.039631,-0.028808,-0.014448,0.002739,0.014753,0.028162,0.027130,0.031206,0.016971,0.003694,-0.007359,-0.018701,-0.021276,-0.022692,-0.013191,-0.002649,0.004931,NaN,NaN,NaN,NaN,NaN
NaN,NaN,NaN,NaN,NaN,NaN,0.016999,0.013932,-0.010172,-0.023745,-0.005121,0.024807,0.019557,-0.009886,-0.029423,-0.010800,0.024619,0.030965,-0.005262,-0.035667,-0.017314,0.022181,0.033325,-0.001607,-0.038037,-0.021619,0.022043,0.037086,0.006185,-0.033924,-0.031611,0.014005,NaN,0.010039,-0.029554,-0.033295,0.010754,0.039334,0.014145,-0.027369,-0.030821,0.004805,0.036240,0.021092,-0.020442,-0.031189,-0.001052,0.027259,0.021019,-0.014638,-0.027592,-0.004784,0.020929,0.019563,-0.007323,-0.020050,-0.007668,0.012057,0.014125,NaN,NaN,NaN,NaN,NaN
NaN,NaN,NaN,NaN,NaN,NaN,-0.018553,-0.008460,0.014814,0.023773,0.007727,-0.021103,-0.027348,-0.005703,0.023627,0.030047,0.001266,-0.028941,-0.028472,0.002075,0.033488,0.027341,-0.006497,-0.036595,-0.025767,0.014198,0.039149,0.022737,-0.017576,-0.039014,-0.019348,0.019430,NaN,0.015306,-0.025542,-0.038409,-0.008650,0.029470,0.036564,0.006403,-0.030103,-0.032443,-0.000176,0.031597,0.029927,-0.003073,-0.028644,-0.023908,0.005480,0.027956,0.019891,-0.008706,-0.024859,-0.015243,0.011250,0.021180,0.009650,-0.008666,-0.016599,NaN,NaN,NaN,NaN,NaN
NaN,NaN,NaN,NaN,NaN,NaN,0.014361,-0.009243,0.000476,0.008548,-0.016604,0.027276,-0.028950,0.023782,-0.016700,0.006983,0.005428,-0.019723,0.030476,-0.035806,0.036264,-0.023318,0.017703,-0.002075,-0.018833,0.030821,-0.038099,0.038372,-0.029833,0.022191,-0.005078,-0.010912,NaN,-0.033703,0.033386,-0.039868,0.027047,-0.012013,-0.005365,0.019270,-0.031731,0.035049,-0.034105,0.031174,-0.016338,0.002274,0.011655,-0.021966,0.029942,-0.027117,0.026440,-0.014840,0.004857,0.006573,-0.013074,0.016284,-0.018260,0.016301,-0.012450,NaN,NaN,NaN,NaN,NaN
NaN,NaN,NaN,NaN,NaN,NaN,-0.013908,0.007669,-0.003061,-0.006273,0.015268,-0.020209,0.023657,-0.029586,0.030181,-0.025464,0.016388,-0.008978,-0.002671,0.015830,-0.025344,0.031390,-0.036950,0.036390,-0.031120,0.023575,-0.014915,0.001108,0.011647,-0.024968,0.032914,-0.035440,NaN,-0.036894,0.031441,-0.019520,0.006061,0.004926,-0.018370,0.026186,-0.034655,0.035299,-0.033534,0.028607,-0.020729,0.007678,0.002343,-0.012968,0.021570,-0.026998,0.028829,-0.025565,0.021431,-0.014834,0.008359,-0.000625,-0.007645,0.010220,-0.012980,NaN,NaN,NaN,NaN,NaN
NaN,NaN,NaN,NaN,NaN,NaN,-0.017171,0.019225,-0.012067,0.010842,-0.003119,-0.006626,0.016489,-0.022671,0.027604,-0.030781,0.032513,-0.030584,0.024719,-0.016477,0.005779,0.003971,-0.014277,0.021363,-0.036844,0.039399,-0.039397,0.034445,-0.027158,0.022567,-0.012721,-0.001546,NaN,-0.020431,0.027682,-0.038985,0.036457,-0.039799,0.031615,-0.022851,0.011875,-0.001293,-0.010811,0.018613,-0.026663,0.028481,-0.036040,0.028738,-0.027823,0.019421,-0.012802,0.003001,0.006015,-0.013059,0.017705,-0.017051,0.018357,-0.016181,0.014745,NaN,NaN,NaN,NaN,NaN
NaN,NaN,NaN,NaN,NaN,NaN,-0.014365,-0.017647,-0.000319,0.022130,0.020117,-0.003276,-0.025861,-0.019965,0.010533,0.033046,0.019909,-0.015267,-0.033479,-0.013935,0.021611,0.033384,0.008493,-0.027414,-0.035937,-0.001040,0.034804,0.031170,-0.005597,-0.037601,-0.029462,0.008859,NaN,0.018319,-0.019312,-0.038153,-0.013913,0.026727,0.034740,0.007417,-0.031272,-0.033405,-0.002774,0.028849,0.028961,-0.004073,-0.032331,-0.021027,0.009181,0.029638,0.017966,-0.011355,-0.024384,-0.010671,0.014541,0.020213,0.006578,-0.011690,-0.014751,NaN,NaN,NaN,NaN,NaN
NaN,NaN,NaN,NaN,NaN,NaN,0.009055,0.020045,0.004130,-0.022052,-0.018952,0.011855,0.027136,0.003758,-0.026181,-0.022557,0.013624,0.032800,0.007168,-0.033379,-0.025038,0.016132,0.036830,0.007262,-0.034216,-0.027304,0.017176,0.036294,0.005301,-0.034133,-0.028818,0.016444,NaN,0.004073,-0.034447,-0.026116,0.015699,0.039281,0.005425,-0.034278,-0.027562,0.017651,0.034903,0.007076,-0.030596,-0.024501,0.013992,0.031677,0.008139,-0.025130,-0.022098,0.010075,0.025426,0.005771,-0.019555,-0.016177,0.006040,0.017443,0.005252,NaN,NaN,NaN,NaN,NaN
NaN,NaN,NaN,NaN,NaN,NaN,-0.013971,-0.018120,0.002783,0.023050,0.018040,-0.008187,-0.026869,-0.017589,0.012941,0.032451,0.019421,-0.017345,-0.033987,-0.014951,0.023785,0.034205,0.008193,-0.028056,-0.034871,-0.000915,0.031863,0.031462,-0.005016,-0.036025,-0.031011,0.005945,NaN,0.024338,-0.016484,-0.040065,-0.019388,0.021890,0.038301,0.014319,-0.025791,-0.032742,-0.008916,0.023892,0.033143,0.003724,-0.029055,-0.027335,0.002151,0.026600,0.024262,-0.005585,-0.023904,-0.018706,0.007661,0.020128,0.012499,-0.006505,-0.016503,NaN,NaN,NaN,NaN,NaN
NaN,NaN,NaN,NaN,NaN,NaN,-0.017892,-0.012269,0.007349,0.023540,0.012197,-0.015384,-0.029039,-0.010854,0.019585,0.030705,0.009189,-0.026000,-0.033309,-0.005185,0.032538,0.030608,-0.001188,-0.033532,-0.030481,0.009644,0.036811,0.024654,-0.014172,-0.038457,-0.020889,0.020909,NaN,0.014919,-0.025649,-0.036894,-0.010751,0.031516,0.037033,0.003334,-0.032880,-0.031564,0.001906,0.031587,0.027103,-0.005950,-0.031818,-0.021004,0.009321,0.030495,0.015543,-0.013088,-0.025705,-0.011893,0.013528,0.020669,0.007159,-0.012763,-0.014532,NaN,NaN,NaN,NaN,NaN
NaN,NaN,NaN,NaN,NaN,NaN,-0.002164,-0.007124,-0.017527,-0.018030,-0.027945,-0.023326,-0.026702,-0.019685,-0.015554,0.001116,0.012023,0.021700,0.027108,0.031478,0.026885,0.043149,0.028440,0.025037,0.008465,0.003517,-0.013558,-0.018556,-0.040142,-0.039536,-0.034464,-0.029030,NaN,-0.014353,-0.014506,-0.000282,0.019484,0.024753,0.031176,0.037643,0.035836,0.032943,0.025072,0.010859,-0.000638,-0.011484,-0.016347,-0.024306,-0.022306,-0.036979,-0.025769,-0.021025,-0.016720,-0.004933,-0.001280,0.011461,0.014741,0.016252,0.013371,NaN,NaN,NaN,NaN,NaN
NaN,NaN,NaN,NaN,NaN,NaN,0.016079,-0.013966,0.005469,0.005503,-0.015338,0.023962,-0.028594,0.026306,-0.018373,0.006003,0.008080,-0.022569,0.031556,-0.036318,0.032407,-0.019681,0.006743,0.010333,-0.026993,0.035002,-0.038947,0.032878,-0.020860,0.004518,0.011375,-0.024388,NaN,-0.038708,0.034464,-0.020788,0.005888,0.011090,-0.027795,0.034333,-0.037741,0.030389,-0.020384,0.003061,0.012810,-0.025826,0.032283,-0.031283,0.023262,-0.013459,0.000339,0.010645,-0.019595,0.023294,-0.023154,0.016476,-0.007867,-0.001169,0.007823,NaN,NaN,NaN,NaN,NaN
NaN,NaN,NaN,NaN,NaN,NaN,-0.018297,0.019835,-0.013881,0.012693,-0.005128,-0.003873,0.014233,-0.021633,0.027636,-0.030436,0.033078,-0.028909,0.022780,-0.013177,0.002070,0.012212,-0.022171,0.026630,-0.038060,0.039457,-0.036312,0.029698,-0.020719,0.012882,0.002391,-0.013348,NaN,-0.032230,0.034253,-0.042052,0.035939,-0.028796,0.017346,-0.005023,-0.007791,0.018378,-0.025615,0.031600,-0.034082,0.034702,-0.029125,0.018072,-0.012734,0.002168,0.011231,-0.017375,0.019649,-0.023159,0.023653,-0.017841,0.015537,-0.008018,0.002879,NaN,NaN,NaN,NaN,NaN
NaN,NaN,NaN,NaN,NaN,NaN,-0.018356,0.017774,-0.013353,0.012635,-0.003724,-0.008132,0.016071,-0.023374,0.027157,-0.030730,0.034067,-0.033078,0.025482,-0.019564,0.007568,0.003747,-0.014154,0.021417,-0.037874,0.039099,-0.038402,0.036032,-0.027141,0.023976,-0.011011,0.000535,NaN,-0.021925,0.030062,-0.039742,0.036194,-0.041236,0.032746,-0.023291,0.011397,0.000382,-0.009040,0.016668,-0.027865,0.032623,-0.036483,0.030326,-0.028080,0.021167,-0.012515,0.001989,0.005744,-0.012716,0.016385,-0.018393,0.021496,-0.017221,0.014988,NaN,NaN,NaN,NaN,NaN
NaN,NaN,NaN,NaN,NaN,NaN,-0.005515,-0.020413,-0.012108,0.012636,0.025685,0.008815,-0.021253,-0.027615,-0.001763,0.027552,0.029637,-0.003176,-0.031908,-0.025080,0.014129,0.035789,0.017147,-0.021946,-0.039582,-0.009019,0.031881,0.034446,0.002155,-0.034929,-0.031880,0.006915,NaN,0.021693,-0.015870,-0.038590,-0.015475,0.025919,0.035824,0.007851,-0.030318,-0.031536,0.000569,0.031193,0.026120,-0.008448,-0.033490,-0.018844,0.016805,0.030950,0.011314,-0.017993,-0.024441,-0.003694,0.020312,0.017727,0.001195,-0.016074,-0.012183,NaN,NaN,NaN,NaN,NaN
NaN,NaN,NaN,NaN,NaN,NaN,0.003759,0.020944,0.008477,-0.017917,-0.022598,0.006920,0.027543,0.010647,-0.023527,-0.025152,0.010813,0.033384,0.009411,-0.031360,-0.028862,0.013682,0.037311,0.008868,-0.031512,-0.028533,0.016364,0.038895,0.005744,-0.034246,-0.026728,0.016484,NaN,0.006306,-0.034439,-0.027064,0.017961,0.038301,0.003986,-0.035320,-0.024845,0.019956,0.033706,0.002086,-0.033484,-0.021809,0.017692,0.031556,0.002186,-0.028668,-0.018099,0.015222,0.024097,0.001735,-0.021805,-0.012019,0.011541,0.017342,-0.000414,NaN,NaN,NaN,NaN,NaN
NaN,NaN,NaN,NaN,NaN,NaN,-0.017370,-0.016041,0.005897,0.023502,0.016443,-0.011711,-0.027459,-0.015454,0.016426,0.032209,0.013288,-0.019035,-0.034231,-0.010244,0.026549,0.031218,0.004063,-0.031095,-0.032304,0.003349,0.035485,0.029182,-0.007630,-0.038246,-0.025208,0.012782,NaN,0.020374,-0.020790,-0.038686,-0.015061,0.025570,0.035785,0.009140,-0.028693,-0.033021,-0.004986,0.028607,0.031504,0.000987,-0.032300,-0.023780,0.003571,0.027784,0.021337,-0.008846,-0.025197,-0.016070,0.009977,0.022323,0.009575,-0.007795,-0.015867,NaN,NaN,NaN,NaN,NaN
NaN,NaN,NaN,NaN,NaN,NaN,0.012262,0.020063,-0.000109,-0.022477,-0.015402,0.016902,0.027290,0.001202,-0.029559,-0.018378,0.019456,0.034135,0.001881,-0.034542,-0.022530,0.018819,0.037316,0.003685,-0.034780,-0.026530,0.018818,0.040773,0.006682,-0.035510,-0.029538,0.014880,NaN,0.009679,-0.033347,-0.028047,0.014904,0.041119,0.009056,-0.032247,-0.030331,0.011412,0.036953,0.011818,-0.027913,-0.029611,0.008703,0.032707,0.013010,-0.023679,-0.026121,0.004355,0.024599,0.011694,-0.014847,-0.019634,0.001617,0.017009,0.009191,NaN,NaN,NaN,NaN,NaN
NaN,NaN,NaN,NaN,NaN,NaN,-0.014918,0.000348,0.019294,-0.018152,-0.004972,0.027206,-0.014931,-0.013973,0.029982,-0.012072,-0.017912,0.033734,-0.006095,-0.025413,0.035273,0.000693,-0.034029,0.029834,0.009487,-0.037400,0.020688,0.020107,-0.037164,0.020170,0.025710,-0.038129,NaN,0.031756,-0.033352,-0.000132,0.032855,-0.030455,-0.007473,0.037570,-0.024186,-0.016680,0.035051,-0.019285,-0.018160,0.033701,-0.012294,-0.020476,0.030350,-0.003253,-0.023351,0.022268,0.003111,-0.023075,0.014899,0.005616,-0.018450,0.011478,0.006244,NaN,NaN,NaN,NaN,NaN
NaN,NaN,NaN,NaN,NaN,NaN,0.020227,-0.008612,0.000266,-0.034550,-0.017451,-0.001733,-0.002043,0.021838,-0.008989,0.017108,0.031450,0.052249,0.003838,0.001675,0.010933,-0.009396,-0.003444,-0.011501,0.004172,-0.054381,-0.004168,-0.016462,-0.013803,-0.020179,-0.009943,-0.003157,NaN,0.018367,-0.030594,0.015869,0.006149,0.027209,-0.009354,0.027015,-0.002157,-0.014379,0.019798,-0.026349,0.059925,0.011879,0.031525,0.045290,0.021356,0.039702,0.029011,0.012612,-0.044957,0.025975,-0.008746,-0.024417,0.000133,0.014502,0.006982,NaN,NaN,NaN,NaN,NaN
NaN,NaN,NaN,NaN,NaN,NaN,-0.003408,-0.000172,-0.008328,-0.004132,-0.003595,0.018804,-0.022099,-0.000854,-0.009359,-0.058010,-0.027240,-0.029181,0.032753,-0.004753,0.010319,-0.004748,0.009095,0.014270,-0.008118,0.053219,0.007137,-0.006129,0.025598,0.013304,0.030995,-0.010097,NaN,-0.018113,-0.029083,-0.017806,-0.018714,0.023462,-0.050839,0.041754,-0.013723,0.003356,0.023164,0.005685,0.062261,-0.012377,0.011107,0.040228,0.012401,0.041707,0.019230,0.019914,-0.046639,0.023909,-0.006009,-0.039982,-0.008662,-0.002079,0.015231,NaN,NaN,NaN,NaN,NaN
NaN,NaN,NaN,NaN,NaN,NaN,0.010948,0.020714,0.000103,-0.024380,-0.016906,0.014416,0.026395,0.002404,-0.029694,-0.021944,0.015485,0.033438,0.005445,-0.030503,-0.026978,0.014588,0.037197,0.007309,-0.033641,-0.028152,0.017252,0.039131,0.010122,-0.034810,-0.031231,0.012429,NaN,0.011808,-0.033553,-0.032020,0.010796,0.039775,0.012595,-0.030169,-0.031214,0.010420,0.035931,0.015768,-0.025642,-0.029381,0.005850,0.031733,0.016256,-0.022033,-0.027205,0.003442,0.025385,0.013831,-0.014495,-0.021152,0.000337,0.016056,0.009650,NaN,NaN,NaN,NaN,NaN
NaN,NaN,NaN,NaN,NaN,NaN,0.008838,0.000130,-0.011821,-0.021943,-0.027367,-0.027017,-0.020619,-0.010091,0.002748,0.021149,0.030553,0.035366,0.035252,0.025075,0.009069,-0.006181,-0.022234,-0.037747,-0.042286,-0.037136,-0.025806,-0.006960,0.010922,0.030511,0.039079,0.040363,NaN,0.020038,0.004852,-0.012097,-0.032109,-0.040413,-0.041141,-0.033652,-0.019924,-0.002295,0.017251,0.030004,0.037524,0.035426,0.027231,0.015697,-0.000411,-0.015418,-0.024512,-0.028656,-0.027526,-0.019987,-0.009472,0.001700,0.010975,0.014760,0.016010,NaN,NaN,NaN,NaN,NaN
NaN,NaN,NaN,NaN,NaN,NaN,0.007077,-0.018853,-0.009692,0.017673,0.018681,0.014580,-0.017583,-0.040096,0.022553,0.014665,0.017005,-0.007400,-0.014846,0.013126,0.042692,0.003168,-0.045960,-0.030580,-0.020946,0.063107,0.016467,-0.035221,-0.016760,0.003247,0.018477,-0.001461,NaN,-0.031703,-0.012645,0.029126,0.032076,-0.008127,-0.052193,0.005235,0.022896,0.031863,-0.014010,-0.026109,0.001580,0.033492,0.015902,0.003415,-0.022591,-0.010712,0.020457,0.029015,-0.012693,-0.019626,-0.001150,0.004195,0.009093,-0.003597,-0.006620,NaN,NaN,NaN,NaN,NaN
NaN,NaN,NaN,NaN,NaN,NaN,-0.002608,0.005710,0.010427,0.019199,0.025511,0.028106,0.029242,0.024815,0.018211,0.010926,0.000630,-0.010879,-0.022744,-0.029570,-0.034541,-0.037495,-0.036294,-0.030078,-0.022171,-0.010357,0.003655,0.015851,0.026872,0.036714,0.039873,0.039463,NaN,0.028356,0.017114,0.008297,-0.007576,-0.018680,-0.027798,-0.034665,-0.038511,-0.036158,-0.033830,-0.025380,-0.014383,-0.001815,0.006372,0.016393,0.024337,0.028314,0.028709,0.026689,0.021970,0.015518,0.007314,0.002507,-0.004510,-0.009385,-0.012088,NaN,NaN,NaN,NaN,NaN
NaN,NaN,NaN,NaN,NaN,NaN,-0.018914,-0.004762,0.016252,0.022886,0.002849,-0.022291,-0.023906,-0.001411,0.025890,0.028424,-0.000139,-0.029793,-0.029604,0.005299,0.035775,0.027668,-0.009690,-0.036002,-0.025930,0.013906,0.038046,0.024400,-0.016619,-0.040042,-0.019192,0.019434,NaN,0.014831,-0.023965,-0.037733,-0.014605,0.025660,0.037396,0.010422,-0.027899,-0.034456,-0.007647,0.026747,0.032102,0.004035,-0.027770,-0.028081,-0.002260,0.027099,0.023741,-0.002509,-0.023642,-0.019355,0.003713,0.020289,0.013485,-0.004490,-0.014966,NaN,NaN,NaN,NaN,NaN
NaN,NaN,NaN,NaN,NaN,NaN,-0.015882,-0.004363,0.016198,0.022821,0.002393,-0.021619,-0.024550,0.000429,0.026037,0.028473,-0.002332,-0.030088,-0.028129,0.005150,0.034779,0.027093,-0.008150,-0.034457,-0.025907,0.012741,0.038629,0.021460,-0.016520,-0.040443,-0.020361,0.017528,NaN,0.017000,-0.022749,-0.039822,-0.013376,0.028380,0.037857,0.009780,-0.030454,-0.033211,-0.008955,0.028607,0.032490,0.002708,-0.029144,-0.027770,0.000507,0.026193,0.025735,-0.002614,-0.022920,-0.019341,0.005860,0.018586,0.014484,-0.002291,-0.015459,NaN,NaN,NaN,NaN,NaN
NaN,NaN,NaN,NaN,NaN,NaN,-0.017683,-0.014802,0.008207,0.024663,0.013842,-0.012582,-0.028028,-0.013701,0.020232,0.031202,0.010405,-0.023302,-0.032280,-0.005103,0.029751,0.030461,0.000188,-0.033884,-0.032231,0.006581,0.035489,0.028280,-0.011124,-0.039122,-0.021998,0.015798,NaN,0.014232,-0.022413,-0.039019,-0.011273,0.029287,0.036102,0.006368,-0.030185,-0.032472,0.000005,0.029552,0.029095,-0.004144,-0.029701,-0.024129,0.009164,0.028661,0.018550,-0.009983,-0.026014,-0.012756,0.012269,0.020781,0.008152,-0.009867,-0.015346,NaN,NaN,NaN,NaN,NaN
NaN,NaN,NaN,NaN,NaN,NaN,0.008471,0.020055,0.004706,-0.021420,-0.019614,0.010859,0.028731,0.007357,-0.025421,-0.023213,0.010860,0.034293,0.008578,-0.030512,-0.027996,0.014955,0.037376,0.010469,-0.033670,-0.028461,0.014303,0.039645,0.008933,-0.034824,-0.028857,0.014395,NaN,0.006885,-0.033459,-0.030151,0.016185,0.040555,0.007751,-0.032905,-0.027734,0.015512,0.035593,0.007983,-0.029078,-0.026137,0.011587,0.031816,0.009634,-0.024795,-0.023547,0.008571,0.025999,0.006527,-0.019517,-0.018163,0.005555,0.017315,0.005975,NaN,NaN,NaN,NaN,NaN
NaN,NaN,NaN,NaN,NaN,NaN,-0.016387,0.012541,-0.006326,-0.000403,0.010973,-0.017093,0.022834,-0.029889,0.031473,-0.028683,0.021169,-0.011954,0.001458,0.009971,-0.021469,0.030337,-0.033251,0.037923,-0.034857,0.030658,-0.020664,0.008439,0.005727,-0.017702,0.027717,-0.035168,NaN,-0.037431,0.036380,-0.022298,0.013217,-0.001649,-0.011667,0.024599,-0.032839,0.034893,-0.036231,0.031124,-0.025460,0.013782,-0.003012,-0.008512,0.017600,-0.024123,0.026413,-0.025981,0.024089,-0.017795,0.011402,-0.003556,-0.004842,0.007807,-0.013359,NaN,NaN,NaN,NaN,NaN
NaN,NaN,NaN,NaN,NaN,NaN,0.007504,-0.015900,-0.019547,0.004137,0.023983,0.016483,-0.021582,-0.026414,-0.000762,0.028610,0.028515,-0.006983,-0.032060,-0.012102,0.032495,0.026282,-0.013769,-0.033043,-0.017835,0.030914,0.031202,-0.004405,-0.035673,-0.028555,0.012963,0.034972,NaN,-0.033939,-0.025434,0.015749,0.036062,0.016009,-0.034276,-0.029792,0.010258,0.033440,0.016829,-0.020015,-0.036059,-0.005827,0.031229,0.019497,-0.019013,-0.028296,-0.004949,0.025350,0.015934,-0.011112,-0.022119,-0.007136,0.014962,0.016874,0.000603,NaN,NaN,NaN,NaN,NaN
NaN,NaN,NaN,NaN,NaN,NaN,0.006950,0.022233,0.005698,-0.020004,-0.021359,0.010110,0.029044,0.008682,-0.025692,-0.025898,0.010155,0.033920,0.010905,-0.029478,-0.026921,0.011872,0.035889,0.012281,-0.031537,-0.028968,0.013344,0.040670,0.011719,-0.031512,-0.031564,0.012395,NaN,0.011428,-0.032497,-0.030298,0.012623,0.039117,0.010974,-0.032767,-0.030331,0.011627,0.034881,0.012532,-0.029283,-0.028143,0.011114,0.032158,0.012088,-0.024209,-0.022193,0.007316,0.024552,0.009606,-0.017347,-0.017384,0.006108,0.017450,0.005582,NaN,NaN,NaN,NaN,NaN
NaN,NaN,NaN,NaN,NaN,NaN,-0.019036,-0.006362,0.015610,0.022727,0.004866,-0.020801,-0.024795,-0.004130,0.025496,0.030404,-0.000083,-0.029230,-0.029912,0.003092,0.032277,0.028712,-0.007236,-0.032600,-0.027460,0.011299,0.039647,0.026537,-0.012670,-0.040220,-0.021208,0.016890,NaN,0.018109,-0.022324,-0.039797,-0.014879,0.026085,0.039120,0.012244,-0.026493,-0.035858,-0.007835,0.025703,0.033564,0.004855,-0.027997,-0.029862,-0.002634,0.025485,0.024906,-0.000448,-0.022197,-0.018314,0.001905,0.019264,0.014357,-0.001789,-0.014341,NaN,NaN,NaN,NaN,NaN
NaN,NaN,NaN,NaN,NaN,NaN,-0.018912,-0.010492,0.012625,0.025106,0.011062,-0.016736,-0.027239,-0.008424,0.021189,0.032890,0.005554,-0.025197,-0.032652,-0.000480,0.033318,0.030279,-0.003658,-0.036164,-0.030035,0.008680,0.039151,0.026675,-0.013003,-0.039437,-0.023290,0.016975,NaN,0.019443,-0.022962,-0.038506,-0.013384,0.025175,0.037689,0.008873,-0.028956,-0.034414,-0.003837,0.029010,0.030666,0.000675,-0.030142,-0.026568,0.002316,0.027649,0.020920,-0.004483,-0.024724,-0.016362,0.007760,0.021360,0.013407,-0.006424,-0.015147,NaN,NaN,NaN,NaN,NaN
NaN,NaN,NaN,NaN,NaN,NaN,0.011013,-0.004282,-0.007182,0.015462,-0.024171,0.027448,-0.025975,0.018348,-0.006172,-0.007708,0.021554,-0.031738,0.034452,-0.030852,0.024871,-0.008462,-0.007811,0.021670,-0.032804,0.039252,-0.037331,0.028359,-0.011303,-0.005420,0.021323,-0.031771,NaN,-0.037348,0.030242,-0.013408,-0.003932,0.017896,-0.031003,0.037068,-0.036794,0.028220,-0.014484,-0.001982,0.016541,-0.029175,0.033150,-0.033186,0.020655,-0.012896,-0.001896,0.012393,-0.021390,0.024107,-0.024013,0.016224,-0.007234,0.000178,0.006650,NaN,NaN,NaN,NaN,NaN
NaN,NaN,NaN,NaN,NaN,NaN,0.015210,0.017941,-0.005428,-0.024842,-0.011009,0.019490,0.026220,-0.004083,-0.029910,-0.017880,0.021224,0.032900,0.001339,-0.033396,-0.022369,0.018241,0.037498,0.003934,-0.036714,-0.026204,0.018913,0.040157,0.006446,-0.035366,-0.031520,0.012943,NaN,0.010828,-0.035033,-0.033411,0.010356,0.040225,0.014923,-0.030196,-0.032324,0.006733,0.036716,0.018230,-0.023708,-0.031159,0.002004,0.030842,0.019242,-0.019692,-0.028266,-0.001241,0.022515,0.018110,-0.010226,-0.021893,-0.002082,0.015419,0.013042,NaN,NaN,NaN,NaN,NaN
NaN,NaN,NaN,NaN,NaN,NaN,-0.015692,0.014539,-0.008404,0.004798,0.002438,-0.014410,0.021684,-0.027849,0.029412,-0.030066,0.031612,-0.025061,0.017759,-0.008268,-0.004416,0.012258,-0.023483,0.028912,-0.040901,0.039696,-0.036036,0.031733,-0.018914,0.014014,0.000674,-0.012314,NaN,-0.030019,0.031240,-0.043656,0.035923,-0.034917,0.026005,-0.012987,0.000891,0.007866,-0.018773,0.024797,-0.031918,0.032925,-0.035559,0.024935,-0.024341,0.013950,-0.002805,-0.005860,0.012620,-0.018996,0.019244,-0.018228,0.020680,-0.015897,0.011100,NaN,NaN,NaN,NaN,NaN
NaN,NaN,NaN,NaN,NaN,NaN,0.010462,0.019682,0.001460,-0.023811,-0.017264,0.016073,0.026546,0.003526,-0.027878,-0.022774,0.013399,0.033958,0.008944,-0.030185,-0.026709,0.013765,0.037731,0.008348,-0.033440,-0.028750,0.014485,0.040951,0.009188,-0.031404,-0.032212,0.010504,NaN,0.009933,-0.031210,-0.032524,0.009771,0.037988,0.014022,-0.030470,-0.031909,0.009533,0.035855,0.017794,-0.024910,-0.031237,0.005528,0.030781,0.014930,-0.019448,-0.026294,0.002011,0.024412,0.014776,-0.013278,-0.020560,-0.000534,0.015814,0.011970,NaN,NaN,NaN,NaN,NaN
NaN,NaN,NaN,NaN,NaN,NaN,-0.010991,-0.006205,0.001993,0.011344,0.018994,0.025816,0.030536,0.031500,0.027334,0.020968,0.012164,0.000140,-0.011952,-0.025201,-0.033128,-0.039280,-0.038719,-0.038018,-0.027094,-0.017937,-0.003048,0.012476,0.026231,0.036687,0.040635,0.040237,NaN,0.029810,0.020471,0.005267,-0.008860,-0.023646,-0.034175,-0.039141,-0.041610,-0.036965,-0.030756,-0.020983,-0.007378,0.005886,0.016188,0.025694,0.028388,0.033782,0.029946,0.024130,0.016449,0.008257,-0.000780,-0.008793,-0.015524,-0.016497,-0.015454,NaN,NaN,NaN,NaN,NaN
NaN,NaN,NaN,NaN,NaN,NaN,-0.009636,-0.021026,-0.007677,0.016847,0.024962,0.004763,-0.024380,-0.024854,0.001804,0.030558,0.026418,-0.007374,-0.033240,-0.021240,0.017866,0.036567,0.014673,-0.022757,-0.037639,-0.007094,0.030624,0.035026,0.000012,-0.037021,-0.032800,0.005563,NaN,0.023403,-0.016060,-0.040631,-0.016387,0.027086,0.036393,0.009690,-0.030783,-0.034052,-0.004579,0.030327,0.028448,-0.004387,-0.032235,-0.022131,0.008975,0.029533,0.017232,-0.013612,-0.025157,-0.009046,0.014569,0.021401,0.004346,-0.013956,-0.014296,NaN,NaN,NaN,NaN,NaN
NaN,NaN,NaN,NaN,NaN,NaN,-0.006507,-0.020194,-0.009316,0.015249,0.024292,0.006119,-0.022978,-0.026664,-0.000271,0.031021,0.027135,-0.006707,-0.033858,-0.019248,0.019263,0.037970,0.014246,-0.025443,-0.035037,-0.003542,0.031795,0.032916,-0.003484,-0.036923,-0.027605,0.014067,NaN,0.018481,-0.023314,-0.037767,-0.009755,0.030665,0.033565,0.002230,-0.033276,-0.027933,0.006858,0.032796,0.023848,-0.014725,-0.032148,-0.015946,0.017808,0.029616,0.006354,-0.020457,-0.023120,-0.000582,0.019811,0.016811,-0.003734,-0.017277,-0.010084,NaN,NaN,NaN,NaN,NaN
NaN,NaN,NaN,NaN,NaN,NaN,-0.013045,-0.018341,-0.001223,0.021293,0.021854,-0.002170,-0.027414,-0.021883,0.009356,0.031563,0.021648,-0.014251,-0.034821,-0.015260,0.020524,0.036064,0.009338,-0.026180,-0.036300,-0.001722,0.033482,0.030491,-0.002838,-0.037485,-0.029801,0.007861,NaN,0.020750,-0.016455,-0.039468,-0.015771,0.023676,0.037718,0.009125,-0.028348,-0.033987,-0.003985,0.029126,0.031323,-0.001604,-0.030760,-0.024719,0.007654,0.028919,0.019051,-0.012210,-0.026148,-0.011391,0.012575,0.019847,0.006634,-0.011679,-0.015481,NaN,NaN,NaN,NaN,NaN
NaN,NaN,NaN,NaN,NaN,NaN,-0.003780,0.002609,0.010712,0.015932,0.024104,0.027232,0.028350,0.027384,0.021774,0.013110,0.003799,-0.005923,-0.018324,-0.027839,-0.032792,-0.037094,-0.034764,-0.030325,-0.024173,-0.014021,0.000537,0.009838,0.024146,0.033480,0.037312,0.039696,NaN,0.031082,0.021312,0.009217,-0.003413,-0.014476,-0.026131,-0.032970,-0.039274,-0.034793,-0.033160,-0.026923,-0.016948,-0.004819,0.005710,0.012644,0.020435,0.028240,0.028164,0.026813,0.021794,0.018787,0.011419,0.001735,-0.003333,-0.008575,-0.011926,NaN,NaN,NaN,NaN,NaN
NaN,NaN,NaN,NaN,NaN,NaN,0.003573,0.019774,0.009666,-0.019086,-0.022499,0.006831,0.028692,0.011536,-0.025531,-0.026631,0.008196,0.034029,0.010443,-0.031600,-0.029854,0.012670,0.036144,0.009754,-0.032882,-0.028397,0.015423,0.039266,0.007986,-0.032268,-0.028356,0.016551,NaN,0.006422,-0.034188,-0.026009,0.018526,0.038298,0.005328,-0.035900,-0.027730,0.017823,0.036455,0.004935,-0.031898,-0.023517,0.016436,0.031654,0.001289,-0.028198,-0.016860,0.016432,0.026302,0.001939,-0.020860,-0.013528,0.011762,0.016691,0.001735,NaN,NaN,NaN,NaN,NaN
NaN,NaN,NaN,NaN,NaN,NaN,-0.012342,-0.019346,-0.002753,0.019199,0.022782,-0.002150,-0.026817,-0.021663,0.007320,0.031749,0.022754,-0.013423,-0.034210,-0.016533,0.021278,0.035328,0.011487,-0.027510,-0.037722,-0.003127,0.032641,0.034024,-0.002972,-0.035884,-0.029374,0.008517,NaN,0.021953,-0.014301,-0.040571,-0.017818,0.023053,0.037017,0.012606,-0.028598,-0.034720,-0.006620,0.026488,0.031487,-0.000096,-0.030357,-0.027022,0.005324,0.028960,0.019239,-0.010722,-0.024968,-0.011491,0.012436,0.020279,0.006957,-0.009513,-0.015350,NaN,NaN,NaN,NaN,NaN
NaN,NaN,NaN,NaN,NaN,NaN,0.014635,0.019270,-0.003752,-0.023009,-0.011346,0.018396,0.025634,-0.001325,-0.029694,-0.019232,0.018438,0.033645,0.003400,-0.031820,-0.023141,0.017061,0.037234,0.006447,-0.035432,-0.028220,0.015971,0.038681,0.009067,-0.033942,-0.032576,0.010452,NaN,0.012801,-0.029459,-0.032770,0.006849,0.038523,0.015220,-0.027594,-0.033423,0.006060,0.034569,0.019516,-0.020807,-0.032311,-0.001928,0.029746,0.021026,-0.015375,-0.027728,-0.003603,0.022551,0.016960,-0.010381,-0.021710,-0.004936,0.013963,0.012999,NaN,NaN,NaN,NaN,NaN
NaN,NaN,NaN,NaN,NaN,NaN,0.004946,0.010314,0.019037,0.021675,0.027864,0.027029,0.024889,0.020249,0.012468,0.003434,-0.006413,-0.018146,-0.027455,-0.035433,-0.036572,-0.039824,-0.033249,-0.028547,-0.014932,-0.005222,0.009119,0.019404,0.032046,0.038669,0.040792,0.039071,NaN,0.027477,0.016882,0.004752,-0.007650,-0.020244,-0.029792,-0.034701,-0.041767,-0.037281,-0.034435,-0.026373,-0.017177,-0.005352,0.006559,0.013562,0.020939,0.029350,0.027991,0.029056,0.024074,0.019597,0.011223,0.004209,-0.001136,-0.006892,-0.010317,NaN,NaN,NaN,NaN,NaN
NaN,NaN,NaN,NaN,NaN,NaN,0.012442,0.006522,-0.005737,-0.016800,-0.024520,-0.028418,-0.027710,-0.016752,-0.004753,0.012425,0.024952,0.035134,0.036688,0.028968,0.015536,-0.000029,-0.017749,-0.032849,-0.040565,-0.038821,-0.027020,-0.011797,0.008934,0.027589,0.036926,0.040204,NaN,0.022642,0.004560,-0.014874,-0.028257,-0.038674,-0.037348,-0.032688,-0.014298,-0.000277,0.016546,0.030733,0.037154,0.032985,0.025182,0.012200,-0.002181,-0.019263,-0.024394,-0.025672,-0.023476,-0.016056,-0.006775,0.006132,0.014198,0.017105,0.016842,NaN,NaN,NaN,NaN,NaN
NaN,NaN,NaN,NaN,NaN,NaN,-0.003769,-0.017321,-0.009396,-0.023440,-0.028015,0.018541,0.018070,-0.008179,0.000900,0.011199,0.020329,0.029070,0.032247,0.028437,-0.003480,-0.009620,-0.032176,-0.027033,-0.048469,-0.021755,0.023550,-0.014934,0.006692,0.027079,-0.033472,0.039178,NaN,-0.033657,-0.010962,0.002432,-0.024104,0.016853,-0.041345,-0.039411,-0.021578,0.016549,0.007651,-0.004402,-0.017705,-0.027965,-0.034741,0.033237,0.028910,-0.019795,-0.007642,-0.004442,0.014574,-0.019190,0.019985,-0.018316,-0.010220,-0.002202,0.007152,NaN,NaN,NaN,NaN,NaN
NaN,NaN,NaN,NaN,NaN,NaN,0.009690,-0.000953,-0.007964,0.016365,-0.025013,0.027634,-0.024837,0.015993,-0.004393,-0.008993,0.022265,-0.030945,0.034070,-0.029753,0.020468,-0.005168,-0.010403,0.025917,-0.033518,0.038284,-0.034864,0.025199,-0.009042,-0.009259,0.024008,-0.033883,NaN,-0.036025,0.026246,-0.009682,-0.008373,0.022353,-0.033770,0.038425,-0.035785,0.026152,-0.009321,-0.005723,0.019836,-0.030450,0.033623,-0.030244,0.020987,-0.008733,-0.004349,0.014318,-0.022578,0.023826,-0.022295,0.015491,-0.005702,-0.002414,0.007868,NaN,NaN,NaN,NaN,NaN
NaN,NaN,NaN,NaN,NaN,NaN,0.004719,0.010126,0.019181,0.022571,0.026181,0.026495,0.024974,0.019176,0.011278,0.002592,-0.006609,-0.016635,-0.028421,-0.033467,-0.034088,-0.038176,-0.031874,-0.024071,-0.012335,-0.003519,0.011594,0.020520,0.031649,0.036535,0.038324,0.038678,NaN,0.024817,0.014558,0.002383,-0.010687,-0.019485,-0.031916,-0.036331,-0.038315,-0.037213,-0.033521,-0.025385,-0.015355,-0.004130,0.007308,0.014866,0.021109,0.028629,0.028020,0.026330,0.022338,0.017302,0.010558,0.004364,-0.002293,-0.006881,-0.011757,NaN,NaN,NaN,NaN,NaN
NaN,NaN,NaN,NaN,NaN,NaN,-0.017944,0.019085,-0.014764,0.011153,-0.004238,-0.007775,0.015272,-0.025028,0.026655,-0.030046,0.033263,-0.028857,0.024524,-0.015422,0.003197,0.007454,-0.018120,0.024254,-0.038448,0.040678,-0.038172,0.033462,-0.022896,0.019122,-0.005085,-0.010253,NaN,-0.028115,0.032383,-0.042249,0.036341,-0.037210,0.024234,-0.012496,0.001194,0.011170,-0.018585,0.026969,-0.034215,0.034616,-0.034956,0.022653,-0.020012,0.010681,-0.000984,-0.010277,0.016920,-0.019415,0.020623,-0.019181,0.018572,-0.013716,0.009953,NaN,NaN,NaN,NaN,NaN
NaN,NaN,NaN,NaN,NaN,NaN,-0.007557,-0.021265,-0.010300,0.015704,0.024285,0.003021,-0.022573,-0.025525,0.004448,0.030691,0.022595,-0.012668,-0.034544,-0.016792,0.024093,0.035009,0.009090,-0.030094,-0.035346,0.002796,0.035886,0.028692,-0.013186,-0.040634,-0.019753,0.022158,NaN,0.008068,-0.030589,-0.033851,0.000760,0.034773,0.027176,-0.010391,-0.037013,-0.019268,0.018859,0.035150,0.011529,-0.024724,-0.032462,-0.000545,0.026154,0.025092,-0.004887,-0.025601,-0.016872,0.010148,0.021953,0.007394,-0.013457,-0.016952,-0.003161,NaN,NaN,NaN,NaN,NaN
NaN,NaN,NaN,NaN,NaN,NaN,0.008976,0.014658,0.018880,0.025561,0.026108,0.026384,0.022676,0.016830,0.009627,-0.003412,-0.011546,-0.020714,-0.028852,-0.035542,-0.037798,-0.036314,-0.033029,-0.025789,-0.012641,-0.002160,0.009426,0.020080,0.030095,0.037619,0.040136,0.039981,NaN,0.025189,0.018070,0.006973,-0.005303,-0.017636,-0.028390,-0.034926,-0.037635,-0.038026,-0.034388,-0.028344,-0.018510,-0.012431,0.000841,0.009557,0.016668,0.024240,0.026111,0.027274,0.026028,0.022540,0.015589,0.008598,0.002355,-0.002196,-0.004956,NaN,NaN,NaN,NaN,NaN
NaN,NaN,NaN,NaN,NaN,NaN,0.005197,0.011866,0.017107,0.022368,0.026481,0.024923,0.024633,0.018427,0.011527,0.004004,-0.007151,-0.017034,-0.025308,-0.030986,-0.034143,-0.038974,-0.032085,-0.027666,-0.018289,-0.009948,0.005781,0.014278,0.027053,0.034739,0.036876,0.038505,NaN,0.029955,0.021776,0.009391,0.001366,-0.011674,-0.023525,-0.032157,-0.036475,-0.035148,-0.035681,-0.031353,-0.022153,-0.014579,-0.003895,0.004610,0.011911,0.021536,0.023393,0.027735,0.025805,0.023208,0.017773,0.011314,0.005808,0.000644,-0.003747,NaN,NaN,NaN,NaN,NaN
NaN,NaN,NaN,NaN,NaN,NaN,-0.013837,-0.019834,-0.003310,0.022655,0.022061,-0.002984,-0.027334,-0.022786,0.008565,0.032395,0.023599,-0.012933,-0.035695,-0.016088,0.025083,0.036174,0.008346,-0.029343,-0.036257,0.002437,0.035503,0.030622,-0.010638,-0.039187,-0.027163,0.014892,NaN,0.016688,-0.023825,-0.040985,-0.009664,0.033869,0.033909,0.002056,-0.034817,-0.030009,0.005678,0.035808,0.027356,-0.010930,-0.035237,-0.016229,0.017611,0.030571,0.011610,-0.018371,-0.023931,-0.003476,0.017972,0.019030,0.000249,-0.016060,-0.013011,NaN,NaN,NaN,NaN,NaN
NaN,NaN,NaN,NaN,NaN,NaN,0.007322,0.021826,0.004932,-0.022518,-0.020013,0.012635,0.027621,0.006124,-0.028902,-0.022643,0.015423,0.035141,0.006020,-0.032012,-0.026210,0.018940,0.038593,0.004527,-0.037783,-0.025584,0.022130,0.037372,0.000625,-0.039045,-0.026580,0.023823,NaN,-0.000834,-0.038311,-0.021688,0.025119,0.037883,-0.001976,-0.038943,-0.020135,0.023898,0.034032,-0.001863,-0.034896,-0.017598,0.022194,0.031163,-0.002462,-0.030880,-0.015636,0.018836,0.023308,-0.004640,-0.022738,-0.010064,0.014935,0.015983,-0.002227,NaN,NaN,NaN,NaN,NaN
NaN,NaN,NaN,NaN,NaN,NaN,-0.008971,-0.001461,0.004351,0.012688,0.019953,0.025471,0.028999,0.029355,0.025130,0.018140,0.010789,-0.003563,-0.015279,-0.025996,-0.031946,-0.038826,-0.038109,-0.034569,-0.026542,-0.016317,-0.003298,0.010542,0.024306,0.031615,0.038072,0.040214,NaN,0.031586,0.022466,0.009291,-0.005677,-0.017809,-0.028088,-0.035079,-0.039566,-0.036106,-0.033518,-0.024139,-0.013509,-0.002462,0.009830,0.020121,0.023760,0.031074,0.029063,0.026879,0.021092,0.014084,0.005812,-0.000935,-0.007899,-0.012320,-0.013845,NaN,NaN,NaN,NaN,NaN
NaN,NaN,NaN,NaN,NaN,NaN,0.004412,0.009566,0.015561,0.020093,0.027621,0.026971,0.025971,0.021774,0.016136,0.006947,-0.004726,-0.014951,-0.024560,-0.031032,-0.036780,-0.039935,-0.034429,-0.028051,-0.017678,-0.009124,0.005209,0.018087,0.028508,0.037541,0.041348,0.039288,NaN,0.027986,0.018840,0.006347,-0.006004,-0.016226,-0.027677,-0.034858,-0.039453,-0.036788,-0.036234,-0.028499,-0.016943,-0.006992,0.003192,0.013911,0.018659,0.025871,0.026962,0.029394,0.024558,0.020091,0.012978,0.007612,-0.000625,-0.005417,-0.009105,NaN,NaN,NaN,NaN,NaN
NaN,NaN,NaN,NaN,NaN,NaN,-0.019405,-0.013625,0.008883,0.024113,0.012603,-0.016856,-0.028126,-0.010116,0.020160,0.030330,0.006580,-0.025765,-0.031725,-0.002635,0.033489,0.030487,-0.003774,-0.034306,-0.027774,0.010779,0.038837,0.024149,-0.015842,-0.041460,-0.022908,0.018999,NaN,0.012703,-0.024065,-0.039203,-0.005945,0.029629,0.035368,0.001330,-0.033181,-0.030084,0.001982,0.033504,0.027802,-0.007316,-0.033274,-0.020191,0.011140,0.029814,0.016032,-0.013284,-0.025508,-0.010690,0.013160,0.021318,0.006183,-0.012261,-0.015166,NaN,NaN,NaN,NaN,NaN
NaN,NaN,NaN,NaN,NaN,NaN,0.018590,0.019516,0.014695,0.005039,-0.006342,-0.019966,-0.028706,-0.028739,-0.022629,-0.014491,0.002742,0.017358,0.033186,0.037699,0.033813,0.021894,0.003351,-0.014203,-0.031162,-0.039885,-0.039638,-0.028325,-0.014156,0.006324,0.025862,0.036702,NaN,0.035136,0.019302,0.001792,-0.017262,-0.032186,-0.040619,-0.036747,-0.026766,-0.009168,0.008317,0.023585,0.034068,0.036092,0.029481,0.014980,-0.000455,-0.015192,-0.024846,-0.027663,-0.024594,-0.015840,-0.003657,0.005642,0.011998,0.016373,0.016560,NaN,NaN,NaN,NaN,NaN
NaN,NaN,NaN,NaN,NaN,NaN,0.009136,0.015441,0.021690,0.024791,0.026887,0.026966,0.022954,0.015362,0.007793,-0.000972,-0.012172,-0.022269,-0.031082,-0.035937,-0.038112,-0.037484,-0.030732,-0.024640,-0.014104,-0.004144,0.010435,0.020494,0.031027,0.038672,0.043525,0.042326,NaN,0.027387,0.019966,0.005428,-0.005649,-0.017911,-0.029610,-0.036376,-0.038722,-0.037756,-0.035641,-0.029427,-0.021021,-0.010416,-0.002601,0.009971,0.016982,0.024786,0.027692,0.027875,0.025779,0.022415,0.018440,0.009793,0.002870,-0.002204,-0.006654,NaN,NaN,NaN,NaN,NaN
NaN,NaN,NaN,NaN,NaN,NaN,-0.001774,0.005666,0.012147,0.019504,0.024803,0.028303,0.029203,0.024933,0.019874,0.013094,0.002207,-0.010405,-0.022504,-0.032443,-0.035569,-0.039362,-0.037279,-0.032326,-0.021096,-0.012075,0.004757,0.015969,0.028227,0.036939,0.043060,0.040977,NaN,0.029746,0.020121,0.006513,-0.007934,-0.018219,-0.029005,-0.036065,-0.040141,-0.038835,-0.033608,-0.026513,-0.015078,-0.002813,0.008838,0.017852,0.022817,0.030878,0.030745,0.027778,0.024222,0.015883,0.008832,0.002175,-0.005663,-0.010364,-0.012752,NaN,NaN,NaN,NaN,NaN
NaN,NaN,NaN,NaN,NaN,NaN,0.004602,0.012072,0.017990,0.022662,0.028688,0.027811,0.024745,0.021331,0.010959,0.003218,-0.007990,-0.018666,-0.028990,-0.035608,-0.038066,-0.040287,-0.035715,-0.026373,-0.014434,-0.005756,0.009044,0.020841,0.033154,0.039552,0.041295,0.039149,NaN,0.025082,0.017589,0.005432,-0.008043,-0.021708,-0.031925,-0.039430,-0.040243,-0.039042,-0.035843,-0.028093,-0.017193,-0.005333,0.006077,0.015193,0.023528,0.030101,0.029628,0.028700,0.024222,0.019088,0.012113,0.004328,-0.003056,-0.008367,-0.011127,NaN,NaN,NaN,NaN,NaN
NaN,NaN,NaN,NaN,NaN,NaN,0.014939,0.019582,0.024129,0.024010,0.025632,0.020317,0.015760,0.005479,-0.000543,-0.011716,-0.021561,-0.028504,-0.037310,-0.037279,-0.036003,-0.034565,-0.026930,-0.014922,-0.005218,0.004009,0.019234,0.027303,0.037724,0.043154,0.040043,0.038107,NaN,0.023570,0.013559,0.002135,-0.009668,-0.019381,-0.031066,-0.036356,-0.041144,-0.038686,-0.036903,-0.030338,-0.022248,-0.011362,0.000479,0.008880,0.015999,0.024818,0.026633,0.029167,0.025906,0.023691,0.017846,0.012656,0.004359,-0.000268,-0.005214,NaN,NaN,NaN,NaN,NaN
NaN,NaN,NaN,NaN,NaN,NaN,-0.011609,-0.019657,-0.005512,0.019884,0.024488,0.000629,-0.026914,-0.024093,0.007471,0.032774,0.021659,-0.014608,-0.036617,-0.014620,0.024635,0.035482,0.006686,-0.030933,-0.034109,0.001830,0.037621,0.027960,-0.011062,-0.040449,-0.022813,0.018749,NaN,0.011487,-0.026682,-0.039857,-0.000915,0.034766,0.032259,-0.007126,-0.037614,-0.023585,0.012662,0.035712,0.018123,-0.019621,-0.034527,-0.008707,0.024635,0.027960,0.002299,-0.024617,-0.021065,0.004547,0.021382,0.013692,-0.005959,-0.017327,-0.007328,NaN,NaN,NaN,NaN,NaN
NaN,NaN,NaN,NaN,NaN,NaN,0.010730,-0.020187,0.022401,-0.020555,0.012747,0.000946,-0.013475,0.024917,-0.029033,0.027549,-0.020236,0.006295,0.009977,-0.024814,0.037289,-0.034430,0.029996,-0.014661,-0.003822,0.023329,-0.035956,0.038692,-0.030564,0.022100,-0.004552,-0.016976,NaN,-0.036068,0.033072,-0.032353,0.011106,0.011005,-0.025868,0.036104,-0.037899,0.028786,-0.013525,-0.001006,0.018661,-0.028424,0.034740,-0.027925,0.018118,-0.005003,-0.011298,0.021030,-0.024985,0.023036,-0.015218,0.005030,0.003452,-0.011925,0.015689,NaN,NaN,NaN,NaN,NaN
NaN,NaN,NaN,NaN,NaN,NaN,0.006172,-0.001279,-0.013261,-0.020558,-0.027353,-0.025739,-0.021635,-0.008916,0.003924,0.021172,0.030320,0.035834,0.034534,0.024103,0.007474,-0.009348,-0.023433,-0.037616,-0.039384,-0.035450,-0.021796,-0.005675,0.013231,0.030811,0.039466,0.037746,NaN,0.019192,0.002089,-0.016715,-0.030806,-0.040019,-0.037733,-0.032864,-0.016278,0.000417,0.019550,0.031082,0.036490,0.035086,0.025796,0.012358,-0.000717,-0.017108,-0.022394,-0.027794,-0.026099,-0.017605,-0.007773,0.002964,0.011073,0.016594,0.017341,NaN,NaN,NaN,NaN,NaN
NaN,NaN,NaN,NaN,NaN,NaN,-0.017139,0.018317,-0.013326,0.009812,-0.001065,-0.007715,0.017605,-0.024920,0.028686,-0.029813,0.032550,-0.027363,0.020881,-0.012878,0.001613,0.011239,-0.020969,0.027374,-0.040487,0.039201,-0.037310,0.029450,-0.021202,0.015060,-0.002999,-0.010629,NaN,-0.030254,0.036102,-0.041753,0.035319,-0.033789,0.022309,-0.009510,-0.001680,0.013132,-0.021572,0.031206,-0.032660,0.034069,-0.033274,0.022396,-0.018446,0.009190,0.003305,-0.012077,0.016013,-0.020870,0.021347,-0.020193,0.019564,-0.011458,0.008334,NaN,NaN,NaN,NaN,NaN
NaN,NaN,NaN,NaN,NaN,NaN,0.013055,0.018869,-0.002369,-0.024225,-0.013860,0.016911,0.027056,-0.001363,-0.029481,-0.019622,0.020228,0.033760,0.002688,-0.033688,-0.021805,0.020781,0.037261,0.001333,-0.034532,-0.025221,0.017929,0.039041,0.005118,-0.036978,-0.028617,0.017466,NaN,0.006041,-0.034891,-0.029615,0.014850,0.040996,0.008678,-0.034093,-0.029846,0.013933,0.035721,0.012341,-0.028075,-0.029125,0.010312,0.031783,0.012416,-0.023384,-0.025534,0.006952,0.025508,0.010664,-0.016574,-0.019460,0.003967,0.017082,0.008864,NaN,NaN,NaN,NaN,NaN
NaN,NaN,NaN,NaN,NaN,NaN,0.000676,-0.015990,0.013801,0.008955,-0.025560,0.006288,0.024539,-0.023496,-0.007233,0.032429,-0.008607,-0.027538,0.029671,0.014786,-0.032190,0.012925,0.024724,-0.034553,-0.008588,0.039283,-0.024112,-0.020102,0.035224,0.006048,-0.035437,0.021927,NaN,-0.033913,0.000455,0.035025,-0.025624,-0.020823,0.041338,-0.013531,-0.029223,0.028072,0.015443,-0.033590,0.007735,0.030078,-0.023978,-0.010233,0.029069,-0.010149,-0.021176,0.026901,-0.000808,-0.021403,0.012633,0.014642,-0.018372,0.000593,0.015188,NaN,NaN,NaN,NaN,NaN
NaN,NaN,NaN,NaN,NaN,NaN,-0.009942,0.016347,0.008917,-0.018293,-0.012351,-0.018563,0.022084,0.033872,-0.025673,-0.004415,-0.014737,0.003051,0.023718,0.006383,-0.035007,-0.009229,0.046669,0.012689,0.014270,-0.060238,-0.005105,0.017259,0.016148,0.007294,-0.015448,-0.010915,NaN,0.046264,0.015609,-0.031854,-0.024748,0.006623,0.044974,0.006774,-0.018095,-0.038578,0.001259,0.030522,0.019339,-0.020351,-0.031491,-0.015251,0.018618,0.024474,-0.012102,-0.029985,0.004028,0.010721,0.016251,0.004564,-0.009333,-0.003742,0.009645,NaN,NaN,NaN,NaN,NaN
NaN,NaN,NaN,NaN,NaN,NaN,-0.013867,0.011221,-0.005044,-0.000465,0.009539,-0.017062,0.024575,-0.028754,0.029353,-0.027123,0.022348,-0.012893,0.002383,0.009418,-0.019823,0.030230,-0.033851,0.038935,-0.035590,0.028386,-0.018296,0.007649,0.006779,-0.017293,0.028226,-0.035662,NaN,-0.034812,0.032382,-0.023282,0.010416,0.000671,-0.012836,0.023114,-0.032811,0.037404,-0.034930,0.031176,-0.025962,0.016819,-0.001071,-0.007992,0.016460,-0.023759,0.025728,-0.026525,0.023713,-0.016751,0.013082,-0.003739,-0.003614,0.008526,-0.011721,NaN,NaN,NaN,NaN,NaN
NaN,NaN,NaN,NaN,NaN,NaN,0.011802,0.019558,-0.001266,-0.022147,-0.015248,0.017478,0.027086,0.000501,-0.028286,-0.017209,0.018466,0.032905,0.000917,-0.031410,-0.023708,0.019215,0.036756,0.003928,-0.034339,-0.026287,0.017731,0.038658,0.006890,-0.037546,-0.028914,0.015693,NaN,0.007918,-0.033847,-0.029094,0.015278,0.037516,0.008719,-0.033377,-0.031269,0.013166,0.035093,0.011195,-0.028810,-0.028036,0.009928,0.031079,0.010883,-0.022277,-0.025433,0.004723,0.025332,0.011965,-0.015334,-0.019048,0.003140,0.016506,0.007171,NaN,NaN,NaN,NaN,NaN
NaN,NaN,NaN,NaN,NaN,NaN,-0.018803,-0.003260,0.016883,0.023242,0.002247,-0.022727,-0.024896,-0.000597,0.026469,0.027690,-0.003878,-0.030872,-0.028520,0.005570,0.036103,0.026453,-0.010695,-0.036385,-0.026007,0.014779,0.038401,0.023007,-0.016862,-0.038546,-0.018832,0.021828,NaN,0.014189,-0.026385,-0.038580,-0.011360,0.028778,0.036264,0.007215,-0.031694,-0.034518,-0.005578,0.027643,0.031890,0.002838,-0.030799,-0.025886,0.001218,0.027553,0.022663,-0.004340,-0.022737,-0.019035,0.005695,0.020176,0.014353,-0.003596,-0.013844,NaN,NaN,NaN,NaN,NaN
NaN,NaN,NaN,NaN,NaN,NaN,-0.018078,0.015799,-0.009388,0.006949,0.001107,-0.012799,0.019487,-0.025629,0.028526,-0.032202,0.032691,-0.025953,0.021029,-0.013081,0.000413,0.009331,-0.020311,0.024992,-0.040602,0.039241,-0.037521,0.032623,-0.021285,0.020251,-0.004755,-0.006881,NaN,-0.025430,0.032027,-0.039513,0.035751,-0.037920,0.026801,-0.015443,0.005440,0.006916,-0.014668,0.021925,-0.029008,0.033037,-0.034065,0.027296,-0.024857,0.015758,-0.007490,-0.003098,0.011267,-0.017065,0.018987,-0.020084,0.021680,-0.016359,0.013058,NaN,NaN,NaN,NaN,NaN
NaN,NaN,NaN,NaN,NaN,NaN,0.016960,-0.013240,0.004622,0.006174,-0.017310,0.023014,-0.029574,0.026087,-0.017429,0.005718,0.009208,-0.022339,0.032490,-0.036534,0.031359,-0.021464,0.006878,0.010468,-0.026459,0.035747,-0.037754,0.034171,-0.021154,0.005806,0.013287,-0.027270,NaN,-0.037497,0.034756,-0.020865,0.005262,0.013598,-0.026220,0.036026,-0.038115,0.029941,-0.017413,0.001204,0.012828,-0.025857,0.031881,-0.030781,0.025266,-0.015180,-0.001298,0.011619,-0.020885,0.024128,-0.022283,0.016429,-0.006530,-0.002080,0.006924,NaN,NaN,NaN,NaN,NaN
NaN,NaN,NaN,NaN,NaN,NaN,-0.014656,-0.017399,-0.000784,0.021612,0.021049,-0.005321,-0.028609,-0.019360,0.009565,0.033129,0.019233,-0.016025,-0.034573,-0.014514,0.024446,0.034510,0.006522,-0.029081,-0.035081,0.001137,0.033952,0.028829,-0.007476,-0.036955,-0.026105,0.013610,NaN,0.020115,-0.022065,-0.039074,-0.012748,0.026449,0.037272,0.004902,-0.030228,-0.032268,-0.001213,0.031947,0.029892,-0.004397,-0.033034,-0.023385,0.010397,0.030098,0.017172,-0.011828,-0.026026,-0.010565,0.014460,0.021179,0.006490,-0.011667,-0.015867,NaN,NaN,NaN,NaN,NaN
NaN,NaN,NaN,NaN,NaN,NaN,0.017398,0.004128,-0.021027,0.011703,0.017727,-0.023062,-0.007707,0.028534,-0.011630,-0.023388,0.029881,0.003572,-0.032651,0.021967,0.027765,-0.032001,-0.004143,0.033229,-0.018052,-0.027555,0.030070,0.012731,-0.037012,0.020509,0.024521,-0.036764,NaN,0.038820,-0.017470,-0.026180,0.029587,0.001879,-0.032832,0.006872,0.033519,-0.036223,-0.002687,0.035385,-0.018295,-0.019080,0.034829,0.002297,-0.031001,0.014472,0.016553,-0.021554,-0.005088,0.024972,-0.009346,-0.013258,0.018292,-0.001334,-0.015484,NaN,NaN,NaN,NaN,NaN
NaN,NaN,NaN,NaN,NaN,NaN,-0.015857,0.012271,-0.008502,-0.000317,0.009010,-0.017551,0.023656,-0.027317,0.030018,-0.029868,0.022915,-0.015864,0.003880,0.008546,-0.019415,0.028159,-0.033492,0.038148,-0.035812,0.031476,-0.020587,0.010080,0.002842,-0.015979,0.025559,-0.033894,NaN,-0.037735,0.035716,-0.026380,0.014703,-0.003545,-0.009859,0.018892,-0.029503,0.034875,-0.037956,0.032039,-0.027157,0.015661,-0.005464,-0.006767,0.015514,-0.023520,0.026273,-0.027170,0.024011,-0.018402,0.012349,-0.006292,-0.002028,0.006157,-0.011134,NaN,NaN,NaN,NaN,NaN
