NaN,NaN,NaN,NaN,NaN,NaN,-0.000381,-0.000841,-0.000044,0.000717,0.001965,-0.000701,-0.000375,-0.000836,0.000164,0.001167,-0.001590,0.000222,-0.001042,-0.000217,-0.001002,-0.000284,0.000805,-0.000662,-0.001073,0.000911,0.001172,-0.000820,0.000557,0.000288,-0.001491,-0.000983,NaN,-0.000381,-0.001211,-0.002819,0.000599,0.001007,-0.001361,-0.000760,0.000908,0.002492,-0.000084,0.000760,-0.001239,0.001152,0.000847,0.000843,0.000362,-0.001083,-0.001325,0.000357,0.001220,-0.001355,-0.000505,-0.001591,-0.000641,0.000092,-0.000305,NaN,NaN,NaN,NaN,NaN
NaN,NaN,NaN,NaN,NaN,NaN,0.000247,0.000807,-0.001633,-0.000568,0.000042,0.000781,0.000652,0.000659,0.001129,0.000856,-0.001451,0.000642,-0.000792,-0.001163,-0.000832,-0.000105,-0.000587,-0.001179,-0.000441,0.000105,-0.001763,0.000674,0.001063,0.000646,0.000299,0.000135,NaN,0.001809,0.000645,-0.000599,0.001296,-0.000844,0.003945,-0.001220,-0.000670,0.000032,-0.001218,0.000266,-0.000652,-0.000408,-0.001522,0.000342,0.000933,0.001322,0.000223,-0.000523,0.000459,0.000254,-0.000210,-0.000133,0.001568,0.000372,0.000982,NaN,NaN,NaN,NaN,NaN
NaN,NaN,NaN,NaN,NaN,NaN,NaN,NaN,NaN,NaN,NaN,NaN,NaN,NaN,NaN,NaN,NaN,NaN,NaN,NaN,NaN,NaN,NaN,NaN,NaN,NaN,NaN,NaN,NaN,NaN,NaN,NaN,NaN,NaN,NaN,NaN,NaN,NaN,NaN,NaN,NaN,NaN,NaN,NaN,NaN,NaN,NaN,NaN,NaN,NaN,NaN,NaN,NaN,NaN,NaN,NaN,NaN,NaN,NaN,NaN,NaN,NaN,NaN,NaN
NaN,NaN,NaN,NaN,NaN,NaN,NaN,NaN,NaN,NaN,NaN,NaN,NaN,NaN,NaN,NaN,NaN,NaN,NaN,NaN,NaN,NaN,NaN,NaN,NaN,NaN,NaN,NaN,NaN,NaN,NaN,NaN,NaN,NaN,NaN,NaN,NaN,NaN,NaN,NaN,NaN,NaN,NaN,NaN,NaN,NaN,NaN,NaN,NaN,NaN,NaN,NaN,NaN,NaN,NaN,NaN,NaN,NaN,NaN,NaN,NaN,NaN,NaN,NaN
NaN,NaN,NaN,NaN,NaN,NaN,0.019322,0.022144,0.023452,0.021122,0.016202,0.008507,-0.002425,-0.015060,-0.023258,-0.032584,-0.039243,-0.038185,-0.033075,-0.023686,-0.010900,0.000422,0.016799,0.031361,0.038971,0.045096,0.045123,0.036779,0.030183,0.014297,0.000505,-0.016477,NaN,-0.039842,-0.043697,-0.044186,-0.040986,-0.029168,-0.016715,-0.002787,0.011991,0.024853,0.036994,0.039706,0.039260,0.033725,0.025308,0.014394,0.002600,-0.007569,-0.020092,-0.025305,-0.028723,-0.026034,-0.023245,-0.016144,-0.008067,-0.001022,0.004747,NaN,NaN,NaN,NaN,NaN
NaN,NaN,NaN,NaN,NaN,NaN,0.012236,0.019892,0.022817,0.025440,0.023579,0.017620,0.007306,-0.002134,-0.014095,-0.025828,-0.034220,-0.040399,-0.038303,-0.033881,-0.021821,-0.010222,0.003065,0.018010,0.032231,0.040686,0.045863,0.043755,0.036692,0.024403,0.008962,-0.007678,NaN,-0.034942,-0.040020,-0.044848,-0.042742,-0.034590,-0.020221,-0.007629,0.008331,0.022376,0.034397,0.040457,0.039066,0.032887,0.025914,0.016187,0.003566,-0.007948,-0.018434,-0.023094,-0.028467,-0.026383,-0.022276,-0.016643,-0.008645,-0.000445,0.005487,NaN,NaN,NaN,NaN,NaN
NaN,NaN,NaN,NaN,NaN,NaN,0.014813,0.019370,0.026451,0.024512,0.018426,0.013544,0.003432,-0.011035,-0.020137,-0.033836,-0.036596,-0.039225,-0.034057,-0.025720,-0.012763,0.002239,0.017668,0.032101,0.039556,0.045232,0.042232,0.034910,0.024633,0.007552,-0.010550,-0.024695,NaN,-0.043318,-0.046562,-0.040531,-0.033647,-0.015735,-0.001030,0.015099,0.027684,0.036693,0.042930,0.040701,0.031593,0.020110,0.008307,-0.003445,-0.014776,-0.025454,-0.028594,-0.029456,-0.026539,-0.020132,-0.010448,-0.004077,0.006179,0.009887,0.013430,NaN,NaN,NaN,NaN,NaN
NaN,NaN,NaN,NaN,NaN,NaN,0.020381,0.018993,0.016318,0.012088,0.004516,-0.006299,-0.015311,-0.024124,-0.030764,-0.035750,-0.037633,-0.034382,-0.026649,-0.016322,-0.004426,0.007796,0.020690,0.034597,0.041454,0.044264,0.045489,0.040104,0.031635,0.019498,0.005930,-0.009959,NaN,-0.035686,-0.041280,-0.043378,-0.044968,-0.038862,-0.030110,-0.016398,-0.005029,0.010706,0.021380,0.031106,0.035250,0.038424,0.036147,0.031456,0.022127,0.011904,0.002228,-0.006730,-0.016262,-0.019918,-0.021658,-0.021753,-0.021192,-0.017206,-0.011063,NaN,NaN,NaN,NaN,NaN
NaN,NaN,NaN,NaN,NaN,NaN,0.020538,0.019803,0.019511,0.014590,0.007682,-0.002452,-0.012127,-0.021865,-0.029340,-0.035505,-0.037289,-0.035607,-0.027163,-0.017962,-0.004896,0.007349,0.020410,0.033293,0.039902,0.043327,0.043672,0.038521,0.029492,0.016714,0.001958,-0.014685,NaN,-0.036040,-0.044220,-0.043689,-0.044530,-0.032255,-0.023631,-0.009735,0.004733,0.015537,0.028049,0.036055,0.039100,0.037318,0.032121,0.026671,0.016034,0.005214,-0.007606,-0.015728,-0.020617,-0.023823,-0.022857,-0.022402,-0.016410,-0.012306,-0.005533,NaN,NaN,NaN,NaN,NaN
NaN,NaN,NaN,NaN,NaN,NaN,0.018192,0.021514,0.025096,0.022987,0.019125,0.011918,0.001919,-0.011005,-0.019204,-0.031857,-0.037089,-0.038100,-0.033585,-0.027683,-0.012318,-0.000953,0.013926,0.030289,0.038215,0.043285,0.044826,0.039623,0.028234,0.013842,-0.004487,-0.018419,NaN,-0.040437,-0.044461,-0.042555,-0.037870,-0.024541,-0.010770,0.001447,0.018663,0.029770,0.041793,0.041217,0.036915,0.028666,0.017298,0.008278,-0.004945,-0.016735,-0.024747,-0.028691,-0.027674,-0.023944,-0.017921,-0.010837,-0.002581,0.004530,0.009682,NaN,NaN,NaN,NaN,NaN
NaN,NaN,NaN,NaN,NaN,NaN,0.014025,0.009442,0.005191,-0.002770,-0.011427,-0.018719,-0.027673,-0.031258,-0.034725,-0.035305,-0.032342,-0.024864,-0.013788,-0.002667,0.009196,0.020627,0.031297,0.039566,0.043925,0.043808,0.043333,0.034334,0.024010,0.009767,-0.000101,-0.015090,NaN,-0.037535,-0.041412,-0.043586,-0.045083,-0.038104,-0.029837,-0.019889,-0.008611,0.006793,0.018748,0.028833,0.032807,0.035885,0.035781,0.033373,0.026500,0.020118,0.010140,0.001594,-0.007819,-0.015146,-0.017122,-0.022633,-0.021329,-0.018816,-0.014624,NaN,NaN,NaN,NaN,NaN
NaN,NaN,NaN,NaN,NaN,NaN,0.019161,0.022595,0.021922,0.019133,0.012506,0.003826,-0.007737,-0.017832,-0.025827,-0.035488,-0.037932,-0.037268,-0.030849,-0.021934,-0.010297,0.003211,0.017789,0.032084,0.037374,0.043082,0.042881,0.038208,0.030674,0.017592,0.002884,-0.015065,NaN,-0.037230,-0.044141,-0.043034,-0.042672,-0.032820,-0.022941,-0.007298,0.005817,0.020906,0.031958,0.037600,0.037794,0.034947,0.029201,0.022230,0.009840,-0.000833,-0.012976,-0.018751,-0.023570,-0.026550,-0.024157,-0.019650,-0.013049,-0.006717,-0.000274,NaN,NaN,NaN,NaN,NaN
NaN,NaN,NaN,NaN,NaN,NaN,0.008227,0.003034,-0.004719,-0.011559,-0.018824,-0.026996,-0.029433,-0.033602,-0.033842,-0.029425,-0.024863,-0.017970,-0.007644,0.002618,0.013638,0.025204,0.032851,0.042251,0.044505,0.044955,0.040814,0.032885,0.027547,0.013611,0.002171,-0.011855,NaN,-0.030026,-0.040959,-0.041526,-0.045649,-0.042140,-0.036106,-0.027567,-0.017166,-0.006677,0.006929,0.016704,0.024111,0.030021,0.033265,0.036817,0.032892,0.029661,0.022794,0.014468,0.007490,-0.000090,-0.007858,-0.013036,-0.015479,-0.018092,-0.016618,NaN,NaN,NaN,NaN,NaN
NaN,NaN,NaN,NaN,NaN,NaN,0.020068,0.020580,0.018933,0.014364,0.008444,-0.002332,-0.011535,-0.022004,-0.030375,-0.032820,-0.037914,-0.034485,-0.030119,-0.019800,-0.006052,0.005639,0.021902,0.033094,0.039740,0.045613,0.045339,0.037637,0.031282,0.018060,0.003590,-0.013059,NaN,-0.037569,-0.042698,-0.044896,-0.043034,-0.035640,-0.024556,-0.012119,0.001794,0.016933,0.028407,0.037427,0.036917,0.037618,0.032537,0.027238,0.017002,0.005678,-0.005879,-0.015010,-0.019683,-0.024340,-0.023073,-0.021209,-0.017988,-0.011830,-0.006686,NaN,NaN,NaN,NaN,NaN
NaN,NaN,NaN,NaN,NaN,NaN,0.008838,0.003465,-0.003677,-0.010765,-0.018662,-0.024711,-0.031740,-0.033722,-0.032932,-0.030912,-0.024398,-0.015824,-0.006516,0.004991,0.016233,0.028995,0.036103,0.044862,0.043307,0.044533,0.038920,0.031394,0.019684,0.006405,-0.006995,-0.019604,NaN,-0.037577,-0.043526,-0.042678,-0.043468,-0.037298,-0.029276,-0.019379,-0.005865,0.005741,0.017674,0.027755,0.031943,0.036621,0.036292,0.034627,0.029428,0.021938,0.012987,0.003921,-0.004386,-0.011768,-0.016393,-0.019377,-0.019937,-0.018093,-0.015093,NaN,NaN,NaN,NaN,NaN
NaN,NaN,NaN,NaN,NaN,NaN,0.019775,0.017812,0.015348,0.007807,-0.000014,-0.009717,-0.020294,-0.027769,-0.033011,-0.035460,-0.035635,-0.031987,-0.022881,-0.010490,0.000741,0.016028,0.026166,0.038217,0.042024,0.045116,0.041811,0.034792,0.025458,0.012905,-0.003530,-0.019037,NaN,-0.039414,-0.044311,-0.044386,-0.042857,-0.035517,-0.023839,-0.011077,0.003348,0.015706,0.026531,0.035992,0.037812,0.037247,0.032475,0.028575,0.017179,0.007601,-0.002889,-0.011518,-0.017944,-0.021740,-0.025317,-0.023608,-0.018213,-0.014291,-0.009553,NaN,NaN,NaN,NaN,NaN
NaN,NaN,NaN,NaN,NaN,NaN,0.020049,0.022043,0.022575,0.019463,0.013502,0.004685,-0.004980,-0.017268,-0.024938,-0.034875,-0.038279,-0.037252,-0.032797,-0.024249,-0.011683,0.002417,0.016483,0.029056,0.039704,0.044790,0.045895,0.039614,0.031538,0.017659,0.004410,-0.012607,NaN,-0.035043,-0.042967,-0.045356,-0.042520,-0.032988,-0.021443,-0.008162,0.003971,0.020100,0.029573,0.038599,0.037523,0.036461,0.029352,0.022918,0.009655,-0.000901,-0.010486,-0.018634,-0.024157,-0.025572,-0.024385,-0.020272,-0.015927,-0.008791,-0.001274,NaN,NaN,NaN,NaN,NaN
NaN,NaN,NaN,NaN,NaN,NaN,0.013623,0.019761,0.025111,0.023137,0.021425,0.015179,0.007495,-0.005790,-0.015366,-0.028935,-0.036871,-0.038992,-0.038089,-0.031004,-0.017992,-0.007231,0.007553,0.025069,0.036012,0.042073,0.046010,0.042190,0.034747,0.019490,0.005002,-0.011402,NaN,-0.034902,-0.045010,-0.043838,-0.042086,-0.029979,-0.017464,-0.003741,0.012980,0.025581,0.037218,0.040251,0.039005,0.032420,0.024071,0.012084,0.000395,-0.013259,-0.021642,-0.025997,-0.029322,-0.025150,-0.021782,-0.015114,-0.005723,0.001015,0.006754,NaN,NaN,NaN,NaN,NaN
NaN,NaN,NaN,NaN,NaN,NaN,0.008803,0.002261,-0.004684,-0.010386,-0.018231,-0.025369,-0.029884,-0.034396,-0.033800,-0.030894,-0.024634,-0.017368,-0.003749,0.005642,0.016882,0.030499,0.035359,0.046305,0.045124,0.044289,0.037640,0.033652,0.020684,0.006878,-0.005106,-0.018827,NaN,-0.039890,-0.045351,-0.044095,-0.045509,-0.035258,-0.027952,-0.019161,-0.005398,0.005175,0.019029,0.028054,0.033080,0.037309,0.033639,0.036879,0.028965,0.021685,0.012991,0.002118,-0.004097,-0.011626,-0.015053,-0.019621,-0.019798,-0.018886,-0.016360,NaN,NaN,NaN,NaN,NaN
NaN,NaN,NaN,NaN,NaN,NaN,0.011470,0.005005,-0.001344,-0.009078,-0.016193,-0.022407,-0.028478,-0.032100,-0.035919,-0.031658,-0.027067,-0.018829,-0.008594,0.001960,0.012192,0.025253,0.035845,0.041493,0.044314,0.042422,0.040616,0.032812,0.021835,0.008213,-0.001933,-0.015494,NaN,-0.037785,-0.039663,-0.044571,-0.043837,-0.040355,-0.031041,-0.021734,-0.008757,0.002877,0.015407,0.025911,0.030230,0.034098,0.035092,0.035982,0.030702,0.022622,0.016281,0.007431,-0.002896,-0.009511,-0.015249,-0.017798,-0.019412,-0.019845,-0.017315,NaN,NaN,NaN,NaN,NaN
NaN,NaN,NaN,NaN,NaN,NaN,0.015530,0.019757,0.026364,0.024188,0.021544,0.012650,0.003819,-0.008494,-0.019448,-0.029363,-0.038160,-0.039791,-0.036321,-0.029048,-0.016881,-0.004205,0.011807,0.029041,0.036047,0.043492,0.045122,0.040566,0.030636,0.017071,0.000603,-0.016349,NaN,-0.039179,-0.045478,-0.042365,-0.039661,-0.028680,-0.013025,0.001542,0.015025,0.028011,0.038210,0.042214,0.038365,0.029624,0.020657,0.010136,-0.002415,-0.015570,-0.022850,-0.027183,-0.028153,-0.024329,-0.018502,-0.012777,-0.004687,0.003354,0.007580,NaN,NaN,NaN,NaN,NaN
NaN,NaN,NaN,NaN,NaN,NaN,0.014354,0.019890,0.025373,0.023905,0.022648,0.014239,0.006726,-0.008205,-0.017855,-0.030323,-0.037078,-0.039450,-0.035005,-0.028101,-0.014883,-0.002468,0.013697,0.031085,0.039573,0.044089,0.045639,0.038739,0.026720,0.011889,-0.005164,-0.021464,NaN,-0.042797,-0.048309,-0.041194,-0.035412,-0.020836,-0.006040,0.010771,0.024201,0.035924,0.042611,0.040238,0.035552,0.023763,0.011667,-0.000067,-0.011892,-0.023952,-0.029355,-0.030799,-0.027984,-0.021602,-0.014119,-0.005097,0.004261,0.010364,0.013917,NaN,NaN,NaN,NaN,NaN
NaN,NaN,NaN,NaN,NaN,NaN,0.019380,0.020918,0.021634,0.017201,0.010294,0.001844,-0.008239,-0.019946,-0.029463,-0.035465,-0.038042,-0.036317,-0.028699,-0.019137,-0.005751,0.005711,0.019891,0.033585,0.042771,0.045568,0.044307,0.037622,0.027923,0.015242,-0.001009,-0.016886,NaN,-0.040759,-0.044276,-0.043729,-0.043302,-0.031096,-0.017165,-0.004453,0.010636,0.023753,0.034524,0.040610,0.039547,0.035842,0.029209,0.018049,0.008084,-0.003968,-0.014885,-0.021154,-0.025406,-0.026697,-0.023731,-0.018328,-0.012690,-0.005569,0.001255,NaN,NaN,NaN,NaN,NaN
NaN,NaN,NaN,NaN,NaN,NaN,0.007745,0.001391,-0.002852,-0.010451,-0.018995,-0.024589,-0.029944,-0.033109,-0.034864,-0.030342,-0.026589,-0.016933,-0.007885,0.003790,0.015136,0.023865,0.035424,0.040674,0.044462,0.044409,0.039869,0.035944,0.025974,0.013676,0.000534,-0.011164,NaN,-0.030569,-0.039686,-0.042931,-0.046125,-0.041095,-0.036804,-0.027044,-0.016609,-0.005508,0.005007,0.018597,0.024946,0.030858,0.032373,0.037916,0.033500,0.030715,0.022297,0.013660,0.006440,0.000088,-0.005436,-0.012584,-0.015907,-0.017690,-0.017463,NaN,NaN,NaN,NaN,NaN
NaN,NaN,NaN,NaN,NaN,NaN,0.012587,0.017731,0.025122,0.027039,0.024139,0.017286,0.010752,-0.004083,-0.014296,-0.028143,-0.034909,-0.038519,-0.037812,-0.030630,-0.019825,-0.008648,0.006719,0.024966,0.037284,0.044184,0.044576,0.040340,0.030878,0.016908,0.000496,-0.017280,NaN,-0.039539,-0.045356,-0.042320,-0.039215,-0.026694,-0.012753,0.003586,0.020272,0.030037,0.040921,0.040725,0.035882,0.027581,0.015835,0.005011,-0.007850,-0.019078,-0.026956,-0.029961,-0.029226,-0.024780,-0.015962,-0.006645,0.000194,0.007600,0.011850,NaN,NaN,NaN,NaN,NaN
NaN,NaN,NaN,NaN,NaN,NaN,0.007012,0.016363,0.021368,0.026398,0.027259,0.022551,0.016537,0.005849,-0.005310,-0.019261,-0.031690,-0.038947,-0.040086,-0.036295,-0.028786,-0.019629,-0.001312,0.015422,0.030504,0.038858,0.046119,0.045150,0.039967,0.027034,0.010543,-0.005280,NaN,-0.034573,-0.042559,-0.045281,-0.042831,-0.033190,-0.020492,-0.006168,0.008999,0.024166,0.035490,0.039709,0.038944,0.033530,0.025655,0.014214,-0.001443,-0.010872,-0.023492,-0.026729,-0.030558,-0.024375,-0.019067,-0.012773,-0.003516,0.003384,0.008422,NaN,NaN,NaN,NaN,NaN
NaN,NaN,NaN,NaN,NaN,NaN,0.014734,0.020895,0.025976,0.023542,0.019723,0.014052,0.005512,-0.005697,-0.018800,-0.027523,-0.036542,-0.038901,-0.037146,-0.030322,-0.018806,-0.006003,0.009266,0.027156,0.035183,0.043392,0.043695,0.041284,0.032228,0.018523,0.002083,-0.012428,NaN,-0.039759,-0.044764,-0.044629,-0.039593,-0.029221,-0.016910,-0.002500,0.014544,0.027293,0.036576,0.040981,0.039114,0.032837,0.024049,0.011012,-0.001163,-0.010796,-0.021861,-0.026019,-0.028837,-0.025909,-0.020799,-0.013435,-0.005264,0.001900,0.008287,NaN,NaN,NaN,NaN,NaN
NaN,NaN,NaN,NaN,NaN,NaN,0.017189,0.016671,0.008365,0.004157,-0.004245,-0.014223,-0.022789,-0.029108,-0.035262,-0.035180,-0.034798,-0.028379,-0.020419,-0.009227,0.003636,0.016161,0.027477,0.037731,0.043846,0.044964,0.041786,0.036438,0.025855,0.012520,-0.000900,-0.013737,NaN,-0.035336,-0.042222,-0.045332,-0.045890,-0.038354,-0.030298,-0.018834,-0.003800,0.009064,0.021060,0.030065,0.036488,0.037587,0.035031,0.031931,0.024915,0.014596,0.005717,-0.002596,-0.011003,-0.017965,-0.021994,-0.022438,-0.021098,-0.018145,-0.012690,NaN,NaN,NaN,NaN,NaN
NaN,NaN,NaN,NaN,NaN,NaN,0.018604,0.021936,0.023344,0.020792,0.015764,0.008542,-0.001298,-0.014343,-0.023494,-0.033165,-0.038831,-0.037544,-0.033744,-0.022588,-0.009975,0.001951,0.016324,0.031262,0.038270,0.044307,0.045060,0.039149,0.030262,0.012147,-0.002281,-0.017000,NaN,-0.038807,-0.044673,-0.042646,-0.042341,-0.028573,-0.017943,-0.002190,0.013579,0.025290,0.037134,0.041304,0.039228,0.031969,0.024915,0.014507,0.001186,-0.007700,-0.016632,-0.025532,-0.027613,-0.026304,-0.023244,-0.017254,-0.009165,-0.001128,0.005471,NaN,NaN,NaN,NaN,NaN
NaN,NaN,NaN,NaN,NaN,NaN,0.013689,0.009888,0.002288,-0.004652,-0.013996,-0.021156,-0.028111,-0.033142,-0.034736,-0.034597,-0.028924,-0.021446,-0.011425,-0.001029,0.009742,0.022550,0.031759,0.041988,0.044714,0.044604,0.039591,0.033534,0.022111,0.009581,-0.002816,-0.017057,NaN,-0.038345,-0.041103,-0.044238,-0.044095,-0.036735,-0.028138,-0.017057,-0.003593,0.007499,0.020428,0.030183,0.033026,0.037422,0.035029,0.034593,0.026140,0.018822,0.009033,0.000460,-0.008632,-0.015069,-0.019352,-0.021392,-0.022470,-0.019321,-0.014869,NaN,NaN,NaN,NaN,NaN
NaN,NaN,NaN,NaN,NaN,NaN,0.015176,0.020000,0.025546,0.024439,0.021163,0.012957,0.004837,-0.007628,-0.016779,-0.030927,-0.037414,-0.038201,-0.036512,-0.028780,-0.017347,-0.004370,0.010391,0.026101,0.036011,0.040506,0.044172,0.039962,0.032237,0.016584,0.000175,-0.013882,NaN,-0.037854,-0.043827,-0.044226,-0.039816,-0.028277,-0.016479,0.000457,0.013723,0.027859,0.036329,0.039835,0.036587,0.030502,0.019383,0.011091,-0.002254,-0.013483,-0.021382,-0.026852,-0.026263,-0.025537,-0.020095,-0.011491,-0.004165,0.003282,0.007491,NaN,NaN,NaN,NaN,NaN
NaN,NaN,NaN,NaN,NaN,NaN,0.015648,0.010545,0.006927,0.000543,-0.009298,-0.016386,-0.025393,-0.031952,-0.034799,-0.036847,-0.033011,-0.026901,-0.017402,-0.006299,0.006675,0.017764,0.028528,0.039066,0.041942,0.043324,0.043621,0.036565,0.027469,0.014155,0.001085,-0.012275,NaN,-0.033963,-0.042503,-0.044066,-0.044126,-0.040136,-0.033035,-0.022882,-0.009446,0.001436,0.015483,0.026795,0.032480,0.035123,0.037218,0.035481,0.029806,0.021144,0.011268,0.003309,-0.005908,-0.012974,-0.017049,-0.021556,-0.021512,-0.017328,-0.015298,NaN,NaN,NaN,NaN,NaN
NaN,NaN,NaN,NaN,NaN,NaN,0.011868,0.006898,0.001984,-0.004730,-0.013982,-0.021442,-0.026907,-0.033081,-0.034893,-0.035303,-0.030318,-0.021989,-0.012507,-0.002532,0.009271,0.020900,0.028905,0.038928,0.043933,0.043160,0.042275,0.035698,0.028958,0.015923,0.002921,-0.011451,NaN,-0.032384,-0.039994,-0.044363,-0.047134,-0.039355,-0.035383,-0.024178,-0.013760,-0.002937,0.010189,0.021824,0.026616,0.031254,0.034815,0.037906,0.030934,0.027631,0.018032,0.010393,0.002068,-0.006793,-0.010840,-0.017147,-0.017710,-0.018441,-0.014540,NaN,NaN,NaN,NaN,NaN
NaN,NaN,NaN,NaN,NaN,NaN,0.001780,0.001758,0.000024,0.000406,-0.000749,-0.001636,-0.001488,-0.000504,-0.000345,0.000577,-0.000635,0.001892,0.001135,0.000122,-0.000763,-0.001196,0.001468,-0.000507,-0.000711,0.000786,0.000069,0.000627,-0.000405,0.000677,-0.001395,0.000768,NaN,-0.000581,0.000371,-0.000142,0.001069,-0.000000,-0.001420,-0.000596,0.000705,0.000736,-0.001053,-0.000619,-0.000390,0.000340,-0.001801,-0.001079,-0.001645,0.000082,0.000901,0.000191,0.000557,0.000926,0.000888,0.001051,-0.000034,0.001049,-0.000479,NaN,NaN,NaN,NaN,NaN
NaN,NaN,NaN,NaN,NaN,NaN,NaN,NaN,NaN,NaN,NaN,NaN,NaN,NaN,NaN,NaN,NaN,NaN,NaN,NaN,NaN,NaN,NaN,NaN,NaN,NaN,NaN,NaN,NaN,NaN,NaN,NaN,NaN,NaN,NaN,NaN,NaN,NaN,NaN,NaN,NaN,NaN,NaN,NaN,NaN,NaN,NaN,NaN,NaN,NaN,NaN,NaN,NaN,NaN,NaN,NaN,NaN,NaN,NaN,NaN,NaN,NaN,NaN,NaN
NaN,NaN,NaN,NaN,NaN,NaN,-0.000173,-0.001718,-0.000491,-0.000093,-0.000236,0.000969,0.000488,0.000196,-0.001509,0.001640,0.000189,-0.001516,0.000295,-0.001179,0.001068,0.001356,-0.001001,-0.000694,0.000356,0.001224,0.000969,0.000230,-0.000686,0.000994,-0.001630,0.002686,NaN,-0.001725,0.001358,0.002722,-0.000675,0.000380,0.001208,0.000229,-0.000835,0.000136,-0.002137,-0.000808,-0.000624,0.000690,0.000298,0.001690,0.000273,0.001732,0.001794,0.000007,0.000360,-0.000708,-0.000591,0.000527,-0.001088,-0.000002,-0.000020,NaN,NaN,NaN,NaN,NaN
NaN,NaN,NaN,NaN,NaN,NaN,NaN,NaN,NaN,NaN,NaN,NaN,NaN,NaN,NaN,NaN,NaN,NaN,NaN,NaN,NaN,NaN,NaN,NaN,NaN,NaN,NaN,NaN,NaN,NaN,NaN,NaN,NaN,NaN,NaN,NaN,NaN,NaN,NaN,NaN,NaN,NaN,NaN,NaN,NaN,NaN,NaN,NaN,NaN,NaN,NaN,NaN,NaN,NaN,NaN,NaN,NaN,NaN,NaN,NaN,NaN,NaN,NaN,NaN
NaN,NaN,NaN,NaN,NaN,NaN,NaN,NaN,NaN,NaN,NaN,NaN,NaN,NaN,NaN,NaN,NaN,NaN,NaN,NaN,NaN,NaN,NaN,NaN,NaN,NaN,NaN,NaN,NaN,NaN,NaN,NaN,NaN,NaN,NaN,NaN,NaN,NaN,NaN,NaN,NaN,NaN,NaN,NaN,NaN,NaN,NaN,NaN,NaN,NaN,NaN,NaN,NaN,NaN,NaN,NaN,NaN,NaN,NaN,NaN,NaN,NaN,NaN,NaN
NaN,NaN,NaN,NaN,NaN,NaN,NaN,NaN,NaN,NaN,NaN,NaN,NaN,NaN,NaN,NaN,NaN,NaN,NaN,NaN,NaN,NaN,NaN,NaN,NaN,NaN,NaN,NaN,NaN,NaN,NaN,NaN,NaN,NaN,NaN,NaN,NaN,NaN,NaN,NaN,NaN,NaN,NaN,NaN,NaN,NaN,NaN,NaN,NaN,NaN,NaN,NaN,NaN,NaN,NaN,NaN,NaN,NaN,NaN,NaN,NaN,NaN,NaN,NaN
NaN,NaN,NaN,NaN,NaN,NaN,0.005581,0.012773,0.020246,0.026054,0.027418,0.024086,0.018182,0.007165,-0.004831,-0.018258,-0.029848,-0.037943,-0.040379,-0.036342,-0.028351,-0.017297,-0.000388,0.016164,0.027752,0.039188,0.044594,0.044492,0.036220,0.023566,0.006123,-0.008572,NaN,-0.037349,-0.044093,-0.043712,-0.039590,-0.027748,-0.015874,0.001413,0.015711,0.029497,0.039866,0.041079,0.037669,0.026917,0.015025,0.004207,-0.008839,-0.020987,-0.028916,-0.028992,-0.025576,-0.020380,-0.015273,-0.005206,0.002597,0.009613,0.013729,NaN,NaN,NaN,NaN,NaN
NaN,NaN,NaN,NaN,NaN,NaN,0.005701,0.014555,0.021590,0.023739,0.026610,0.023302,0.017958,0.004252,-0.006111,-0.019600,-0.030449,-0.038594,-0.038233,-0.034947,-0.026020,-0.014601,0.001366,0.019015,0.029989,0.039749,0.043248,0.040817,0.035543,0.019950,0.005620,-0.014133,NaN,-0.038356,-0.042649,-0.041934,-0.037542,-0.024530,-0.009715,0.003377,0.021690,0.030987,0.040360,0.038961,0.032467,0.025082,0.012722,0.001983,-0.010548,-0.021571,-0.026933,-0.028568,-0.025555,-0.020974,-0.012948,-0.005573,0.004871,0.010765,0.013604,NaN,NaN,NaN,NaN,NaN
NaN,NaN,NaN,NaN,NaN,NaN,0.016024,0.020234,0.024304,0.021930,0.019813,0.012619,0.004998,-0.006563,-0.019182,-0.030250,-0.036306,-0.039201,-0.036186,-0.029689,-0.018069,-0.006392,0.007329,0.022732,0.033741,0.040096,0.045240,0.042774,0.036246,0.022903,0.007457,-0.006874,NaN,-0.034425,-0.041483,-0.041520,-0.043360,-0.034735,-0.024223,-0.011228,0.004578,0.018948,0.031727,0.037909,0.038590,0.036954,0.027794,0.021564,0.005579,-0.002816,-0.013291,-0.021365,-0.025924,-0.026939,-0.024279,-0.019173,-0.011890,-0.003924,0.001412,NaN,NaN,NaN,NaN,NaN
NaN,NaN,NaN,NaN,NaN,NaN,0.019557,0.021974,0.021214,0.016625,0.009453,0.001407,-0.009360,-0.020506,-0.029187,-0.035398,-0.037755,-0.036807,-0.030403,-0.020557,-0.008885,0.003672,0.017825,0.031402,0.040520,0.043592,0.043906,0.042502,0.031385,0.019575,0.004758,-0.008751,NaN,-0.032430,-0.040748,-0.043319,-0.043304,-0.036134,-0.027590,-0.014093,-0.001924,0.012730,0.025702,0.034926,0.037851,0.036546,0.032327,0.027385,0.018278,0.007288,-0.003820,-0.012262,-0.018378,-0.022399,-0.025436,-0.021876,-0.017928,-0.013257,-0.007694,NaN,NaN,NaN,NaN,NaN
NaN,NaN,NaN,NaN,NaN,NaN,0.013875,0.018419,0.023273,0.021838,0.020485,0.015569,0.008268,-0.003276,-0.013468,-0.024854,-0.034156,-0.035821,-0.036005,-0.030858,-0.021472,-0.011431,0.002394,0.017208,0.027968,0.036227,0.040034,0.041659,0.037144,0.026937,0.012241,-0.004606,NaN,-0.027497,-0.036754,-0.040347,-0.042717,-0.034109,-0.026643,-0.015450,-0.002168,0.013184,0.024040,0.031640,0.035287,0.034911,0.028209,0.022400,0.011906,0.001026,-0.010337,-0.017184,-0.023087,-0.022791,-0.022448,-0.020984,-0.013801,-0.006390,-0.000485,NaN,NaN,NaN,NaN,NaN
NaN,NaN,NaN,NaN,NaN,NaN,NaN,NaN,NaN,NaN,NaN,NaN,NaN,NaN,NaN,NaN,NaN,NaN,NaN,NaN,NaN,NaN,NaN,NaN,NaN,NaN,NaN,NaN,NaN,NaN,NaN,NaN,NaN,NaN,NaN,NaN,NaN,NaN,NaN,NaN,NaN,NaN,NaN,NaN,NaN,NaN,NaN,NaN,NaN,NaN,NaN,NaN,NaN,NaN,NaN,NaN,NaN,NaN,NaN,NaN,NaN,NaN,NaN,NaN
NaN,NaN,NaN,NaN,NaN,NaN,-0.000874,-0.000749,-0.000505,0.000107,0.000143,0.001871,0.000174,-0.001040,0.000036,0.000603,0.000423,-0.000270,0.000217,-0.000722,0.000026,0.000244,0.000029,0.002756,0.002137,-0.001107,-0.000918,-0.000939,0.000442,0.000296,0.001125,0.001767,NaN,-0.001397,0.001012,0.000568,-0.000852,-0.000426,-0.001268,-0.000073,-0.000538,0.000951,-0.000925,-0.000265,-0.001120,-0.000738,-0.000309,-0.001402,-0.000200,-0.001272,0.001439,-0.000233,-0.000092,0.000833,0.001133,-0.001388,0.000588,0.000217,-0.000612,NaN,NaN,NaN,NaN,NaN
NaN,NaN,NaN,NaN,NaN,NaN,0.000455,-0.000566,0.000110,-0.000501,-0.000989,0.000392,0.000542,-0.000245,-0.000472,-0.000653,-0.000542,0.000895,0.001520,0.000743,-0.000382,0.002468,0.000283,-0.001185,0.000511,0.001304,-0.000720,0.000237,-0.000582,-0.001508,-0.000359,0.000042,NaN,0.000990,0.000723,-0.001134,0.000143,-0.000073,0.000356,-0.000035,0.000899,0.000651,-0.000644,0.000140,0.001128,-0.001319,0.001298,0.000274,-0.000667,-0.001630,-0.000556,-0.001947,0.000669,0.000711,-0.000339,0.000284,0.000210,-0.001482,-0.000265,NaN,NaN,NaN,NaN,NaN
NaN,NaN,NaN,NaN,NaN,NaN,0.001113,0.000032,0.000931,-0.000136,0.000658,0.000753,0.001071,-0.001102,0.001177,-0.000568,-0.000186,0.000842,0.000368,-0.000585,0.000738,0.000507,-0.000126,0.000254,-0.000884,0.002205,0.000092,-0.000102,-0.000335,-0.001456,-0.000327,-0.002705,NaN,-0.000109,-0.002927,-0.000613,-0.000302,0.000566,-0.001021,0.001152,-0.002088,-0.000063,-0.000929,-0.001195,-0.000644,-0.000344,-0.000219,-0.000430,-0.001372,-0.001047,0.000289,-0.000706,0.000500,-0.000347,-0.000325,0.000404,0.001191,-0.000455,-0.000796,NaN,NaN,NaN,NaN,NaN
NaN,NaN,NaN,NaN,NaN,NaN,0.000640,0.001339,0.000552,-0.000095,-0.000103,-0.000404,-0.000003,0.000142,0.001017,0.000471,-0.000318,-0.000042,-0.000485,-0.000565,-0.000497,-0.000015,0.000571,-0.002246,0.000262,0.000434,0.000397,0.000758,0.000379,0.000629,-0.000550,-0.001056,NaN,0.001871,-0.001003,-0.000366,0.001790,-0.002072,0.001700,-0.000912,-0.000272,-0.001086,-0.000816,-0.000207,0.001150,-0.000016,-0.000146,0.000827,-0.001999,-0.000411,0.000166,-0.000132,-0.000305,-0.000238,0.000774,0.000715,0.000655,0.001632,-0.000049,NaN,NaN,NaN,NaN,NaN
NaN,NaN,NaN,NaN,NaN,NaN,-0.000201,0.000713,-0.001452,-0.000177,-0.000923,-0.000275,-0.000380,-0.000517,-0.000677,0.000572,-0.000176,0.000200,-0.000421,0.000231,0.000143,-0.001398,0.000680,0.001168,0.000345,-0.001013,0.000603,-0.000205,0.000451,0.000526,-0.000334,0.000777,NaN,-0.001871,0.001282,-0.000744,-0.000968,0.000567,0.000801,0.001836,0.000427,-0.000011,0.000143,0.000117,-0.001977,-0.000948,-0.000346,-0.000404,-0.000320,-0.000894,-0.002120,-0.000058,-0.000649,-0.000677,0.001369,-0.000248,0.001678,0.000769,-0.000309,NaN,NaN,NaN,NaN,NaN
NaN,NaN,NaN,NaN,NaN,NaN,0.002258,0.001138,-0.000385,0.000630,0.000426,-0.000317,0.000801,-0.000577,-0.000625,-0.000268,-0.000229,-0.000457,0.000005,0.000262,0.000946,0.001023,0.000023,-0.001517,-0.001190,-0.000736,0.001354,0.000327,-0.001044,0.000767,-0.000482,0.000082,NaN,0.001422,-0.000273,0.000151,0.001249,0.001227,-0.000168,-0.001285,-0.001401,0.001405,0.000292,0.000353,-0.001818,-0.001301,-0.000493,0.000792,-0.001244,-0.001073,0.001499,-0.000429,0.000579,0.000063,-0.000338,-0.000098,-0.000746,-0.000125,-0.000264,NaN,NaN,NaN,NaN,NaN
NaN,NaN,NaN,NaN,NaN,NaN,NaN,NaN,NaN,NaN,NaN,NaN,NaN,NaN,NaN,NaN,NaN,NaN,NaN,NaN,NaN,NaN,NaN,NaN,NaN,NaN,NaN,NaN,NaN,NaN,NaN,NaN,NaN,NaN,NaN,NaN,NaN,NaN,NaN,NaN,NaN,NaN,NaN,NaN,NaN,NaN,NaN,NaN,NaN,NaN,NaN,NaN,NaN,NaN,NaN,NaN,NaN,NaN,NaN,NaN,NaN,NaN,NaN,NaN
NaN,NaN,NaN,NaN,NaN,NaN,0.000424,-0.000695,0.000333,-0.000381,-0.000977,0.000600,-0.001187,-0.000405,-0.000571,0.000708,0.001808,0.000580,-0.001481,0.000469,0.000431,0.001114,0.001182,-0.000897,-0.001271,-0.000884,-0.000175,0.000899,0.001939,0.000060,0.001080,-0.001079,NaN,-0.000532,0.001540,-0.001643,0.000865,0.000408,0.000960,-0.000657,-0.000022,0.000917,0.001314,0.000115,0.000918,0.000853,-0.000169,0.000195,-0.000535,-0.000468,0.000505,-0.000237,-0.000832,0.000216,0.001250,-0.000100,-0.000859,-0.000330,-0.000360,NaN,NaN,NaN,NaN,NaN
NaN,NaN,NaN,NaN,NaN,NaN,0.001429,-0.001588,0.000608,0.000848,0.000624,0.000206,0.000756,-0.000589,-0.000302,-0.000978,0.000019,-0.000180,-0.000679,-0.001031,-0.000247,0.000811,-0.000656,-0.000114,0.000687,0.000380,-0.000407,0.000912,0.000426,-0.000636,-0.000616,0.001724,NaN,0.000096,-0.000029,-0.001386,-0.000073,-0.000211,-0.001439,-0.000954,-0.000106,-0.000851,-0.000263,0.000535,-0.000463,0.001672,0.000687,0.000937,0.000258,0.001136,-0.000503,-0.000793,-0.000021,-0.000766,0.000438,-0.000565,-0.000851,0.000728,-0.000234,NaN,NaN,NaN,NaN,NaN
NaN,NaN,NaN,NaN,NaN,NaN,NaN,NaN,NaN,NaN,NaN,NaN,NaN,NaN,NaN,NaN,NaN,NaN,NaN,NaN,NaN,NaN,NaN,NaN,NaN,NaN,NaN,NaN,NaN,NaN,NaN,NaN,NaN,NaN,NaN,NaN,NaN,NaN,NaN,NaN,NaN,NaN,NaN,NaN,NaN,NaN,NaN,NaN,NaN,NaN,NaN,NaN,NaN,NaN,NaN,NaN,NaN,NaN,NaN,NaN,NaN,NaN,NaN,NaN
NaN,NaN,NaN,NaN,NaN,NaN,0.000122,-0.000470,0.000940,0.000459,0.000606,-0.000237,0.001022,-0.000208,-0.001030,-0.000342,0.000061,0.001527,0.001115,-0.000664,-0.001312,0.000742,-0.000744,0.000083,-0.000237,-0.000686,0.000412,-0.000003,-0.000738,-0.001223,-0.000090,-0.000174,NaN,0.000542,0.000330,-0.000160,0.001110,-0.000703,0.000711,-0.000009,0.000213,-0.001419,0.000458,0.000249,-0.001132,-0.000695,0.000392,-0.000435,0.000524,-0.001236,-0.000086,0.000118,0.001021,-0.001091,0.000513,0.000611,-0.000189,-0.000259,-0.000472,NaN,NaN,NaN,NaN,NaN
NaN,NaN,NaN,NaN,NaN,NaN,NaN,NaN,NaN,NaN,NaN,NaN,NaN,NaN,NaN,NaN,NaN,NaN,NaN,NaN,NaN,NaN,NaN,NaN,NaN,NaN,NaN,NaN,NaN,NaN,NaN,NaN,NaN,NaN,NaN,NaN,NaN,NaN,NaN,NaN,NaN,NaN,NaN,NaN,NaN,NaN,NaN,NaN,NaN,NaN,NaN,NaN,NaN,NaN,NaN,NaN,NaN,NaN,NaN,NaN,NaN,NaN,NaN,NaN
NaN,NaN,NaN,NaN,NaN,NaN,NaN,NaN,NaN,NaN,NaN,NaN,NaN,NaN,NaN,NaN,NaN,NaN,NaN,NaN,NaN,NaN,NaN,NaN,NaN,NaN,NaN,NaN,NaN,NaN,NaN,NaN,NaN,NaN,NaN,NaN,NaN,NaN,NaN,NaN,NaN,NaN,NaN,NaN,NaN,NaN,NaN,NaN,NaN,NaN,NaN,NaN,NaN,NaN,NaN,NaN,NaN,NaN,NaN,NaN,NaN,NaN,NaN,NaN
NaN,NaN,NaN,NaN,NaN,NaN,NaN,NaN,NaN,NaN,NaN,NaN,NaN,NaN,NaN,NaN,NaN,NaN,NaN,NaN,NaN,NaN,NaN,NaN,NaN,NaN,NaN,NaN,NaN,NaN,NaN,NaN,NaN,NaN,NaN,NaN,NaN,NaN,NaN,NaN,NaN,NaN,NaN,NaN,NaN,NaN,NaN,NaN,NaN,NaN,NaN,NaN,NaN,NaN,NaN,NaN,NaN,NaN,NaN,NaN,NaN,NaN,NaN,NaN
NaN,NaN,NaN,NaN,NaN,NaN,NaN,NaN,NaN,NaN,NaN,NaN,NaN,NaN,NaN,NaN,NaN,NaN,NaN,NaN,NaN,NaN,NaN,NaN,NaN,NaN,NaN,NaN,NaN,NaN,NaN,NaN,NaN,NaN,NaN,NaN,NaN,NaN,NaN,NaN,NaN,NaN,NaN,NaN,NaN,NaN,NaN,NaN,NaN,NaN,NaN,NaN,NaN,NaN,NaN,NaN,NaN,NaN,NaN,NaN,NaN,NaN,NaN,NaN
NaN,NaN,NaN,NaN,NaN,NaN,NaN,NaN,NaN,NaN,NaN,NaN,NaN,NaN,NaN,NaN,NaN,NaN,NaN,NaN,NaN,NaN,NaN,NaN,NaN,NaN,NaN,NaN,NaN,NaN,NaN,NaN,NaN,NaN,NaN,NaN,NaN,NaN,NaN,NaN,NaN,NaN,NaN,NaN,NaN,NaN,NaN,NaN,NaN,NaN,NaN,NaN,NaN,NaN,NaN,NaN,NaN,NaN,NaN,NaN,NaN,NaN,NaN,NaN
NaN,NaN,NaN,NaN,NaN,NaN,0.001190,0.000032,-0.000009,0.000923,0.000956,0.000213,0.000538,-0.000184,0.000783,-0.000628,0.001101,-0.001065,0.001296,0.000368,0.000806,-0.000229,0.000934,-0.000093,-0.002490,-0.000836,0.000140,0.000833,-0.000489,-0.001336,0.000215,-0.000653,NaN,-0.001823,0.001634,-0.000497,0.000057,-0.000323,0.001230,0.000973,0.001190,0.001261,0.000608,0.000381,-0.000538,-0.000300,-0.000716,0.000252,0.000536,-0.000271,-0.000498,-0.000882,-0.000406,0.000568,-0.000881,0.000253,0.001779,-0.001430,0.000209,NaN,NaN,NaN,NaN,NaN
NaN,NaN,NaN,NaN,NaN,NaN,0.006644,-0.001341,-0.005890,0.015171,-0.019796,0.026540,-0.026422,0.024958,-0.016750,0.007711,0.001030,-0.014708,0.024100,-0.033196,0.036386,-0.035772,0.032310,-0.021186,0.006941,0.008596,-0.022710,0.031300,-0.038069,0.039211,-0.035748,0.030418,NaN,0.002847,0.010341,-0.023397,0.033280,-0.039675,0.039270,-0.032124,0.023289,-0.010719,-0.001894,0.013673,-0.024237,0.029561,-0.033325,0.029702,-0.025931,0.014494,-0.005933,-0.003863,0.012500,-0.018491,0.019930,-0.020975,0.015716,-0.011776,0.007051,NaN,NaN,NaN,NaN,NaN
NaN,NaN,NaN,NaN,NaN,NaN,NaN,NaN,NaN,NaN,NaN,NaN,NaN,NaN,NaN,NaN,NaN,NaN,NaN,NaN,NaN,NaN,NaN,NaN,NaN,NaN,NaN,NaN,NaN,NaN,NaN,NaN,NaN,NaN,NaN,NaN,NaN,NaN,NaN,NaN,NaN,NaN,NaN,NaN,NaN,NaN,NaN,NaN,NaN,NaN,NaN,NaN,NaN,NaN,NaN,NaN,NaN,NaN,NaN,NaN,NaN,NaN,NaN,NaN
NaN,NaN,NaN,NaN,NaN,NaN,NaN,NaN,NaN,NaN,NaN,NaN,NaN,NaN,NaN,NaN,NaN,NaN,NaN,NaN,NaN,NaN,NaN,NaN,NaN,NaN,NaN,NaN,NaN,NaN,NaN,NaN,NaN,NaN,NaN,NaN,NaN,NaN,NaN,NaN,NaN,NaN,NaN,NaN,NaN,NaN,NaN,NaN,NaN,NaN,NaN,NaN,NaN,NaN,NaN,NaN,NaN,NaN,NaN,NaN,NaN,NaN,NaN,NaN
NaN,NaN,NaN,NaN,NaN,NaN,0.000649,0.000298,-0.000069,-0.000833,0.000374,-0.000684,-0.000196,-0.000245,-0.000081,0.001864,-0.001007,0.000270,0.000479,0.000183,0.000947,0.000775,0.000651,-0.000048,0.001511,-0.001011,0.000452,0.000388,-0.000189,0.001493,0.002329,0.003119,NaN,0.000084,-0.000955,0.001937,0.000934,0.001387,0.002483,0.002191,-0.000500,0.000346,-0.000241,0.000230,0.000270,0.000794,0.000550,0.000761,0.000167,0.000274,-0.001278,0.000490,0.000246,-0.001420,0.000272,0.000790,0.000216,-0.000010,-0.000486,NaN,NaN,NaN,NaN,NaN
NaN,NaN,NaN,NaN,NaN,NaN,0.013432,0.018120,0.023024,0.022535,0.021717,0.016159,0.007908,-0.003430,-0.012375,-0.024854,-0.032013,-0.036634,-0.036581,-0.030003,-0.022790,-0.011441,0.000306,0.016972,0.028642,0.036747,0.042515,0.041046,0.038357,0.027044,0.014537,-0.000334,NaN,-0.028763,-0.036244,-0.043128,-0.043217,-0.035473,-0.026208,-0.015767,-0.001605,0.012582,0.024242,0.032614,0.034100,0.033598,0.031447,0.023782,0.012172,0.002666,-0.009137,-0.015239,-0.022095,-0.024110,-0.023224,-0.019497,-0.014400,-0.007588,-0.000415,NaN,NaN,NaN,NaN,NaN
NaN,NaN,NaN,NaN,NaN,NaN,0.001901,0.008448,0.018548,0.024330,0.025550,0.027032,0.022113,0.012938,0.002551,-0.012350,-0.024280,-0.035346,-0.038341,-0.036954,-0.031529,-0.023206,-0.007425,0.009901,0.020795,0.034136,0.042753,0.043473,0.041106,0.029818,0.013151,-0.004174,NaN,-0.033048,-0.041542,-0.041220,-0.042020,-0.031207,-0.020406,-0.005447,0.009563,0.024027,0.035589,0.039396,0.035368,0.029888,0.021896,0.009164,-0.004052,-0.015627,-0.024623,-0.027605,-0.027546,-0.023349,-0.017103,-0.008270,-0.000552,0.007357,0.011159,NaN,NaN,NaN,NaN,NaN
NaN,NaN,NaN,NaN,NaN,NaN,0.020375,0.019737,0.018287,0.015412,0.007604,-0.000167,-0.011795,-0.018845,-0.027049,-0.034066,-0.034788,-0.035829,-0.030095,-0.020991,-0.011925,0.001595,0.014545,0.026531,0.035828,0.041212,0.042955,0.040806,0.035506,0.023701,0.013798,-0.002996,NaN,-0.029472,-0.037436,-0.039597,-0.042925,-0.040104,-0.031180,-0.022542,-0.011290,0.003146,0.015922,0.025864,0.029735,0.034115,0.035993,0.031861,0.025925,0.017496,0.007583,-0.003264,-0.009094,-0.015982,-0.019735,-0.019954,-0.019973,-0.017858,-0.011563,NaN,NaN,NaN,NaN,NaN
NaN,NaN,NaN,NaN,NaN,NaN,0.000014,-0.000820,0.000059,0.000093,-0.000125,0.000379,-0.001354,0.000263,0.000715,-0.001218,-0.000250,0.000541,0.000002,0.000151,-0.001540,0.001300,-0.000277,-0.000299,0.000327,-0.000761,0.000963,0.000129,-0.000343,0.000597,0.000633,-0.000454,NaN,0.000381,-0.000441,-0.001788,0.000219,-0.000340,0.000178,0.000574,0.001592,0.000011,-0.000512,-0.000014,-0.000506,-0.000120,-0.001641,0.000232,-0.000022,0.000066,0.000325,-0.000100,-0.000046,-0.000037,0.000589,0.000079,0.000325,0.000080,0.000176,NaN,NaN,NaN,NaN,NaN
NaN,NaN,NaN,NaN,NaN,NaN,0.000356,0.000471,0.000832,-0.000429,-0.000416,-0.000023,0.000385,0.000106,-0.000083,0.000086,0.000850,-0.000470,-0.000749,0.000562,-0.000236,-0.001010,-0.000741,0.000262,-0.000587,-0.000481,0.002268,-0.000062,0.000771,-0.000382,0.000105,0.005601,NaN,-0.002199,-0.000441,0.001333,0.000329,-0.000201,-0.000004,-0.001036,0.001355,-0.001583,-0.000442,-0.001312,0.001026,-0.000592,-0.000875,0.000023,-0.000651,-0.001000,0.000600,-0.000253,-0.000632,-0.001093,0.000591,-0.000584,0.000182,-0.000673,0.000433,NaN,NaN,NaN,NaN,NaN
NaN,NaN,NaN,NaN,NaN,NaN,0.018760,0.016148,0.016574,0.010570,0.002141,-0.005878,-0.012409,-0.020549,-0.026946,-0.033930,-0.034257,-0.033602,-0.026047,-0.019259,-0.009031,0.000766,0.012502,0.026388,0.034822,0.037779,0.041972,0.039691,0.033827,0.024237,0.013679,0.000666,NaN,-0.024718,-0.032475,-0.037528,-0.042481,-0.038878,-0.036417,-0.025530,-0.015151,-0.004770,0.009924,0.018716,0.025888,0.031023,0.032285,0.031884,0.028979,0.021556,0.011929,0.004284,-0.004386,-0.010045,-0.014201,-0.017189,-0.018588,-0.019365,-0.013829,NaN,NaN,NaN,NaN,NaN
NaN,NaN,NaN,NaN,NaN,NaN,-0.000097,-0.001026,-0.000743,0.001130,0.000433,0.000774,0.000496,-0.000384,-0.000288,-0.000261,0.000233,-0.000691,0.000655,0.002081,0.000770,-0.000080,0.000246,0.001616,0.001180,-0.000653,-0.000145,0.000149,0.000617,0.000158,-0.001270,0.000761,NaN,-0.000755,-0.001789,0.001152,0.000638,0.000180,-0.000449,0.000134,0.001540,0.000166,-0.000219,0.001295,0.000687,0.000593,-0.000514,-0.000232,-0.001217,-0.000043,0.000556,-0.000078,0.000571,-0.000490,0.000702,0.000123,-0.000154,-0.000147,0.000772,NaN,NaN,NaN,NaN,NaN
NaN,NaN,NaN,NaN,NaN,NaN,-0.007385,-0.014803,-0.020914,-0.022150,-0.017986,-0.007282,0.005436,0.018466,0.027886,0.031956,0.030424,0.018458,0.002012,-0.014749,-0.028165,-0.039180,-0.037457,-0.029679,-0.012885,0.007482,0.024212,0.037113,0.042349,0.035408,0.022230,0.002448,NaN,-0.033018,-0.041664,-0.039054,-0.032555,-0.012401,0.005757,0.023698,0.033574,0.036820,0.033371,0.019029,0.004866,-0.011195,-0.024448,-0.031519,-0.028526,-0.021697,-0.011728,0.004137,0.015641,0.020495,0.021098,0.018623,0.010622,0.000560,-0.006176,NaN,NaN,NaN,NaN,NaN
NaN,NaN,NaN,NaN,NaN,NaN,0.000804,-0.000496,0.000465,-0.000546,-0.000716,-0.000639,0.000286,-0.000261,-0.000550,-0.001289,0.001231,0.000861,0.000256,0.000837,0.000795,0.000019,0.001363,0.000090,-0.000316,-0.001588,0.000924,0.000790,0.001162,-0.000058,0.000330,-0.003518,NaN,0.000197,-0.001863,-0.000256,-0.001033,0.002238,-0.000792,0.000674,-0.000232,0.000036,-0.000023,0.000706,0.001020,0.000764,0.000748,-0.000753,0.000406,-0.000976,0.000383,-0.000704,0.000915,0.000252,0.000309,-0.000184,0.001120,-0.000205,-0.000742,NaN,NaN,NaN,NaN,NaN
NaN,NaN,NaN,NaN,NaN,NaN,NaN,NaN,NaN,NaN,NaN,NaN,NaN,NaN,NaN,NaN,NaN,NaN,NaN,NaN,NaN,NaN,NaN,NaN,NaN,NaN,NaN,NaN,NaN,NaN,NaN,NaN,NaN,NaN,NaN,NaN,NaN,NaN,NaN,NaN,NaN,NaN,NaN,NaN,NaN,NaN,NaN,NaN,NaN,NaN,NaN,NaN,NaN,NaN,NaN,NaN,NaN,NaN,NaN,NaN,NaN,NaN,NaN,NaN
NaN,NaN,NaN,NaN,NaN,NaN,0.014642,0.018927,0.024099,0.022140,0.021147,0.014140,0.006154,-0.005459,-0.015920,-0.027724,-0.033721,-0.038070,-0.034791,-0.029742,-0.019755,-0.009398,0.004864,0.020922,0.030693,0.037941,0.043750,0.040979,0.037579,0.024551,0.011544,-0.004926,NaN,-0.030351,-0.038713,-0.041358,-0.043020,-0.033608,-0.024984,-0.012594,0.001908,0.016338,0.027409,0.034421,0.035454,0.033937,0.028048,0.023017,0.009488,-0.000527,-0.010870,-0.016008,-0.024987,-0.024545,-0.022302,-0.019380,-0.011396,-0.006429,0.000533,NaN,NaN,NaN,NaN,NaN
NaN,NaN,NaN,NaN,NaN,NaN,NaN,NaN,NaN,NaN,NaN,NaN,NaN,NaN,NaN,NaN,NaN,NaN,NaN,NaN,NaN,NaN,NaN,NaN,NaN,NaN,NaN,NaN,NaN,NaN,NaN,NaN,NaN,NaN,NaN,NaN,NaN,NaN,NaN,NaN,NaN,NaN,NaN,NaN,NaN,NaN,NaN,NaN,NaN,NaN,NaN,NaN,NaN,NaN,NaN,NaN,NaN,NaN,NaN,NaN,NaN,NaN,NaN,NaN
NaN,NaN,NaN,NaN,NaN,NaN,0.016751,0.012979,0.009031,0.001988,-0.005867,-0.014730,-0.024838,-0.030171,-0.034799,-0.036305,-0.035216,-0.027606,-0.019244,-0.009366,0.002579,0.015308,0.025819,0.036392,0.041632,0.045397,0.041972,0.038721,0.031500,0.019163,0.005668,-0.006420,NaN,-0.031974,-0.039087,-0.041846,-0.044863,-0.039588,-0.034714,-0.025325,-0.013148,0.000155,0.011720,0.022153,0.030892,0.033725,0.036200,0.035547,0.030956,0.023153,0.015188,0.006624,-0.001741,-0.009752,-0.014238,-0.019047,-0.019067,-0.018717,-0.015313,NaN,NaN,NaN,NaN,NaN
NaN,NaN,NaN,NaN,NaN,NaN,0.019818,0.020025,0.018246,0.013278,0.003674,-0.003786,-0.014756,-0.023780,-0.031069,-0.036128,-0.037888,-0.034246,-0.025802,-0.016280,-0.001742,0.009849,0.022015,0.036655,0.041782,0.044790,0.043638,0.039216,0.026425,0.014274,-0.003976,-0.017178,NaN,-0.040247,-0.045366,-0.043616,-0.043267,-0.031504,-0.022179,-0.007118,0.006339,0.020116,0.031962,0.035296,0.038912,0.037055,0.031948,0.026228,0.013225,0.002756,-0.009725,-0.016428,-0.023961,-0.024017,-0.025227,-0.020512,-0.017138,-0.010447,-0.004909,NaN,NaN,NaN,NaN,NaN
NaN,NaN,NaN,NaN,NaN,NaN,NaN,NaN,NaN,NaN,NaN,NaN,NaN,NaN,NaN,NaN,NaN,NaN,NaN,NaN,NaN,NaN,NaN,NaN,NaN,NaN,NaN,NaN,NaN,NaN,NaN,NaN,NaN,NaN,NaN,NaN,NaN,NaN,NaN,NaN,NaN,NaN,NaN,NaN,NaN,NaN,NaN,NaN,NaN,NaN,NaN,NaN,NaN,NaN,NaN,NaN,NaN,NaN,NaN,NaN,NaN,NaN,NaN,NaN
NaN,NaN,NaN,NaN,NaN,NaN,NaN,NaN,NaN,NaN,NaN,NaN,NaN,NaN,NaN,NaN,NaN,NaN,NaN,NaN,NaN,NaN,NaN,NaN,NaN,NaN,NaN,NaN,NaN,NaN,NaN,NaN,NaN,NaN,NaN,NaN,NaN,NaN,NaN,NaN,NaN,NaN,NaN,NaN,NaN,NaN,NaN,NaN,NaN,NaN,NaN,NaN,NaN,NaN,NaN,NaN,NaN,NaN,NaN,NaN,NaN,NaN,NaN,NaN
NaN,NaN,NaN,NaN,NaN,NaN,0.017223,0.022271,0.021756,0.020428,0.016503,0.011348,0.003441,-0.007279,-0.018363,-0.027529,-0.034102,-0.037811,-0.035806,-0.030066,-0.020919,-0.007603,0.005460,0.019928,0.031745,0.039458,0.044367,0.042776,0.036232,0.029201,0.013502,-0.000762,NaN,-0.028382,-0.036255,-0.043031,-0.044088,-0.036371,-0.029672,-0.019368,-0.005118,0.008610,0.022992,0.031579,0.035303,0.035470,0.032145,0.027751,0.019046,0.006650,-0.003662,-0.012341,-0.019570,-0.021865,-0.023439,-0.022127,-0.015788,-0.012507,-0.005460,NaN,NaN,NaN,NaN,NaN
NaN,NaN,NaN,NaN,NaN,NaN,0.019581,0.016863,0.012259,0.006803,-0.000880,-0.010254,-0.019074,-0.025233,-0.030437,-0.034497,-0.032661,-0.028959,-0.022638,-0.013229,-0.001404,0.010961,0.021955,0.033141,0.038018,0.041476,0.042065,0.035188,0.028729,0.018868,0.006708,-0.007068,NaN,-0.031948,-0.039633,-0.038696,-0.042339,-0.036654,-0.030357,-0.020325,-0.008045,0.003116,0.016506,0.023785,0.030761,0.033856,0.032618,0.031751,0.025473,0.019591,0.006974,-0.000012,-0.009489,-0.015238,-0.018607,-0.019853,-0.019265,-0.016911,-0.012864,NaN,NaN,NaN,NaN,NaN
NaN,NaN,NaN,NaN,NaN,NaN,-0.002736,0.005406,0.012908,0.020456,0.025444,0.028323,0.026080,0.019044,0.006712,-0.003991,-0.017626,-0.030958,-0.036709,-0.039559,-0.035344,-0.025653,-0.011370,0.002237,0.019000,0.031880,0.039336,0.045079,0.043186,0.031487,0.018709,0.001916,NaN,-0.031706,-0.039226,-0.043495,-0.039664,-0.033166,-0.018349,-0.001746,0.012692,0.025828,0.035616,0.040591,0.036938,0.029261,0.017941,0.003748,-0.009096,-0.019401,-0.027379,-0.027753,-0.026152,-0.020628,-0.012597,-0.005389,0.003463,0.010811,0.015249,NaN,NaN,NaN,NaN,NaN
NaN,NaN,NaN,NaN,NaN,NaN,NaN,NaN,NaN,NaN,NaN,NaN,NaN,NaN,NaN,NaN,NaN,NaN,NaN,NaN,NaN,NaN,NaN,NaN,NaN,NaN,NaN,NaN,NaN,NaN,NaN,NaN,NaN,NaN,NaN,NaN,NaN,NaN,NaN,NaN,NaN,NaN,NaN,NaN,NaN,NaN,NaN,NaN,NaN,NaN,NaN,NaN,NaN,NaN,NaN,NaN,NaN,NaN,NaN,NaN,NaN,NaN,NaN,NaN
NaN,NaN,NaN,NaN,NaN,NaN,NaN,NaN,NaN,NaN,NaN,NaN,NaN,NaN,NaN,NaN,NaN,NaN,NaN,NaN,NaN,NaN,NaN,NaN,NaN,NaN,NaN,NaN,NaN,NaN,NaN,NaN,NaN,NaN,NaN,NaN,NaN,NaN,NaN,NaN,NaN,NaN,NaN,NaN,NaN,NaN,NaN,NaN,NaN,NaN,NaN,NaN,NaN,NaN,NaN,NaN,NaN,NaN,NaN,NaN,NaN,NaN,NaN,NaN
NaN,NaN,NaN,NaN,NaN,NaN,0.000519,-0.001137,-0.000789,0.000351,-0.001027,-0.000236,-0.000345,-0.000537,-0.000760,-0.000723,0.000097,-0.001940,-0.001060,0.001408,0.000620,-0.001396,0.000314,-0.000123,-0.001205,-0.001410,-0.000785,-0.000332,0.001224,0.001500,0.001325,0.000714,NaN,-0.001119,-0.000149,0.000075,-0.001921,-0.000753,0.000720,-0.001863,0.000725,0.000946,0.000807,-0.001111,0.001402,0.000936,-0.000097,-0.000079,0.001733,0.001267,0.000081,-0.001992,0.000467,0.001048,-0.000085,-0.000604,-0.001228,0.000335,0.000039,NaN,NaN,NaN,NaN,NaN
NaN,NaN,NaN,NaN,NaN,NaN,-0.015576,-0.021190,-0.023123,-0.018461,-0.008533,0.003886,0.015989,0.027309,0.031680,0.032625,0.023626,0.008480,-0.008827,-0.024349,-0.036094,-0.042212,-0.034555,-0.025392,-0.005787,0.010700,0.029363,0.039871,0.044952,0.037367,0.020787,0.001663,NaN,-0.031158,-0.042594,-0.041823,-0.033611,-0.016880,0.001635,0.017547,0.031996,0.040669,0.038836,0.026499,0.010834,-0.004252,-0.019247,-0.030557,-0.032173,-0.029765,-0.018970,-0.006050,0.007406,0.016297,0.019155,0.022767,0.017053,0.009920,0.002516,NaN,NaN,NaN,NaN,NaN
NaN,NaN,NaN,NaN,NaN,NaN,0.021235,0.019595,0.016575,0.010215,0.001817,-0.007069,-0.015820,-0.023682,-0.031629,-0.037133,-0.036773,-0.032662,-0.026616,-0.016013,-0.004242,0.008871,0.023354,0.035488,0.040654,0.043821,0.044612,0.037963,0.030024,0.018472,0.003190,-0.011344,NaN,-0.031834,-0.041562,-0.045213,-0.044487,-0.036315,-0.028330,-0.018011,-0.003137,0.008549,0.023568,0.032596,0.035347,0.036682,0.035450,0.030959,0.022423,0.012234,0.002333,-0.007593,-0.016164,-0.021702,-0.022732,-0.022013,-0.020305,-0.016284,-0.010245,NaN,NaN,NaN,NaN,NaN
NaN,NaN,NaN,NaN,NaN,NaN,-0.000033,0.000576,0.000437,0.000166,0.001811,0.000563,0.000110,0.001259,0.000787,0.000290,0.001477,0.000600,-0.000248,0.000445,-0.000445,0.000015,-0.000319,0.001312,-0.001838,0.000265,-0.000970,-0.000669,-0.000448,0.001914,0.001517,0.001760,NaN,-0.001801,0.002203,0.001341,0.000428,-0.001146,0.000480,-0.000236,-0.000566,-0.000153,0.000820,0.000534,0.000199,0.000792,-0.001027,0.000556,-0.000770,0.000533,0.001208,0.000147,-0.001663,0.000719,-0.001846,-0.000317,-0.000291,0.000996,0.000239,NaN,NaN,NaN,NaN,NaN
NaN,NaN,NaN,NaN,NaN,NaN,0.001148,-0.000041,0.000002,0.000239,-0.001663,-0.000244,-0.000118,-0.000469,-0.000491,0.000119,0.000184,0.001404,-0.000207,0.001439,0.001348,0.000227,0.000015,0.001671,0.000092,-0.000834,0.001254,0.001070,-0.000669,0.000536,0.001235,0.001121,NaN,0.000129,0.000232,0.001624,-0.000892,0.000035,0.001079,-0.001726,-0.001425,-0.000769,-0.000104,0.000399,-0.001799,-0.000074,0.000133,-0.000301,-0.000760,-0.000412,0.000428,-0.000766,0.001144,-0.000711,0.000444,0.000996,-0.000928,0.000813,-0.000368,NaN,NaN,NaN,NaN,NaN
NaN,NaN,NaN,NaN,NaN,NaN,0.016182,-0.004423,-0.015683,0.019471,-0.000421,-0.023588,0.021110,0.006439,-0.029711,0.018447,0.008702,-0.033175,0.017647,0.014498,-0.036273,0.016042,0.024106,-0.034930,0.009313,0.031339,-0.032551,-0.003446,0.034439,-0.031415,-0.004979,0.037992,NaN,-0.012079,0.037290,-0.022975,-0.018989,0.037177,-0.013060,-0.025782,0.035112,-0.006912,-0.027024,0.031619,-0.002765,-0.030252,0.026483,0.004846,-0.026189,0.018791,0.007407,-0.025574,0.011689,0.012354,-0.023148,0.007758,0.011965,-0.016131,0.004196,NaN,NaN,NaN,NaN,NaN
NaN,NaN,NaN,NaN,NaN,NaN,NaN,NaN,NaN,NaN,NaN,NaN,NaN,NaN,NaN,NaN,NaN,NaN,NaN,NaN,NaN,NaN,NaN,NaN,NaN,NaN,NaN,NaN,NaN,NaN,NaN,NaN,NaN,NaN,NaN,NaN,NaN,NaN,NaN,NaN,NaN,NaN,NaN,NaN,NaN,NaN,NaN,NaN,NaN,NaN,NaN,NaN,NaN,NaN,NaN,NaN,NaN,NaN,NaN,NaN,NaN,NaN,NaN,NaN
NaN,NaN,NaN,NaN,NaN,NaN,NaN,NaN,NaN,NaN,NaN,NaN,NaN,NaN,NaN,NaN,NaN,NaN,NaN,NaN,NaN,NaN,NaN,NaN,NaN,NaN,NaN,NaN,NaN,NaN,NaN,NaN,NaN,NaN,NaN,NaN,NaN,NaN,NaN,NaN,NaN,NaN,NaN,NaN,NaN,NaN,NaN,NaN,NaN,NaN,NaN,NaN,NaN,NaN,NaN,NaN,NaN,NaN,NaN,NaN,NaN,NaN,NaN,NaN
NaN,NaN,NaN,NaN,NaN,NaN,0.001165,0.000189,0.000742,0.000012,0.000043,-0.000102,-0.000428,0.000183,-0.002157,0.000335,0.000759,0.000451,-0.000628,-0.001405,-0.000102,-0.001180,0.000768,-0.000073,-0.000803,-0.001602,0.001096,-0.000539,-0.001202,0.002591,0.000743,0.002076,NaN,-0.000884,0.002729,0.000801,0.001086,-0.000757,0.001834,-0.000822,0.000111,-0.000089,0.000186,-0.000202,0.000953,0.000759,0.000264,0.000825,-0.000300,-0.001179,0.002137,0.000446,0.000478,0.000402,-0.000733,-0.001225,0.001071,0.000242,-0.000668,NaN,NaN,NaN,NaN,NaN
NaN,NaN,NaN,NaN,NaN,NaN,NaN,NaN,NaN,NaN,NaN,NaN,NaN,NaN,NaN,NaN,NaN,NaN,NaN,NaN,NaN,NaN,NaN,NaN,NaN,NaN,NaN,NaN,NaN,NaN,NaN,NaN,NaN,NaN,NaN,NaN,NaN,NaN,NaN,NaN,NaN,NaN,NaN,NaN,NaN,NaN,NaN,NaN,NaN,NaN,NaN,NaN,NaN,NaN,NaN,NaN,NaN,NaN,NaN,NaN,NaN,NaN,NaN,NaN
NaN,NaN,NaN,NaN,NaN,NaN,-0.000430,-0.001559,0.001300,0.000885,0.000988,0.000580,0.000147,0.000591,0.000614,0.001383,0.001038,-0.000355,0.001922,0.000333,0.000972,0.000510,0.002006,0.000161,0.001709,0.000366,0.001521,-0.000112,-0.000797,-0.001097,0.002074,0.004445,NaN,-0.002321,0.001267,0.000917,-0.001642,-0.000270,0.000552,0.000021,0.000435,-0.000727,0.001072,0.001570,-0.000603,0.000558,-0.000862,-0.000862,0.000015,-0.002056,-0.000125,0.000350,-0.000624,-0.000042,0.000215,-0.000561,0.000403,-0.000375,-0.000787,NaN,NaN,NaN,NaN,NaN
NaN,NaN,NaN,NaN,NaN,NaN,NaN,NaN,NaN,NaN,NaN,NaN,NaN,NaN,NaN,NaN,NaN,NaN,NaN,NaN,NaN,NaN,NaN,NaN,NaN,NaN,NaN,NaN,NaN,NaN,NaN,NaN,NaN,NaN,NaN,NaN,NaN,NaN,NaN,NaN,NaN,NaN,NaN,NaN,NaN,NaN,NaN,NaN,NaN,NaN,NaN,NaN,NaN,NaN,NaN,NaN,NaN,NaN,NaN,NaN,NaN,NaN,NaN,NaN
NaN,NaN,NaN,NaN,NaN,NaN,NaN,NaN,NaN,NaN,NaN,NaN,NaN,NaN,NaN,NaN,NaN,NaN,NaN,NaN,NaN,NaN,NaN,NaN,NaN,NaN,NaN,NaN,NaN,NaN,NaN,NaN,NaN,NaN,NaN,NaN,NaN,NaN,NaN,NaN,NaN,NaN,NaN,NaN,NaN,NaN,NaN,NaN,NaN,NaN,NaN,NaN,NaN,NaN,NaN,NaN,NaN,NaN,NaN,NaN,NaN,NaN,NaN,NaN
NaN,NaN,NaN,NaN,NaN,NaN,NaN,NaN,NaN,NaN,NaN,NaN,NaN,NaN,NaN,NaN,NaN,NaN,NaN,NaN,NaN,NaN,NaN,NaN,NaN,NaN,NaN,NaN,NaN,NaN,NaN,NaN,NaN,NaN,NaN,NaN,NaN,NaN,NaN,NaN,NaN,NaN,NaN,NaN,NaN,NaN,NaN,NaN,NaN,NaN,NaN,NaN,NaN,NaN,NaN,NaN,NaN,NaN,NaN,NaN,NaN,NaN,NaN,NaN
NaN,NaN,NaN,NaN,NaN,NaN,NaN,NaN,NaN,NaN,NaN,NaN,NaN,NaN,NaN,NaN,NaN,NaN,NaN,NaN,NaN,NaN,NaN,NaN,NaN,NaN,NaN,NaN,NaN,NaN,NaN,NaN,NaN,NaN,NaN,NaN,NaN,NaN,NaN,NaN,NaN,NaN,NaN,NaN,NaN,NaN,NaN,NaN,NaN,NaN,NaN,NaN,NaN,NaN,NaN,NaN,NaN,NaN,NaN,NaN,NaN,NaN,NaN,NaN
NaN,NaN,NaN,NaN,NaN,NaN,NaN,NaN,NaN,NaN,NaN,NaN,NaN,NaN,NaN,NaN,NaN,NaN,NaN,NaN,NaN,NaN,NaN,NaN,NaN,NaN,NaN,NaN,NaN,NaN,NaN,NaN,NaN,NaN,NaN,NaN,NaN,NaN,NaN,NaN,NaN,NaN,NaN,NaN,NaN,NaN,NaN,NaN,NaN,NaN,NaN,NaN,NaN,NaN,NaN,NaN,NaN,NaN,NaN,NaN,NaN,NaN,NaN,NaN
NaN,NaN,NaN,NaN,NaN,NaN,-0.000421,0.000109,-0.000556,-0.001113,-0.000179,-0.000005,0.001396,0.000830,-0.000168,0.000004,-0.000112,-0.000642,0.000269,0.001151,-0.001172,0.000865,-0.000215,0.000427,0.000059,0.000453,-0.000556,0.001289,0.000113,0.001365,-0.000231,-0.001358,NaN,-0.000226,0.000520,-0.001755,0.001206,-0.000180,-0.000678,-0.000143,0.000057,-0.000634,0.000665,-0.000145,0.001638,0.000485,0.000231,-0.000546,0.000686,0.000578,-0.001656,-0.000328,-0.001212,0.000804,-0.001054,0.000275,0.000755,0.001077,0.001233,NaN,NaN,NaN,NaN,NaN
NaN,NaN,NaN,NaN,NaN,NaN,-0.000680,-0.000280,0.000527,-0.000478,0.000268,0.000451,0.001199,-0.000213,0.000420,0.002174,-0.000458,0.000966,0.000540,0.001060,-0.000836,-0.001571,-0.001210,-0.000589,-0.000036,-0.000699,-0.000990,-0.000649,0.000588,0.002121,0.000280,0.002008,NaN,-0.006794,-0.000364,0.002310,0.000783,-0.000170,-0.000183,0.001029,0.000050,-0.000810,0.000817,0.001020,0.001078,0.001003,-0.000027,0.000055,0.000435,0.000417,-0.000629,-0.000872,0.001215,0.000866,0.000451,0.000049,-0.000469,0.001444,0.000996,NaN,NaN,NaN,NaN,NaN
NaN,NaN,NaN,NaN,NaN,NaN,NaN,NaN,NaN,NaN,NaN,NaN,NaN,NaN,NaN,NaN,NaN,NaN,NaN,NaN,NaN,NaN,NaN,NaN,NaN,NaN,NaN,NaN,NaN,NaN,NaN,NaN,NaN,NaN,NaN,NaN,NaN,NaN,NaN,NaN,NaN,NaN,NaN,NaN,NaN,NaN,NaN,NaN,NaN,NaN,NaN,NaN,NaN,NaN,NaN,NaN,NaN,NaN,NaN,NaN,NaN,NaN,NaN,NaN
NaN,NaN,NaN,NaN,NaN,NaN,NaN,NaN,NaN,NaN,NaN,NaN,NaN,NaN,NaN,NaN,NaN,NaN,NaN,NaN,NaN,NaN,NaN,NaN,NaN,NaN,NaN,NaN,NaN,NaN,NaN,NaN,NaN,NaN,NaN,NaN,NaN,NaN,NaN,NaN,NaN,NaN,NaN,NaN,NaN,NaN,NaN,NaN,NaN,NaN,NaN,NaN,NaN,NaN,NaN,NaN,NaN,NaN,NaN,NaN,NaN,NaN,NaN,NaN
NaN,NaN,NaN,NaN,NaN,NaN,0.015250,0.009145,0.005224,-0.001133,-0.010860,-0.018386,-0.026518,-0.032484,-0.036485,-0.035566,-0.031809,-0.023538,-0.016033,-0.003109,0.008390,0.022849,0.029955,0.042874,0.042418,0.044897,0.041660,0.033189,0.024690,0.013301,-0.000022,-0.013679,NaN,-0.037248,-0.042482,-0.041932,-0.047446,-0.039114,-0.030203,-0.020282,-0.007324,0.006483,0.020085,0.027248,0.032606,0.035130,0.034888,0.035722,0.027283,0.020504,0.009407,0.001381,-0.007244,-0.012912,-0.018631,-0.020599,-0.020343,-0.017063,-0.015617,NaN,NaN,NaN,NaN,NaN
NaN,NaN,NaN,NaN,NaN,NaN,NaN,NaN,NaN,NaN,NaN,NaN,NaN,NaN,NaN,NaN,NaN,NaN,NaN,NaN,NaN,NaN,NaN,NaN,NaN,NaN,NaN,NaN,NaN,NaN,NaN,NaN,NaN,NaN,NaN,NaN,NaN,NaN,NaN,NaN,NaN,NaN,NaN,NaN,NaN,NaN,NaN,NaN,NaN,NaN,NaN,NaN,NaN,NaN,NaN,NaN,NaN,NaN,NaN,NaN,NaN,NaN,NaN,NaN
NaN,NaN,NaN,NaN,NaN,NaN,NaN,NaN,NaN,NaN,NaN,NaN,NaN,NaN,NaN,NaN,NaN,NaN,NaN,NaN,NaN,NaN,NaN,NaN,NaN,NaN,NaN,NaN,NaN,NaN,NaN,NaN,NaN,NaN,NaN,NaN,NaN,NaN,NaN,NaN,NaN,NaN,NaN,NaN,NaN,NaN,NaN,NaN,NaN,NaN,NaN,NaN,NaN,NaN,NaN,NaN,NaN,NaN,NaN,NaN,NaN,NaN,NaN,NaN
NaN,NaN,NaN,NaN,NaN,NaN,-0.011169,0.004015,0.005346,-0.015363,0.022199,-0.027229,0.022105,-0.012329,-0.000816,0.013133,-0.026672,0.033013,-0.031138,0.025597,-0.007829,-0.007978,0.023510,-0.033365,0.039197,-0.031331,0.018347,0.000494,-0.018048,0.031209,-0.037621,0.037528,NaN,0.013517,0.008183,-0.022698,0.033084,-0.039273,0.031946,-0.018028,0.001542,0.014575,-0.025627,0.033243,-0.031092,0.022510,-0.010430,-0.002349,0.015928,-0.023021,0.026873,-0.023664,0.013340,-0.002600,-0.007442,0.014478,-0.016696,0.017215,-0.011423,NaN,NaN,NaN,NaN,NaN
NaN,NaN,NaN,NaN,NaN,NaN,0.017138,0.019870,0.022561,0.019419,0.015258,0.008088,-0.000869,-0.012738,-0.020585,-0.030863,-0.036522,-0.035473,-0.030265,-0.022277,-0.012721,0.000138,0.013379,0.026429,0.033552,0.040904,0.041045,0.037254,0.028255,0.016180,0.000966,-0.014563,NaN,-0.034949,-0.040760,-0.040234,-0.040373,-0.027627,-0.017005,-0.005702,0.008153,0.022213,0.034818,0.037456,0.034238,0.030700,0.021564,0.015111,0.004070,-0.006753,-0.015662,-0.022488,-0.024725,-0.023859,-0.021633,-0.014658,-0.008427,-0.002211,0.002675,NaN,NaN,NaN,NaN,NaN
NaN,NaN,NaN,NaN,NaN,NaN,NaN,NaN,NaN,NaN,NaN,NaN,NaN,NaN,NaN,NaN,NaN,NaN,NaN,NaN,NaN,NaN,NaN,NaN,NaN,NaN,NaN,NaN,NaN,NaN,NaN,NaN,NaN,NaN,NaN,NaN,NaN,NaN,NaN,NaN,NaN,NaN,NaN,NaN,NaN,NaN,NaN,NaN,NaN,NaN,NaN,NaN,NaN,NaN,NaN,NaN,NaN,NaN,NaN,NaN,NaN,NaN,NaN,NaN
NaN,NaN,NaN,NaN,NaN,NaN,0.013327,0.019097,0.023841,0.024090,0.020446,0.015785,0.007226,-0.003290,-0.012630,-0.024311,-0.031623,-0.037137,-0.037433,-0.031774,-0.021690,-0.011565,0.001904,0.018127,0.028591,0.035986,0.042335,0.041684,0.038671,0.028001,0.015271,0.000461,NaN,-0.028482,-0.036738,-0.039577,-0.042462,-0.036835,-0.028232,-0.015831,-0.000356,0.012864,0.024512,0.034411,0.035143,0.034869,0.029645,0.023278,0.012282,0.001955,-0.008633,-0.015626,-0.021721,-0.023607,-0.021874,-0.019421,-0.014523,-0.007136,-0.001184,NaN,NaN,NaN,NaN,NaN
NaN,NaN,NaN,NaN,NaN,NaN,0.009548,-0.002242,0.014952,0.019451,0.021905,-0.009656,0.007827,-0.016121,-0.001605,0.018856,-0.007762,0.013046,0.013736,-0.034864,-0.021748,-0.002014,-0.024729,0.033318,-0.036946,-0.011059,-0.003842,-0.027411,0.035189,-0.023941,0.007962,-0.039313,NaN,0.000289,0.024954,-0.036680,-0.023796,-0.035585,0.035710,0.003039,0.025384,0.002406,-0.001300,-0.000052,-0.000023,0.000808,0.000160,0.002132,0.001425,-0.000512,-0.001416,-0.000614,0.000696,-0.000129,0.014618,0.000680,-0.000100,0.000148,0.001318,NaN,NaN,NaN,NaN,NaN
NaN,NaN,NaN,NaN,NaN,NaN,-0.013634,-0.018717,-0.022542,-0.017843,-0.010070,0.002280,0.014787,0.025516,0.032750,0.031064,0.023327,0.007840,-0.007762,-0.025187,-0.034638,-0.041249,-0.036050,-0.021933,-0.003652,0.013525,0.030783,0.039789,0.041440,0.033565,0.017258,-0.003784,NaN,-0.035848,-0.041551,-0.037659,-0.029178,-0.010512,0.006930,0.025238,0.035218,0.038537,0.033237,0.018676,0.004703,-0.013514,-0.024821,-0.032983,-0.029584,-0.024281,-0.009832,0.002964,0.014623,0.022160,0.021435,0.020975,0.012564,0.003209,-0.003355,NaN,NaN,NaN,NaN,NaN
NaN,NaN,NaN,NaN,NaN,NaN,NaN,NaN,NaN,NaN,NaN,NaN,NaN,NaN,NaN,NaN,NaN,NaN,NaN,NaN,NaN,NaN,NaN,NaN,NaN,NaN,NaN,NaN,NaN,NaN,NaN,NaN,NaN,NaN,NaN,NaN,NaN,NaN,NaN,NaN,NaN,NaN,NaN,NaN,NaN,NaN,NaN,NaN,NaN,NaN,NaN,NaN,NaN,NaN,NaN,NaN,NaN,NaN,NaN,NaN,NaN,NaN,NaN,NaN
NaN,NaN,NaN,NaN,NaN,NaN,0.000378,0.000212,0.000562,0.000300,-0.001053,-0.001715,0.000207,-0.000153,0.000659,-0.000501,-0.000454,0.000355,-0.001166,0.000953,0.000283,0.000760,0.001237,-0.000765,-0.000715,0.001096,0.002789,-0.001359,-0.001260,0.000381,-0.002052,-0.004654,NaN,0.002364,-0.001004,0.000127,0.001160,0.000641,0.001548,-0.002690,0.000257,0.000951,-0.001356,0.000130,0.000075,-0.001640,0.000809,-0.000121,-0.000728,0.000555,-0.000108,0.000826,-0.000017,-0.000269,0.000842,-0.000947,-0.000177,-0.000705,-0.000308,NaN,NaN,NaN,NaN,NaN
NaN,NaN,NaN,NaN,NaN,NaN,0.000760,0.000684,0.000592,0.000030,0.000765,-0.000274,0.000040,0.000300,-0.000180,-0.000656,0.001118,-0.000531,0.000517,0.000496,-0.000400,0.000409,-0.000632,0.001861,0.000316,-0.000904,-0.000743,0.001157,-0.000167,-0.000390,0.001043,-0.001215,NaN,-0.001060,0.001396,-0.000487,-0.001247,0.000090,-0.000734,-0.001617,0.000122,-0.000200,0.000588,-0.000334,-0.000850,0.000890,-0.000826,-0.001919,0.000852,-0.001054,-0.002540,0.000135,-0.000023,-0.001124,0.000200,-0.000560,0.000904,0.000300,0.000391,NaN,NaN,NaN,NaN,NaN
NaN,NaN,NaN,NaN,NaN,NaN,0.017650,0.011667,-0.008708,-0.019211,-0.013203,0.012281,0.026614,0.010209,-0.019579,-0.029142,-0.003157,0.027086,0.028217,-0.004472,-0.030247,-0.026399,0.008457,0.037497,0.022389,-0.011022,-0.039688,-0.020860,0.021914,0.036675,0.007928,-0.030157,NaN,-0.008561,0.033020,0.032412,0.001300,-0.033038,-0.030328,0.005697,0.033462,0.025122,-0.013643,-0.034324,-0.012787,0.020639,0.030330,0.010067,-0.020098,-0.025363,-0.003845,0.018689,0.022593,0.000293,-0.017113,-0.014323,0.004060,0.014471,0.008457,NaN,NaN,NaN,NaN,NaN
NaN,NaN,NaN,NaN,NaN,NaN,-0.012713,-0.018752,-0.021199,-0.020198,-0.011073,-0.001103,0.011816,0.022141,0.029947,0.032122,0.024871,0.010917,-0.005245,-0.019297,-0.032928,-0.039969,-0.033280,-0.023993,-0.006137,0.009561,0.028409,0.036230,0.041265,0.033201,0.017641,-0.000874,NaN,-0.032083,-0.041500,-0.037337,-0.030822,-0.012870,0.005489,0.020862,0.032399,0.035547,0.032491,0.019854,0.006821,-0.010606,-0.022207,-0.031731,-0.029417,-0.024610,-0.011836,0.002024,0.010547,0.019832,0.020563,0.020482,0.013343,0.004777,-0.002892,NaN,NaN,NaN,NaN,NaN
NaN,NaN,NaN,NaN,NaN,NaN,0.018003,0.018516,0.018204,0.015196,0.010716,0.002738,-0.004828,-0.014533,-0.021394,-0.027711,-0.034317,-0.033202,-0.030648,-0.024280,-0.015420,-0.004814,0.008458,0.020110,0.028914,0.036393,0.040154,0.039687,0.034026,0.026843,0.017907,0.003472,NaN,-0.020059,-0.028423,-0.035184,-0.038149,-0.036991,-0.034499,-0.026062,-0.015439,-0.003151,0.009436,0.018572,0.025892,0.030623,0.032440,0.030234,0.027156,0.018454,0.007865,0.003073,-0.005781,-0.011905,-0.015225,-0.017166,-0.017666,-0.016245,-0.012546,NaN,NaN,NaN,NaN,NaN
NaN,NaN,NaN,NaN,NaN,NaN,-0.014615,-0.004992,0.020125,-0.008433,-0.017972,0.022901,0.005152,-0.028871,0.014744,0.021266,-0.031031,-0.003382,0.034088,-0.020838,-0.020340,0.035750,-0.002368,-0.035795,0.025832,0.020610,-0.038855,0.004223,0.037242,-0.030818,-0.017879,0.041612,NaN,-0.032422,0.032368,0.012296,-0.040147,0.014757,0.028213,-0.031026,-0.008530,0.037522,-0.017533,-0.024363,0.030377,0.003060,-0.032315,0.017628,0.018083,-0.027024,0.001264,0.025471,-0.015276,-0.012832,0.021327,-0.002249,-0.016973,0.012421,0.005554,NaN,NaN,NaN,NaN,NaN
NaN,NaN,NaN,NaN,NaN,NaN,-0.002212,-0.010699,-0.019285,-0.024419,-0.021506,-0.015518,-0.001847,0.012374,0.024475,0.031815,0.033080,0.026050,0.011173,-0.003955,-0.020887,-0.035973,-0.036640,-0.034739,-0.022260,-0.004072,0.013499,0.027933,0.037350,0.036860,0.028821,0.015440,NaN,-0.021978,-0.035753,-0.038561,-0.035543,-0.023297,-0.003586,0.012793,0.027819,0.035832,0.035740,0.026687,0.014427,-0.003489,-0.016854,-0.027769,-0.029985,-0.025699,-0.015738,-0.003812,0.008590,0.017975,0.020266,0.019443,0.014114,0.004760,-0.002360,NaN,NaN,NaN,NaN,NaN
NaN,NaN,NaN,NaN,NaN,NaN,-0.000222,-0.000055,-0.000599,-0.000074,0.000018,-0.001316,-0.000592,0.001226,-0.001128,-0.000082,-0.000163,-0.000361,-0.002303,-0.000075,-0.000748,-0.000244,-0.001443,0.001153,0.000843,0.000128,0.000619,-0.000181,0.001499,0.000253,0.000011,-0.001523,NaN,-0.001282,0.001078,-0.001188,0.000407,-0.000573,-0.001228,-0.000234,-0.001643,0.001558,-0.000435,-0.000040,0.000492,-0.000081,0.000072,0.001026,0.000074,-0.000755,0.000746,0.000018,0.000224,-0.000841,-0.000025,0.001604,-0.000210,-0.000072,-0.001374,NaN,NaN,NaN,NaN,NaN
NaN,NaN,NaN,NaN,NaN,NaN,-0.000625,0.001199,-0.000492,0.000509,0.000621,0.000696,-0.000052,-0.000836,0.000699,0.000700,-0.000444,0.000346,0.000628,-0.001293,0.000733,0.000308,-0.001931,0.001452,-0.001220,-0.000423,-0.000954,-0.000400,0.001998,0.000125,-0.002520,-0.001093,NaN,-0.002503,-0.001025,0.001121,-0.001099,0.002519,0.000432,-0.000389,0.000745,-0.000480,-0.000888,-0.000574,-0.000641,0.000475,-0.001808,0.000266,-0.000116,-0.000289,-0.001201,-0.000431,0.000909,-0.001324,-0.000960,-0.000546,0.000286,-0.000117,0.000065,NaN,NaN,NaN,NaN,NaN
NaN,NaN,NaN,NaN,NaN,NaN,0.016376,0.012641,0.008086,0.001726,-0.005500,-0.012563,-0.020888,-0.027209,-0.032737,-0.033713,-0.033590,-0.026977,-0.020311,-0.009456,-0.000012,0.012179,0.020827,0.033263,0.037704,0.040981,0.039653,0.037807,0.029603,0.019916,0.007625,-0.005610,NaN,-0.028615,-0.037204,-0.040199,-0.041499,-0.037532,-0.034193,-0.024627,-0.014849,-0.002563,0.008586,0.019824,0.027479,0.032433,0.032647,0.033031,0.029495,0.023866,0.013503,0.006160,-0.003172,-0.007946,-0.012621,-0.018254,-0.016993,-0.017703,-0.014584,NaN,NaN,NaN,NaN,NaN
NaN,NaN,NaN,NaN,NaN,NaN,NaN,NaN,NaN,NaN,NaN,NaN,NaN,NaN,NaN,NaN,NaN,NaN,NaN,NaN,NaN,NaN,NaN,NaN,NaN,NaN,NaN,NaN,NaN,NaN,NaN,NaN,NaN,NaN,NaN,NaN,NaN,NaN,NaN,NaN,NaN,NaN,NaN,NaN,NaN,NaN,NaN,NaN,NaN,NaN,NaN,NaN,NaN,NaN,NaN,NaN,NaN,NaN,NaN,NaN,NaN,NaN,NaN,NaN
NaN,NaN,NaN,NaN,NaN,NaN,0.000141,0.000025,-0.000916,0.000666,-0.000361,0.000752,-0.000067,0.001801,-0.000469,-0.000768,-0.000496,0.000515,-0.001250,0.000909,0.000317,-0.000816,0.000097,-0.000315,-0.000750,-0.002398,-0.000449,-0.000840,-0.001004,0.000861,-0.000514,-0.000643,NaN,-0.000758,-0.000859,0.002300,0.000416,-0.000245,-0.000367,-0.002070,-0.000246,0.000663,-0.000257,-0.000568,0.000252,-0.000209,0.001155,-0.000792,-0.000411,0.000943,-0.000857,-0.001197,-0.001351,0.000086,-0.001945,-0.001190,0.000192,0.000240,-0.001630,NaN,NaN,NaN,NaN,NaN
NaN,NaN,NaN,NaN,NaN,NaN,NaN,NaN,NaN,NaN,NaN,NaN,NaN,NaN,NaN,NaN,NaN,NaN,NaN,NaN,NaN,NaN,NaN,NaN,NaN,NaN,NaN,NaN,NaN,NaN,NaN,NaN,NaN,NaN,NaN,NaN,NaN,NaN,NaN,NaN,NaN,NaN,NaN,NaN,NaN,NaN,NaN,NaN,NaN,NaN,NaN,NaN,NaN,NaN,NaN,NaN,NaN,NaN,NaN,NaN,NaN,NaN,NaN,NaN
NaN,NaN,NaN,NaN,NaN,NaN,-0.016843,-0.019166,-0.018317,-0.010584,-0.001300,0.009402,0.019737,0.027798,0.031760,0.027772,0.018970,0.003394,-0.009165,-0.023155,-0.034829,-0.038141,-0.035515,-0.026263,-0.010045,0.006412,0.024473,0.034527,0.042790,0.038271,0.029764,0.015353,NaN,-0.018922,-0.032213,-0.036546,-0.038729,-0.033302,-0.018874,-0.001091,0.013001,0.027801,0.035542,0.034930,0.030638,0.019001,0.006696,-0.008201,-0.020490,-0.026821,-0.028242,-0.024802,-0.015936,-0.004391,0.003328,0.009776,0.017031,0.016393,0.014332,NaN,NaN,NaN,NaN,NaN
NaN,NaN,NaN,NaN,NaN,NaN,NaN,NaN,NaN,NaN,NaN,NaN,NaN,NaN,NaN,NaN,NaN,NaN,NaN,NaN,NaN,NaN,NaN,NaN,NaN,NaN,NaN,NaN,NaN,NaN,NaN,NaN,NaN,NaN,NaN,NaN,NaN,NaN,NaN,NaN,NaN,NaN,NaN,NaN,NaN,NaN,NaN,NaN,NaN,NaN,NaN,NaN,NaN,NaN,NaN,NaN,NaN,NaN,NaN,NaN,NaN,NaN,NaN,NaN
NaN,NaN,NaN,NaN,NaN,NaN,NaN,NaN,NaN,NaN,NaN,NaN,NaN,NaN,NaN,NaN,NaN,NaN,NaN,NaN,NaN,NaN,NaN,NaN,NaN,NaN,NaN,NaN,NaN,NaN,NaN,NaN,NaN,NaN,NaN,NaN,NaN,NaN,NaN,NaN,NaN,NaN,NaN,NaN,NaN,NaN,NaN,NaN,NaN,NaN,NaN,NaN,NaN,NaN,NaN,NaN,NaN,NaN,NaN,NaN,NaN,NaN,NaN,NaN
NaN,NaN,NaN,NaN,NaN,NaN,NaN,NaN,NaN,NaN,NaN,NaN,NaN,NaN,NaN,NaN,NaN,NaN,NaN,NaN,NaN,NaN,NaN,NaN,NaN,NaN,NaN,NaN,NaN,NaN,NaN,NaN,NaN,NaN,NaN,NaN,NaN,NaN,NaN,NaN,NaN,NaN,NaN,NaN,NaN,NaN,NaN,NaN,NaN,NaN,NaN,NaN,NaN,NaN,NaN,NaN,NaN,NaN,NaN,NaN,NaN,NaN,NaN,NaN
NaN,NaN,NaN,NaN,NaN,NaN,-0.001077,0.000039,0.001148,-0.001085,-0.000058,-0.000403,0.000976,-0.000713,0.000566,-0.000173,0.001001,-0.000542,0.000813,-0.000178,-0.000031,0.000713,-0.000277,-0.000962,-0.000373,0.000548,-0.000204,-0.001609,-0.000929,-0.000238,-0.001185,-0.002654,NaN,-0.002177,-0.001780,-0.000454,-0.001871,0.000112,-0.000704,0.000722,-0.000271,0.001619,-0.000806,0.001563,0.000870,-0.000465,-0.000170,0.000686,-0.000210,0.000207,-0.000920,-0.000596,-0.000330,-0.000398,-0.000079,-0.000618,-0.000254,-0.001146,-0.000566,NaN,NaN,NaN,NaN,NaN
NaN,NaN,NaN,NaN,NaN,NaN,NaN,NaN,NaN,NaN,NaN,NaN,NaN,NaN,NaN,NaN,NaN,NaN,NaN,NaN,NaN,NaN,NaN,NaN,NaN,NaN,NaN,NaN,NaN,NaN,NaN,NaN,NaN,NaN,NaN,NaN,NaN,NaN,NaN,NaN,NaN,NaN,NaN,NaN,NaN,NaN,NaN,NaN,NaN,NaN,NaN,NaN,NaN,NaN,NaN,NaN,NaN,NaN,NaN,NaN,NaN,NaN,NaN,NaN
NaN,NaN,NaN,NaN,NaN,NaN,0.003219,0.019464,0.015157,-0.003936,-0.023521,-0.017047,0.010553,0.028688,0.017417,-0.015061,-0.032452,-0.018112,0.018097,0.036092,0.014716,-0.023803,-0.036655,-0.010429,0.026956,0.037812,0.008198,-0.032711,-0.036291,-0.007084,0.032945,0.036894,NaN,-0.037778,-0.033090,0.004492,0.037757,0.030262,-0.008629,-0.037123,-0.026207,0.012665,0.035381,0.021706,-0.011888,-0.033653,-0.018550,0.016599,0.031824,0.013268,-0.017409,-0.027397,-0.009171,0.014584,0.020702,0.008186,-0.014418,-0.015770,-0.002429,NaN,NaN,NaN,NaN,NaN
NaN,NaN,NaN,NaN,NaN,NaN,0.000272,0.000516,-0.000647,0.000908,0.000306,0.000419,-0.001103,-0.000042,-0.000892,-0.000276,-0.000611,0.000179,-0.000694,-0.000617,0.000428,0.000525,0.000724,-0.000753,-0.000486,-0.000731,0.000287,0.001411,-0.001346,0.000893,-0.000093,-0.000556,NaN,0.001169,0.000136,0.000239,0.000779,-0.000411,0.000476,-0.000169,0.000030,0.000105,0.000373,0.000191,-0.000546,-0.000262,0.000657,0.001272,0.000936,0.001676,-0.000001,-0.000147,0.001720,0.001514,0.000373,0.000225,0.001042,0.000027,0.000962,NaN,NaN,NaN,NaN,NaN
NaN,NaN,NaN,NaN,NaN,NaN,-0.000237,0.000110,0.000511,-0.000441,0.000374,0.000846,0.000329,-0.000602,-0.000521,-0.000813,-0.000217,0.001317,-0.000157,0.000249,0.000264,0.000126,-0.000522,-0.000848,0.000832,-0.000692,0.000138,0.000916,0.001023,-0.001875,-0.000868,0.000529,NaN,0.000996,0.001574,-0.000948,0.000662,-0.000494,0.000032,0.000517,-0.000236,-0.000371,-0.000188,-0.000642,-0.001254,0.000629,0.001372,0.000130,-0.001621,0.000074,0.000420,-0.000491,-0.000155,0.000131,-0.000155,-0.000538,0.001371,0.000115,-0.000440,NaN,NaN,NaN,NaN,NaN
NaN,NaN,NaN,NaN,NaN,NaN,0.012180,0.017038,0.024135,0.024080,0.022099,0.015386,0.010058,-0.002818,-0.012329,-0.024650,-0.032806,-0.035815,-0.033826,-0.029048,-0.018991,-0.011659,0.003555,0.018970,0.027551,0.037926,0.041528,0.039258,0.033562,0.022005,0.007465,-0.008099,NaN,-0.030251,-0.038997,-0.037695,-0.039306,-0.029251,-0.020336,-0.007543,0.008551,0.018299,0.031881,0.036983,0.035397,0.030422,0.022229,0.016286,0.003698,-0.007256,-0.015826,-0.023323,-0.025463,-0.024849,-0.020545,-0.015442,-0.007629,-0.000031,0.005588,NaN,NaN,NaN,NaN,NaN
NaN,NaN,NaN,NaN,NaN,NaN,0.009725,0.015652,0.023572,0.024907,0.027571,0.021147,0.012914,0.000517,-0.008977,-0.024400,-0.033599,-0.039266,-0.037726,-0.031951,-0.021342,-0.012068,0.003202,0.019998,0.032243,0.040581,0.044455,0.041593,0.035392,0.020114,0.005384,-0.009738,NaN,-0.037528,-0.044063,-0.041267,-0.040627,-0.027091,-0.016185,-0.000051,0.013344,0.028265,0.038429,0.040389,0.034784,0.029460,0.018074,0.008464,-0.003662,-0.015881,-0.022681,-0.028074,-0.028983,-0.023224,-0.018086,-0.010010,-0.002296,0.004986,0.011590,NaN,NaN,NaN,NaN,NaN
NaN,NaN,NaN,NaN,NaN,NaN,0.005800,-0.004191,0.001755,-0.014475,-0.031181,-0.014192,-0.007490,-0.038844,-0.022584,0.013562,-0.000988,-0.003094,0.007106,0.028436,-0.037904,0.041528,0.015155,-0.033613,-0.047969,-0.017908,-0.017987,0.050984,0.029073,0.019945,0.035619,-0.018816,NaN,0.017524,-0.034295,0.038332,0.030921,0.016535,-0.047045,-0.038651,0.001159,-0.044673,-0.008968,-0.023542,-0.018284,-0.004140,0.008167,-0.012081,-0.005248,-0.006158,-0.009437,0.005954,0.001370,-0.005495,0.005437,0.000374,0.007218,0.005946,-0.000457,NaN,NaN,NaN,NaN,NaN
NaN,NaN,NaN,NaN,NaN,NaN,0.012941,0.018127,0.025314,0.026061,0.024543,0.017654,0.010100,-0.001022,-0.014188,-0.027420,-0.035548,-0.039071,-0.035976,-0.030474,-0.019851,-0.007737,0.009366,0.025801,0.035931,0.042031,0.044894,0.041935,0.032678,0.019148,0.001102,-0.016223,NaN,-0.039361,-0.044644,-0.042067,-0.037789,-0.026382,-0.010173,0.004402,0.020108,0.029856,0.040220,0.040722,0.035090,0.028008,0.015923,0.005617,-0.008207,-0.017828,-0.025841,-0.031179,-0.027389,-0.021770,-0.016488,-0.007935,0.001809,0.006935,0.011768,NaN,NaN,NaN,NaN,NaN
NaN,NaN,NaN,NaN,NaN,NaN,0.005487,0.000672,-0.006534,-0.013123,-0.021662,-0.028159,-0.032079,-0.033931,-0.032939,-0.030108,-0.022565,-0.015456,-0.005153,0.007358,0.018037,0.028667,0.037517,0.044874,0.042782,0.044131,0.038947,0.031417,0.022440,0.010586,-0.001888,-0.015887,NaN,-0.035135,-0.040284,-0.044688,-0.046019,-0.038386,-0.032472,-0.023230,-0.013373,-0.001353,0.010333,0.021235,0.027071,0.032317,0.034063,0.036894,0.033106,0.026697,0.018899,0.012485,0.004031,-0.003337,-0.009441,-0.015437,-0.017413,-0.016634,-0.016393,NaN,NaN,NaN,NaN,NaN
NaN,NaN,NaN,NaN,NaN,NaN,0.017254,0.021284,0.023631,0.022230,0.016495,0.009121,0.000856,-0.010974,-0.022087,-0.031532,-0.037066,-0.038166,-0.033860,-0.026445,-0.013794,-0.001562,0.013506,0.028012,0.036683,0.044489,0.045040,0.041992,0.030489,0.018595,0.004317,-0.013073,NaN,-0.038324,-0.042399,-0.043863,-0.041659,-0.032081,-0.019943,-0.005317,0.009493,0.022901,0.034487,0.039222,0.038967,0.034708,0.026879,0.017630,0.005703,-0.006612,-0.016554,-0.022840,-0.027542,-0.026711,-0.023399,-0.017076,-0.011000,-0.003382,0.004008,NaN,NaN,NaN,NaN,NaN
NaN,NaN,NaN,NaN,NaN,NaN,0.020361,0.020801,0.020332,0.014578,0.009011,0.000514,-0.010393,-0.020546,-0.028839,-0.034803,-0.038677,-0.036170,-0.028900,-0.020624,-0.007293,0.004754,0.018252,0.030496,0.038784,0.044140,0.043777,0.039910,0.031820,0.018781,0.005543,-0.012669,NaN,-0.035234,-0.043999,-0.043611,-0.043210,-0.035396,-0.026920,-0.013000,-0.000527,0.015716,0.027544,0.032133,0.036824,0.035970,0.034241,0.027146,0.018095,0.008560,-0.004148,-0.012887,-0.020353,-0.023661,-0.023284,-0.021780,-0.017364,-0.011742,-0.007529,NaN,NaN,NaN,NaN,NaN
NaN,NaN,NaN,NaN,NaN,NaN,0.014678,0.020129,0.025325,0.023886,0.020190,0.014056,0.005093,-0.009167,-0.019119,-0.029900,-0.037303,-0.040520,-0.034744,-0.027835,-0.018575,-0.003001,0.010517,0.027617,0.036492,0.044899,0.044974,0.039230,0.032569,0.015555,0.001792,-0.016270,NaN,-0.038918,-0.046153,-0.042287,-0.040371,-0.027115,-0.014184,-0.001437,0.015165,0.027488,0.037052,0.040013,0.037767,0.031301,0.020335,0.010172,-0.000872,-0.012797,-0.021595,-0.027769,-0.027210,-0.024821,-0.020364,-0.013353,-0.003543,0.003045,0.009267,NaN,NaN,NaN,NaN,NaN
NaN,NaN,NaN,NaN,NaN,NaN,0.011818,0.018706,0.024266,0.024689,0.024122,0.015917,0.008751,-0.005085,-0.015439,-0.027837,-0.035811,-0.039832,-0.036768,-0.030425,-0.017281,-0.006254,0.011151,0.024769,0.036035,0.042901,0.043416,0.038670,0.029655,0.016100,-0.001310,-0.015487,NaN,-0.039904,-0.044052,-0.043068,-0.036680,-0.022620,-0.008872,0.006221,0.020853,0.030849,0.039019,0.039711,0.037188,0.027338,0.014112,0.002756,-0.009607,-0.019783,-0.027745,-0.031301,-0.028289,-0.022102,-0.013645,-0.007756,0.001406,0.008594,0.014207,NaN,NaN,NaN,NaN,NaN
NaN,NaN,NaN,NaN,NaN,NaN,0.011680,0.018405,0.024711,0.024052,0.024031,0.017775,0.009987,-0.002445,-0.013514,-0.025249,-0.034866,-0.039495,-0.039354,-0.031979,-0.022233,-0.012682,0.004297,0.019886,0.030577,0.041553,0.044488,0.042829,0.036791,0.026685,0.009445,-0.006039,NaN,-0.034989,-0.042025,-0.043354,-0.043222,-0.035549,-0.019399,-0.008338,0.007547,0.021690,0.033037,0.039688,0.038948,0.035429,0.026470,0.018355,0.002993,-0.007062,-0.016382,-0.024474,-0.027492,-0.026339,-0.021459,-0.017011,-0.008375,-0.000387,0.005772,NaN,NaN,NaN,NaN,NaN
NaN,NaN,NaN,NaN,NaN,NaN,0.015531,0.011175,0.006140,-0.002070,-0.008709,-0.015964,-0.025763,-0.032192,-0.033737,-0.034472,-0.032666,-0.024631,-0.016436,-0.004250,0.005565,0.019434,0.028969,0.037851,0.043098,0.043853,0.042521,0.036099,0.028401,0.014237,0.001598,-0.012409,NaN,-0.032469,-0.040419,-0.043917,-0.045911,-0.039108,-0.031630,-0.020795,-0.009146,0.004334,0.015188,0.024832,0.031328,0.035137,0.034594,0.035316,0.029908,0.020468,0.013264,0.002408,-0.006598,-0.012417,-0.016646,-0.018416,-0.020271,-0.019309,-0.013692,NaN,NaN,NaN,NaN,NaN
NaN,NaN,NaN,NaN,NaN,NaN,0.018367,0.022215,0.024619,0.021473,0.016183,0.008182,-0.000946,-0.012278,-0.023163,-0.030483,-0.037753,-0.038942,-0.032745,-0.027170,-0.017486,-0.002370,0.010351,0.025087,0.035836,0.041777,0.046724,0.040438,0.037022,0.026041,0.008852,-0.004813,NaN,-0.030501,-0.039829,-0.042694,-0.045800,-0.037171,-0.027854,-0.015024,-0.000932,0.012304,0.025570,0.034434,0.037431,0.037036,0.033328,0.026624,0.015872,0.004576,-0.005739,-0.015916,-0.022822,-0.023962,-0.025076,-0.020990,-0.015561,-0.011503,-0.004627,NaN,NaN,NaN,NaN,NaN
NaN,NaN,NaN,NaN,NaN,NaN,0.020744,0.022254,0.021186,0.016435,0.009629,-0.000108,-0.009560,-0.020374,-0.028873,-0.036110,-0.037554,-0.035546,-0.028381,-0.017310,-0.005760,0.009467,0.022127,0.033268,0.040062,0.044888,0.042320,0.035841,0.026291,0.012629,-0.003046,-0.018982,NaN,-0.040429,-0.042714,-0.042182,-0.039144,-0.029280,-0.015650,-0.001995,0.013458,0.024726,0.034216,0.038540,0.037869,0.033618,0.027633,0.018546,0.005581,-0.005698,-0.015107,-0.022917,-0.024679,-0.025378,-0.023072,-0.018661,-0.011399,-0.006880,0.000067,NaN,NaN,NaN,NaN,NaN
NaN,NaN,NaN,NaN,NaN,NaN,0.014309,0.011650,0.005983,-0.001890,-0.009558,-0.018606,-0.023858,-0.031233,-0.034829,-0.035561,-0.032106,-0.024374,-0.015613,-0.005657,0.006497,0.018856,0.029291,0.039494,0.041507,0.044484,0.042585,0.035701,0.027599,0.013190,0.000619,-0.012481,NaN,-0.035296,-0.041083,-0.042772,-0.044879,-0.040275,-0.032757,-0.019682,-0.009858,0.003312,0.015097,0.026929,0.033043,0.033610,0.034937,0.034802,0.027204,0.020870,0.011482,0.002599,-0.005263,-0.011593,-0.016277,-0.019619,-0.020223,-0.019406,-0.014329,NaN,NaN,NaN,NaN,NaN
NaN,NaN,NaN,NaN,NaN,NaN,0.010201,0.004866,-0.002510,-0.008223,-0.018454,-0.024198,-0.031098,-0.033859,-0.033222,-0.032332,-0.027430,-0.017721,-0.006835,0.003605,0.015507,0.025489,0.034266,0.043393,0.044097,0.041319,0.039017,0.031639,0.021159,0.009741,-0.006265,-0.015498,NaN,-0.035208,-0.043813,-0.042915,-0.046834,-0.038511,-0.029823,-0.020417,-0.006607,0.003923,0.016158,0.025460,0.031289,0.035579,0.035647,0.035133,0.029935,0.022719,0.014241,0.004762,-0.002957,-0.010417,-0.016307,-0.018225,-0.017797,-0.019815,-0.015896,NaN,NaN,NaN,NaN,NaN
NaN,NaN,NaN,NaN,NaN,NaN,0.015649,0.014005,0.006911,0.001532,-0.006632,-0.015993,-0.023686,-0.031492,-0.035207,-0.035113,-0.033459,-0.025775,-0.017594,-0.005622,0.006477,0.019064,0.028276,0.039885,0.043213,0.044322,0.041740,0.035051,0.024538,0.009927,-0.003657,-0.015882,NaN,-0.038227,-0.045912,-0.043349,-0.043499,-0.034055,-0.024502,-0.013593,-0.000568,0.010568,0.025445,0.031861,0.036012,0.036258,0.034821,0.030349,0.021458,0.013387,0.002556,-0.005122,-0.015653,-0.019047,-0.022896,-0.022034,-0.020533,-0.016913,-0.011969,NaN,NaN,NaN,NaN,NaN
NaN,NaN,NaN,NaN,NaN,NaN,0.018385,0.021660,0.019270,0.014055,0.007641,-0.001004,-0.011677,-0.022038,-0.029776,-0.033158,-0.036906,-0.033213,-0.028589,-0.018056,-0.005783,0.008656,0.020307,0.032774,0.040559,0.043911,0.042235,0.037293,0.027589,0.014719,0.004815,-0.013515,NaN,-0.033240,-0.040762,-0.043921,-0.041137,-0.034370,-0.023532,-0.009873,0.002167,0.016336,0.025499,0.034783,0.037599,0.037397,0.029774,0.024431,0.015276,0.004744,-0.005311,-0.013359,-0.020162,-0.024176,-0.023395,-0.019542,-0.017108,-0.012697,-0.006626,NaN,NaN,NaN,NaN,NaN
NaN,NaN,NaN,NaN,NaN,NaN,0.009017,0.002999,-0.002439,-0.007875,-0.018409,-0.023679,-0.029837,-0.035792,-0.034049,-0.032686,-0.026500,-0.018143,-0.007185,0.003705,0.016000,0.027816,0.034316,0.041828,0.042976,0.043739,0.039034,0.031765,0.021318,0.008985,-0.003443,-0.017526,NaN,-0.037435,-0.043302,-0.042361,-0.044418,-0.038795,-0.029690,-0.020577,-0.008205,0.004487,0.017884,0.027177,0.031582,0.034154,0.034778,0.037260,0.029596,0.021481,0.013252,0.005720,-0.003430,-0.010664,-0.012992,-0.018349,-0.017986,-0.018140,-0.014908,NaN,NaN,NaN,NaN,NaN
NaN,NaN,NaN,NaN,NaN,NaN,0.019129,0.018210,0.015664,0.010433,0.001419,-0.007286,-0.016567,-0.027018,-0.030971,-0.037096,-0.035586,-0.033697,-0.023321,-0.012332,0.000278,0.010032,0.023662,0.035446,0.039288,0.044826,0.043420,0.037255,0.027392,0.013999,0.001195,-0.012125,NaN,-0.034754,-0.044434,-0.041829,-0.044609,-0.034756,-0.027308,-0.014386,0.000240,0.013165,0.025150,0.033954,0.035880,0.036205,0.032830,0.030109,0.021506,0.011579,0.000326,-0.011143,-0.015660,-0.020681,-0.022704,-0.022930,-0.020197,-0.016797,-0.009910,NaN,NaN,NaN,NaN,NaN
NaN,NaN,NaN,NaN,NaN,NaN,0.014789,0.019317,0.025337,0.023898,0.019574,0.014246,0.004968,-0.006724,-0.018049,-0.028690,-0.035776,-0.038626,-0.036022,-0.029975,-0.017449,-0.003232,0.011821,0.027280,0.035418,0.042382,0.043286,0.039535,0.031295,0.018589,0.002585,-0.015104,NaN,-0.041092,-0.044185,-0.042241,-0.039782,-0.027887,-0.015146,0.000293,0.015971,0.029136,0.037392,0.040267,0.037719,0.031254,0.020596,0.010279,-0.004597,-0.013033,-0.021810,-0.028258,-0.028627,-0.026007,-0.019687,-0.013678,-0.004630,0.001728,0.006977,NaN,NaN,NaN,NaN,NaN
NaN,NaN,NaN,NaN,NaN,NaN,0.018256,0.016135,0.013191,0.006125,-0.001401,-0.010911,-0.019718,-0.028750,-0.032716,-0.035872,-0.035266,-0.029937,-0.021204,-0.009564,0.004437,0.016281,0.026444,0.040245,0.042105,0.047597,0.040958,0.033834,0.025644,0.010394,-0.001918,-0.018191,NaN,-0.038574,-0.043614,-0.045090,-0.041904,-0.031939,-0.020981,-0.008339,0.003709,0.017343,0.028171,0.036143,0.037392,0.038212,0.031667,0.027569,0.016360,0.005846,-0.004856,-0.012002,-0.018473,-0.023422,-0.024690,-0.022193,-0.018657,-0.013469,-0.009542,NaN,NaN,NaN,NaN,NaN
NaN,NaN,NaN,NaN,NaN,NaN,0.018442,0.017033,0.014196,0.006227,-0.001269,-0.009859,-0.017288,-0.027370,-0.034077,-0.037060,-0.035963,-0.029386,-0.023458,-0.012192,0.001186,0.014121,0.023793,0.037181,0.041328,0.044786,0.042056,0.035754,0.025719,0.012147,-0.002313,-0.017260,NaN,-0.037296,-0.043341,-0.044087,-0.041923,-0.032171,-0.022380,-0.012643,0.000775,0.014317,0.027196,0.033759,0.037722,0.036710,0.032411,0.029976,0.018052,0.008782,-0.002556,-0.011558,-0.018929,-0.022888,-0.022935,-0.023833,-0.018710,-0.013074,-0.007185,NaN,NaN,NaN,NaN,NaN
NaN,NaN,NaN,NaN,NaN,NaN,0.017422,0.017860,0.013773,0.008010,-0.000648,-0.009697,-0.018115,-0.025388,-0.033578,-0.034010,-0.036757,-0.031130,-0.024663,-0.015336,-0.002484,0.010629,0.021216,0.033714,0.039369,0.043704,0.044257,0.039333,0.032215,0.018487,0.005884,-0.004982,NaN,-0.032187,-0.037676,-0.042798,-0.042964,-0.040921,-0.032166,-0.023991,-0.009344,0.002349,0.014456,0.025967,0.032655,0.035929,0.036615,0.033362,0.028527,0.019680,0.011303,0.001336,-0.007445,-0.012895,-0.017318,-0.022432,-0.021380,-0.019120,-0.013751,NaN,NaN,NaN,NaN,NaN
NaN,NaN,NaN,NaN,NaN,NaN,0.018814,0.021894,0.024527,0.021287,0.014094,0.004260,-0.006489,-0.018753,-0.026262,-0.035664,-0.039094,-0.036552,-0.029775,-0.021879,-0.006322,0.005206,0.020415,0.034970,0.041423,0.044401,0.043427,0.035753,0.025148,0.008716,-0.005573,-0.023734,NaN,-0.041214,-0.044059,-0.042970,-0.037323,-0.026668,-0.008948,0.002015,0.016554,0.029080,0.039769,0.039046,0.037591,0.030825,0.020931,0.010969,-0.001701,-0.010854,-0.021179,-0.026128,-0.028486,-0.026439,-0.020108,-0.015015,-0.006547,0.001319,0.005144,NaN,NaN,NaN,NaN,NaN
NaN,NaN,NaN,NaN,NaN,NaN,0.018132,0.022428,0.022724,0.018584,0.012960,0.003848,-0.006125,-0.016731,-0.025217,-0.033460,-0.037854,-0.038021,-0.031204,-0.023641,-0.009532,0.002007,0.016389,0.028396,0.037712,0.043488,0.043930,0.038569,0.030453,0.020194,0.003912,-0.011810,NaN,-0.036602,-0.044444,-0.045215,-0.043772,-0.033708,-0.020557,-0.008984,0.005562,0.019871,0.030599,0.034962,0.038392,0.036726,0.029522,0.022023,0.010479,-0.000526,-0.010394,-0.017946,-0.023969,-0.024409,-0.024253,-0.019351,-0.013567,-0.008548,-0.002642,NaN,NaN,NaN,NaN,NaN
NaN,NaN,NaN,NaN,NaN,NaN,0.015111,0.010774,0.006332,-0.001854,-0.010218,-0.018097,-0.027127,-0.031814,-0.035046,-0.033150,-0.030455,-0.024304,-0.013848,-0.002721,0.008099,0.020582,0.031002,0.039324,0.041215,0.044953,0.042812,0.035899,0.025790,0.014290,-0.000441,-0.015391,NaN,-0.035944,-0.044049,-0.045743,-0.045300,-0.038715,-0.030525,-0.018509,-0.007378,0.005099,0.017584,0.026123,0.033223,0.037759,0.035055,0.033634,0.028678,0.020525,0.011886,0.000013,-0.006903,-0.013310,-0.016696,-0.019364,-0.021258,-0.018736,-0.015739,NaN,NaN,NaN,NaN,NaN
NaN,NaN,NaN,NaN,NaN,NaN,0.019383,0.019923,0.018444,0.013265,0.005143,-0.003203,-0.013579,-0.021914,-0.030551,-0.037188,-0.038313,-0.033068,-0.025441,-0.014816,-0.002134,0.009299,0.022413,0.035891,0.038763,0.043434,0.042376,0.036681,0.027295,0.013523,-0.001815,-0.017229,NaN,-0.037858,-0.045830,-0.042574,-0.042352,-0.033314,-0.020851,-0.008964,0.005686,0.018221,0.031881,0.036997,0.036845,0.035784,0.031570,0.026264,0.014446,0.002562,-0.007032,-0.016084,-0.020531,-0.024546,-0.023133,-0.021412,-0.017672,-0.010723,-0.004191,NaN,NaN,NaN,NaN,NaN
NaN,NaN,NaN,NaN,NaN,NaN,0.014884,0.009352,0.005186,-0.001216,-0.010174,-0.016283,-0.025884,-0.030005,-0.035264,-0.033616,-0.032877,-0.024727,-0.013735,-0.004148,0.007679,0.019771,0.028267,0.039437,0.042167,0.045079,0.040410,0.035263,0.028158,0.012242,-0.000198,-0.012439,NaN,-0.037416,-0.043135,-0.043318,-0.045488,-0.038196,-0.032919,-0.018728,-0.006096,0.004943,0.017842,0.026768,0.030684,0.036664,0.034489,0.034439,0.027429,0.019329,0.011343,0.002806,-0.007221,-0.013352,-0.017682,-0.020420,-0.019554,-0.019637,-0.014585,NaN,NaN,NaN,NaN,NaN
NaN,NaN,NaN,NaN,NaN,NaN,0.018061,0.022066,0.024330,0.022017,0.016501,0.007418,-0.002544,-0.013738,-0.022828,-0.032524,-0.035672,-0.037427,-0.031289,-0.023254,-0.013053,0.002348,0.015170,0.029585,0.037990,0.043218,0.042119,0.038985,0.029650,0.013369,0.000480,-0.016246,NaN,-0.038279,-0.045834,-0.043730,-0.039624,-0.030805,-0.017958,-0.002263,0.013853,0.024628,0.035990,0.038218,0.037380,0.033700,0.023945,0.015566,0.001861,-0.009165,-0.018537,-0.025243,-0.026187,-0.027247,-0.022063,-0.017032,-0.007131,-0.001853,0.002478,NaN,NaN,NaN,NaN,NaN
NaN,NaN,NaN,NaN,NaN,NaN,0.015708,0.012339,0.008288,0.000901,-0.007872,-0.015296,-0.023068,-0.030196,-0.036425,-0.036066,-0.034392,-0.027892,-0.018051,-0.008040,0.002546,0.014752,0.025331,0.039075,0.041759,0.044825,0.043755,0.038644,0.030736,0.018255,0.005235,-0.009764,NaN,-0.032845,-0.040221,-0.041516,-0.046316,-0.039356,-0.033465,-0.024246,-0.012530,-0.001084,0.012465,0.022842,0.029950,0.033194,0.033820,0.035256,0.028839,0.022796,0.014019,0.006715,-0.003747,-0.009704,-0.015215,-0.017963,-0.019245,-0.018345,-0.016310,NaN,NaN,NaN,NaN,NaN
NaN,NaN,NaN,NaN,NaN,NaN,0.019622,0.018856,0.018315,0.011249,0.003766,-0.006530,-0.014325,-0.024510,-0.029621,-0.036841,-0.038401,-0.034241,-0.024339,-0.015039,-0.001206,0.011057,0.023761,0.036190,0.040788,0.044497,0.042768,0.035579,0.024818,0.011061,-0.003160,-0.018312,NaN,-0.036542,-0.042918,-0.043243,-0.041575,-0.031381,-0.021296,-0.007719,0.007219,0.020232,0.032283,0.038322,0.037564,0.036312,0.029595,0.023656,0.013322,0.001192,-0.008354,-0.017447,-0.022040,-0.023929,-0.023447,-0.020671,-0.015782,-0.010069,-0.003378,NaN,NaN,NaN,NaN,NaN
NaN,NaN,NaN,NaN,NaN,NaN,0.017596,0.018651,0.014511,0.007316,-0.000352,-0.009213,-0.018044,-0.027241,-0.031871,-0.035587,-0.037152,-0.030745,-0.022947,-0.012564,-0.000561,0.011920,0.023776,0.036232,0.040171,0.043260,0.042899,0.037021,0.026452,0.015324,0.000338,-0.010666,NaN,-0.037395,-0.043436,-0.042512,-0.044454,-0.034224,-0.024846,-0.013995,0.000999,0.012027,0.024204,0.032642,0.036688,0.035408,0.031582,0.028918,0.019442,0.009576,-0.001610,-0.009977,-0.015793,-0.022322,-0.022553,-0.022959,-0.019306,-0.015786,-0.009081,NaN,NaN,NaN,NaN,NaN
NaN,NaN,NaN,NaN,NaN,NaN,0.010022,0.004393,-0.001213,-0.008761,-0.016926,-0.021958,-0.028757,-0.032413,-0.033444,-0.031441,-0.028182,-0.017895,-0.008631,0.003543,0.012635,0.024780,0.034907,0.041336,0.043022,0.044856,0.038915,0.031705,0.023208,0.010293,-0.001332,-0.013605,NaN,-0.035879,-0.040007,-0.043564,-0.044596,-0.037391,-0.030475,-0.021082,-0.008618,0.002584,0.014789,0.024749,0.028448,0.034829,0.034292,0.036958,0.031176,0.022988,0.014483,0.006959,-0.003127,-0.009644,-0.014654,-0.017614,-0.019701,-0.019089,-0.017048,NaN,NaN,NaN,NaN,NaN
NaN,NaN,NaN,NaN,NaN,NaN,0.019013,0.021956,0.022049,0.019626,0.013628,0.006277,-0.003727,-0.013197,-0.024392,-0.032116,-0.036527,-0.037224,-0.035758,-0.026927,-0.017526,-0.004953,0.009769,0.022678,0.032922,0.040707,0.044392,0.044101,0.038059,0.026726,0.013187,-0.001285,NaN,-0.026216,-0.036430,-0.042727,-0.043084,-0.041416,-0.033317,-0.022201,-0.007949,0.004290,0.018888,0.029906,0.033758,0.037821,0.034831,0.031105,0.022749,0.014868,0.002592,-0.007382,-0.014282,-0.019337,-0.022680,-0.021780,-0.020081,-0.016544,-0.010216,NaN,NaN,NaN,NaN,NaN
NaN,NaN,NaN,NaN,NaN,NaN,0.019038,0.020320,0.015877,0.011225,0.003694,-0.004849,-0.012618,-0.024076,-0.031207,-0.035212,-0.036858,-0.032319,-0.026785,-0.018005,-0.004763,0.007283,0.021632,0.032318,0.039309,0.044650,0.043994,0.038704,0.029227,0.019674,0.005082,-0.009396,NaN,-0.033890,-0.040122,-0.042529,-0.045855,-0.037379,-0.029862,-0.016537,-0.004450,0.009039,0.021173,0.031454,0.035685,0.036488,0.035834,0.030496,0.021630,0.012616,0.002081,-0.008476,-0.014709,-0.020927,-0.022240,-0.022051,-0.019588,-0.016337,-0.009203,NaN,NaN,NaN,NaN,NaN
NaN,NaN,NaN,NaN,NaN,NaN,0.018870,0.021987,0.022940,0.017412,0.011494,0.004006,-0.006093,-0.018254,-0.026083,-0.034001,-0.039046,-0.036816,-0.030436,-0.021045,-0.009941,0.002547,0.019226,0.030307,0.038473,0.044048,0.043829,0.041185,0.029006,0.017449,0.000977,-0.014860,NaN,-0.036395,-0.043805,-0.043131,-0.040100,-0.031450,-0.021404,-0.006084,0.007924,0.021415,0.030001,0.038003,0.039464,0.035108,0.027831,0.021591,0.008316,-0.001984,-0.011641,-0.020216,-0.022266,-0.026115,-0.024643,-0.020789,-0.013038,-0.007058,-0.000482,NaN,NaN,NaN,NaN,NaN
