NaN,NaN,NaN,NaN,NaN,NaN,0.000843,-0.001791,0.001078,0.000929,-0.000073,0.000543,-0.001896,0.000453,-0.000357,-0.000546,-0.000702,0.000953,0.000328,0.000366,-0.000085,-0.000065,-0.000501,-0.000649,-0.001405,0.000357,0.000206,0.001452,0.001543,0.000045,-0.002535,0.000304,NaN,-0.000155,-0.000494,0.000268,0.001750,0.001239,0.000544,0.000296,0.000386,0.000535,0.001301,0.000047,-0.000287,0.002645,0.001146,-0.000516,-0.001190,-0.000095,0.002290,0.000180,0.000614,-0.000319,-0.000432,-0.001518,-0.001404,0.000306,-0.001024,NaN,NaN,NaN,NaN,NaN
NaN,NaN,NaN,NaN,NaN,NaN,0.014547,-0.002378,-0.021049,-0.016574,0.008626,0.029142,0.014525,-0.018516,-0.031213,-0.010587,0.026279,0.036255,0.006827,-0.031861,-0.034384,0.005142,0.040413,0.028097,-0.014318,-0.042749,-0.021362,0.021997,0.041110,0.016144,-0.026835,-0.038660,NaN,0.032791,0.035201,-0.004996,-0.034664,-0.026538,0.016000,0.036715,0.018088,-0.020322,-0.033075,-0.008951,0.023876,0.031096,0.000528,-0.026124,-0.023225,0.006213,0.027992,0.014684,-0.011577,-0.023059,-0.007706,0.011821,0.018056,0.003623,-0.012271,NaN,NaN,NaN,NaN,NaN
NaN,NaN,NaN,NaN,NaN,NaN,-0.019992,-0.020030,-0.016262,-0.010855,-0.002219,0.007079,0.017647,0.026610,0.032495,0.036124,0.037618,0.032702,0.024606,0.013224,0.003086,-0.012387,-0.024951,-0.035139,-0.042229,-0.046104,-0.042619,-0.037685,-0.027384,-0.014886,-0.000918,0.013279,NaN,0.037418,0.043713,0.045410,0.038063,0.035007,0.022953,0.011753,-0.002445,-0.016458,-0.025408,-0.032256,-0.037487,-0.037269,-0.035524,-0.024652,-0.015213,-0.005247,0.005171,0.013952,0.020218,0.022177,0.023732,0.024460,0.020654,0.014191,0.007971,NaN,NaN,NaN,NaN,NaN
NaN,NaN,NaN,NaN,NaN,NaN,-0.020672,-0.021930,-0.026641,-0.026155,-0.029277,-0.030580,-0.031707,-0.033547,-0.032153,-0.032026,-0.029190,-0.026072,-0.024300,-0.020844,-0.016821,-0.009499,-0.004533,0.000199,0.004594,0.008635,0.016665,0.019156,0.027033,0.029968,0.035716,0.040654,NaN,0.045303,0.047757,0.048665,0.049538,0.048044,0.046339,0.044873,0.044860,0.039571,0.037511,0.033459,0.032211,0.027687,0.024018,0.015377,0.012115,0.008907,0.001883,-0.003718,-0.004935,-0.008997,-0.010923,-0.012399,-0.014329,-0.014889,-0.014486,NaN,NaN,NaN,NaN,NaN
NaN,NaN,NaN,NaN,NaN,NaN,-0.000082,-0.000084,-0.000874,-0.000422,0.000358,0.000030,0.000234,0.000371,0.000466,-0.001085,-0.000068,-0.000664,0.001375,0.000915,0.000808,0.001027,0.001536,-0.000646,-0.000434,0.000277,-0.000107,0.001123,-0.001236,-0.001977,-0.001583,0.001053,NaN,0.001308,0.001167,-0.000259,0.000394,0.000341,-0.001255,0.001023,0.000122,-0.000353,-0.000000,-0.000303,-0.000458,0.000792,0.000697,0.000910,-0.001070,-0.000253,0.000300,0.000534,-0.000647,0.000518,0.000325,0.000564,-0.000516,-0.000181,0.000102,NaN,NaN,NaN,NaN,NaN
NaN,NaN,NaN,NaN,NaN,NaN,0.009735,0.002419,-0.032228,-0.002557,-0.041759,-0.039688,0.012602,-0.026821,-0.033632,0.011702,0.006762,-0.018294,0.015089,-0.028912,0.062855,-0.030561,-0.011014,-0.028767,0.039195,0.027147,-0.029285,-0.002274,-0.003533,-0.014468,-0.039421,0.026127,NaN,0.012996,0.016036,0.044102,0.019060,0.018175,0.004849,-0.024148,-0.039953,-0.001915,0.035481,-0.005763,-0.003682,0.006064,-0.015615,0.005609,0.018448,-0.013155,0.008285,0.002804,0.000247,-0.011216,0.004529,-0.010295,-0.002599,0.007052,-0.004314,NaN,NaN,NaN,NaN,NaN
NaN,NaN,NaN,NaN,NaN,NaN,0.020434,0.025029,0.023811,0.018363,0.008439,-0.004335,-0.018951,-0.030654,-0.037219,-0.038292,-0.030402,-0.016864,0.001276,0.019181,0.033444,0.043054,0.044203,0.038191,0.026033,0.007303,-0.013120,-0.031195,-0.041845,-0.044787,-0.041136,-0.026687,NaN,0.006230,0.025215,0.035605,0.040735,0.038895,0.029786,0.014606,-0.002406,-0.016463,-0.029523,-0.034009,-0.033216,-0.025148,-0.013471,-0.001045,0.010709,0.020852,0.022785,0.022429,0.017688,0.009986,0.001196,-0.007330,-0.010487,-0.014554,-0.012410,NaN,NaN,NaN,NaN,NaN
NaN,NaN,NaN,NaN,NaN,NaN,-0.014919,-0.007143,0.001175,0.012081,0.025225,0.035819,0.045493,0.049312,0.054810,0.054616,0.050144,0.038835,0.028265,0.013971,-0.003977,-0.019463,-0.036280,-0.049688,-0.061362,-0.065640,-0.069516,-0.064502,-0.055414,-0.045591,-0.030759,-0.012770,NaN,0.022491,0.037164,0.049443,0.056553,0.063510,0.060704,0.056667,0.045949,0.033852,0.021506,0.006634,-0.007463,-0.022437,-0.029854,-0.039195,-0.042132,-0.042481,-0.038274,-0.033953,-0.025988,-0.017185,-0.008638,-0.001544,0.007111,0.011808,0.016002,NaN,NaN,NaN,NaN,NaN
NaN,NaN,NaN,NaN,NaN,NaN,-0.010591,-0.002458,0.007925,0.018594,0.031573,0.039864,0.048097,0.052148,0.054340,0.054208,0.043835,0.033896,0.019477,0.002952,-0.014168,-0.032156,-0.045559,-0.058270,-0.065744,-0.072061,-0.069254,-0.064162,-0.051614,-0.036838,-0.020503,-0.002512,NaN,0.033881,0.049710,0.057666,0.063551,0.065421,0.061067,0.055483,0.043569,0.027470,0.011833,-0.001306,-0.015540,-0.030009,-0.037799,-0.044694,-0.044349,-0.045271,-0.040270,-0.032150,-0.023495,-0.013221,-0.003816,0.004314,0.011097,0.016544,0.018115,NaN,NaN,NaN,NaN,NaN
NaN,NaN,NaN,NaN,NaN,NaN,0.023770,0.022538,0.020113,0.014092,0.006535,-0.003603,-0.010781,-0.021995,-0.030846,-0.043277,-0.054152,-0.059636,-0.068065,-0.075933,-0.078806,-0.082063,-0.082020,-0.079373,-0.081884,-0.075922,-0.069474,-0.061263,-0.047561,-0.038272,-0.027766,-0.014087,NaN,0.009697,0.022362,0.032371,0.042186,0.051838,0.059212,0.063559,0.070777,0.070338,0.069247,0.068432,0.067541,0.063437,0.056630,0.049210,0.041031,0.036480,0.025143,0.016871,0.007052,0.001412,-0.004131,-0.009291,-0.016532,-0.018129,-0.018455,NaN,NaN,NaN,NaN,NaN
NaN,NaN,NaN,NaN,NaN,NaN,-0.019851,-0.026973,-0.034183,-0.040634,-0.046365,-0.052924,-0.059208,-0.061425,-0.069036,-0.072877,-0.074097,-0.076230,-0.079243,-0.076690,-0.076775,-0.071158,-0.067327,-0.062282,-0.059010,-0.051628,-0.040882,-0.033117,-0.023451,-0.015484,-0.005615,0.004926,NaN,0.023114,0.030232,0.038809,0.044966,0.053043,0.059721,0.063511,0.065353,0.067213,0.068003,0.068828,0.070256,0.068393,0.064770,0.058907,0.058083,0.052119,0.044978,0.038488,0.032506,0.026611,0.021934,0.017824,0.012188,0.007484,0.004158,NaN,NaN,NaN,NaN,NaN
NaN,NaN,NaN,NaN,NaN,NaN,0.014873,0.010851,0.004707,-0.002064,-0.011273,-0.020305,-0.029598,-0.037934,-0.046596,-0.055910,-0.061215,-0.069513,-0.075678,-0.078640,-0.079094,-0.077912,-0.074736,-0.071005,-0.065138,-0.058078,-0.047593,-0.039926,-0.026342,-0.016781,-0.001918,0.009243,NaN,0.032841,0.044793,0.052525,0.059887,0.065838,0.069458,0.073408,0.072877,0.069743,0.067026,0.062386,0.058978,0.053007,0.044155,0.035505,0.027315,0.017279,0.010068,0.003101,-0.006526,-0.010607,-0.016217,-0.019748,-0.022580,-0.023758,-0.021061,NaN,NaN,NaN,NaN,NaN
NaN,NaN,NaN,NaN,NaN,NaN,-0.037633,-0.044455,-0.049200,-0.055884,-0.059256,-0.062061,-0.064299,-0.064971,-0.067250,-0.067707,-0.067352,-0.063911,-0.064335,-0.060538,-0.057424,-0.047673,-0.044306,-0.038108,-0.033496,-0.025721,-0.017958,-0.010334,-0.001116,0.006388,0.013158,0.021650,NaN,0.037313,0.041874,0.047981,0.052776,0.061198,0.062494,0.064884,0.068633,0.070186,0.069408,0.068336,0.071536,0.070130,0.068749,0.060476,0.057173,0.056113,0.050652,0.044141,0.039462,0.034710,0.031111,0.025668,0.020602,0.015214,0.013245,NaN,NaN,NaN,NaN,NaN
NaN,NaN,NaN,NaN,NaN,NaN,-0.038723,-0.044864,-0.049803,-0.051909,-0.054981,-0.054649,-0.055834,-0.057035,-0.058501,-0.057438,-0.054861,-0.055202,-0.054477,-0.052651,-0.050132,-0.041628,-0.038604,-0.033207,-0.032902,-0.026866,-0.020382,-0.016186,-0.006126,-0.002956,0.003843,0.008236,NaN,0.020807,0.027206,0.029130,0.035847,0.039732,0.045825,0.048208,0.050242,0.054369,0.053474,0.056944,0.060471,0.059904,0.058104,0.055843,0.056067,0.055561,0.050153,0.048727,0.046436,0.042590,0.042380,0.039107,0.034040,0.027295,0.024640,NaN,NaN,NaN,NaN,NaN
NaN,NaN,NaN,NaN,NaN,NaN,-0.019396,-0.023937,-0.030778,-0.039359,-0.046854,-0.052956,-0.057805,-0.065895,-0.067708,-0.074632,-0.075257,-0.076094,-0.077068,-0.076904,-0.074069,-0.067303,-0.062955,-0.053294,-0.049323,-0.041648,-0.032459,-0.022585,-0.010783,-0.001835,0.007856,0.016871,NaN,0.037810,0.047680,0.054251,0.058326,0.068298,0.069426,0.074359,0.073917,0.073488,0.073251,0.071905,0.069429,0.066256,0.059741,0.050923,0.043630,0.041153,0.034643,0.024991,0.018165,0.012476,0.008468,0.002257,-0.003739,-0.005614,-0.008074,NaN,NaN,NaN,NaN,NaN
NaN,NaN,NaN,NaN,NaN,NaN,-0.000022,-0.006459,-0.012845,-0.020288,-0.028728,-0.036369,-0.044349,-0.053532,-0.060172,-0.066668,-0.071699,-0.073536,-0.077869,-0.081971,-0.078584,-0.074123,-0.067467,-0.061215,-0.055267,-0.046048,-0.036292,-0.026145,-0.012199,-0.002339,0.010143,0.019734,NaN,0.040753,0.052415,0.059947,0.063786,0.070673,0.075743,0.075991,0.075166,0.072943,0.068673,0.064611,0.062256,0.055264,0.047213,0.038505,0.027340,0.022428,0.012702,0.004533,-0.001668,-0.007007,-0.013735,-0.016683,-0.020905,-0.020782,-0.020080,NaN,NaN,NaN,NaN,NaN
NaN,NaN,NaN,NaN,NaN,NaN,0.009210,0.005491,-0.001124,-0.010007,-0.020216,-0.030225,-0.040196,-0.050267,-0.059087,-0.068122,-0.076793,-0.083148,-0.089909,-0.095017,-0.097406,-0.093093,-0.090346,-0.084152,-0.083164,-0.073561,-0.064867,-0.052104,-0.040092,-0.026290,-0.013172,0.001529,NaN,0.028581,0.038817,0.052711,0.058885,0.070664,0.076488,0.081988,0.083146,0.083367,0.079502,0.078023,0.078383,0.073743,0.064986,0.053568,0.046785,0.039155,0.027787,0.019639,0.012417,0.002096,-0.004151,-0.009429,-0.014480,-0.016364,-0.017431,NaN,NaN,NaN,NaN,NaN
NaN,NaN,NaN,NaN,NaN,NaN,-0.029272,-0.035435,-0.043282,-0.048472,-0.054356,-0.057370,-0.063438,-0.066411,-0.069865,-0.073227,-0.073277,-0.074274,-0.074702,-0.074712,-0.073122,-0.063836,-0.061272,-0.055326,-0.051746,-0.043826,-0.036748,-0.028197,-0.017828,-0.007880,-0.001101,0.010055,NaN,0.024460,0.029098,0.037390,0.044621,0.050485,0.055020,0.060672,0.063923,0.065373,0.063452,0.067306,0.069821,0.067598,0.066805,0.058631,0.058564,0.055568,0.048072,0.042520,0.039715,0.033756,0.030767,0.025297,0.020334,0.014095,0.009372,NaN,NaN,NaN,NaN,NaN
NaN,NaN,NaN,NaN,NaN,NaN,-0.039565,-0.043963,-0.050490,-0.055131,-0.058104,-0.061933,-0.062833,-0.062535,-0.066392,-0.067202,-0.063794,-0.063149,-0.061802,-0.058741,-0.055491,-0.047870,-0.042397,-0.033024,-0.031838,-0.023586,-0.016194,-0.006148,-0.000046,0.007213,0.015579,0.024717,NaN,0.038856,0.042625,0.049327,0.052417,0.059484,0.062805,0.066379,0.068944,0.068491,0.068588,0.069119,0.069263,0.070890,0.067896,0.061286,0.058019,0.055810,0.049484,0.044352,0.038854,0.034346,0.030164,0.024546,0.020444,0.014673,0.010819,NaN,NaN,NaN,NaN,NaN
NaN,NaN,NaN,NaN,NaN,NaN,-0.038038,-0.044447,-0.051686,-0.056869,-0.061890,-0.064604,-0.070652,-0.072962,-0.076433,-0.078922,-0.076995,-0.074800,-0.073884,-0.071336,-0.066846,-0.060697,-0.051764,-0.046783,-0.041170,-0.031689,-0.023295,-0.012717,-0.002438,0.006422,0.017666,0.025695,NaN,0.039978,0.050515,0.056851,0.059822,0.067212,0.073440,0.075798,0.077818,0.075136,0.076951,0.078967,0.077003,0.075685,0.069972,0.064094,0.057733,0.056649,0.047576,0.041520,0.035433,0.030050,0.026342,0.022260,0.015273,0.009099,0.004645,NaN,NaN,NaN,NaN,NaN
NaN,NaN,NaN,NaN,NaN,NaN,-0.041403,-0.046803,-0.050148,-0.053421,-0.056456,-0.056630,-0.054744,-0.058867,-0.057296,-0.058584,-0.053124,-0.052398,-0.051169,-0.048115,-0.042844,-0.036043,-0.032180,-0.027117,-0.023044,-0.017866,-0.011368,-0.003886,0.001092,0.007304,0.016401,0.018687,NaN,0.029290,0.036614,0.040092,0.044128,0.050337,0.054206,0.055824,0.058999,0.057971,0.062299,0.063496,0.064445,0.065014,0.064052,0.060048,0.057390,0.058377,0.053543,0.049898,0.046298,0.042865,0.042119,0.038828,0.034857,0.027625,0.024209,NaN,NaN,NaN,NaN,NaN
NaN,NaN,NaN,NaN,NaN,NaN,-0.038835,-0.043457,-0.045561,-0.048251,-0.051035,-0.049827,-0.052666,-0.051923,-0.054201,-0.052917,-0.049719,-0.047131,-0.047624,-0.046774,-0.041340,-0.037556,-0.033411,-0.028224,-0.024454,-0.018824,-0.011819,-0.006631,-0.001327,0.002620,0.007774,0.016949,NaN,0.024216,0.028282,0.033780,0.036657,0.041862,0.044773,0.049013,0.052292,0.052632,0.053910,0.055207,0.057511,0.056569,0.057018,0.053546,0.052503,0.053030,0.046880,0.046321,0.042449,0.038960,0.038680,0.034438,0.030057,0.024693,0.022033,NaN,NaN,NaN,NaN,NaN
NaN,NaN,NaN,NaN,NaN,NaN,-0.033800,-0.039125,-0.045448,-0.051068,-0.056219,-0.058676,-0.061918,-0.064841,-0.066594,-0.069500,-0.069374,-0.067158,-0.065729,-0.063595,-0.059290,-0.052993,-0.047933,-0.042271,-0.035484,-0.027033,-0.019864,-0.011925,-0.002412,0.005190,0.012965,0.020981,NaN,0.037428,0.041395,0.048281,0.053493,0.059658,0.063441,0.064584,0.069639,0.064553,0.069070,0.067382,0.067278,0.065536,0.062586,0.055397,0.051518,0.048298,0.040952,0.037646,0.032079,0.025005,0.022764,0.018358,0.013699,0.009541,0.003752,NaN,NaN,NaN,NaN,NaN
NaN,NaN,NaN,NaN,NaN,NaN,-0.033209,-0.040485,-0.045560,-0.052705,-0.059582,-0.063464,-0.067762,-0.070944,-0.074089,-0.078936,-0.077917,-0.078302,-0.078228,-0.076764,-0.072666,-0.068731,-0.061132,-0.055034,-0.051988,-0.044031,-0.033596,-0.026751,-0.015739,-0.007969,0.000109,0.010125,NaN,0.028273,0.036012,0.043492,0.048650,0.054218,0.062000,0.065817,0.069755,0.068867,0.070048,0.070825,0.072417,0.071188,0.068556,0.061430,0.059424,0.057626,0.048909,0.043885,0.037510,0.031448,0.030907,0.025030,0.019588,0.013337,0.007489,NaN,NaN,NaN,NaN,NaN
NaN,NaN,NaN,NaN,NaN,NaN,-0.031474,-0.037015,-0.041711,-0.046304,-0.049604,-0.053832,-0.057455,-0.059433,-0.059751,-0.061549,-0.059378,-0.060459,-0.058754,-0.056232,-0.054415,-0.045399,-0.041012,-0.032962,-0.030909,-0.023704,-0.016818,-0.009116,0.001941,0.007369,0.013778,0.021068,NaN,0.033163,0.039612,0.046947,0.049245,0.054936,0.058183,0.059097,0.062069,0.062009,0.059008,0.061898,0.061452,0.059349,0.056731,0.048596,0.045247,0.043620,0.036943,0.030920,0.025985,0.022763,0.020153,0.014089,0.010205,0.006922,0.003194,NaN,NaN,NaN,NaN,NaN
NaN,NaN,NaN,NaN,NaN,NaN,0.001538,-0.003146,-0.009298,-0.014489,-0.022806,-0.029759,-0.039330,-0.046331,-0.051941,-0.058335,-0.063177,-0.067764,-0.070591,-0.071459,-0.071448,-0.069080,-0.066058,-0.058156,-0.055313,-0.045613,-0.040297,-0.029887,-0.016590,-0.010371,0.000354,0.009628,NaN,0.031321,0.039497,0.049980,0.052304,0.059247,0.063966,0.064748,0.066384,0.063340,0.059767,0.058185,0.056288,0.050371,0.041652,0.036112,0.028573,0.023151,0.013797,0.007875,0.002254,-0.002975,-0.008281,-0.013258,-0.013332,-0.016670,-0.016353,NaN,NaN,NaN,NaN,NaN
NaN,NaN,NaN,NaN,NaN,NaN,-0.017504,-0.010650,-0.004033,0.005793,0.019848,0.031499,0.039109,0.047626,0.050335,0.054006,0.045540,0.038892,0.028350,0.014050,-0.001859,-0.018330,-0.034593,-0.047214,-0.056589,-0.061697,-0.062030,-0.059592,-0.049892,-0.039218,-0.023018,-0.006342,NaN,0.026021,0.038362,0.049768,0.054930,0.058438,0.054420,0.048983,0.038410,0.023208,0.010966,-0.002746,-0.015421,-0.026414,-0.035485,-0.037581,-0.039881,-0.038630,-0.032366,-0.024862,-0.018191,-0.006586,-0.000160,0.005935,0.013885,0.016296,0.017027,NaN,NaN,NaN,NaN,NaN
NaN,NaN,NaN,NaN,NaN,NaN,-0.026879,-0.029985,-0.033193,-0.029170,-0.023255,-0.010890,0.002402,0.018754,0.031654,0.045810,0.049905,0.052379,0.047039,0.036082,0.019375,0.002136,-0.017717,-0.037390,-0.050251,-0.059442,-0.060274,-0.053681,-0.040304,-0.024504,-0.006768,0.015210,NaN,0.045337,0.055838,0.054842,0.051196,0.038958,0.025510,0.007463,-0.009056,-0.023532,-0.038874,-0.041496,-0.044884,-0.041851,-0.031166,-0.019753,-0.007735,0.007200,0.016431,0.023665,0.027574,0.026057,0.026433,0.017618,0.010218,0.002645,-0.004940,NaN,NaN,NaN,NaN,NaN
NaN,NaN,NaN,NaN,NaN,NaN,0.019997,0.004254,-0.020552,-0.022457,0.002993,0.027667,0.022165,-0.012521,-0.034759,-0.018079,0.021033,0.036852,0.011733,-0.030532,-0.035667,0.000268,0.036438,0.030694,-0.013273,-0.042163,-0.025181,0.022291,0.040029,0.013391,-0.030899,-0.035425,NaN,0.035924,0.031791,-0.006841,-0.037537,-0.023505,0.018090,0.035270,0.011672,-0.024134,-0.029828,-0.002241,0.027334,0.026495,-0.006183,-0.025920,-0.015546,0.013474,0.022920,0.005585,-0.012894,-0.017972,0.000279,0.013952,0.011864,-0.004494,-0.010998,NaN,NaN,NaN,NaN,NaN
NaN,NaN,NaN,NaN,NaN,NaN,-0.025098,-0.029161,-0.033500,-0.029948,-0.023781,-0.010622,0.000310,0.016877,0.030038,0.044994,0.050042,0.050107,0.045362,0.034964,0.019261,0.004425,-0.014696,-0.035463,-0.047198,-0.054907,-0.057602,-0.053311,-0.041534,-0.025108,-0.006209,0.013057,NaN,0.039108,0.054394,0.054331,0.049990,0.036191,0.025829,0.008658,-0.008203,-0.020882,-0.034781,-0.040529,-0.043281,-0.037752,-0.028698,-0.021120,-0.005608,0.005876,0.015511,0.022046,0.025510,0.025324,0.021742,0.017954,0.010925,0.002312,-0.004135,NaN,NaN,NaN,NaN,NaN
NaN,NaN,NaN,NaN,NaN,NaN,-0.022067,-0.025942,-0.028800,-0.030541,-0.025707,-0.018508,-0.009455,0.002424,0.015664,0.027362,0.037489,0.044318,0.048409,0.045950,0.039553,0.024319,0.012963,-0.001031,-0.017438,-0.031461,-0.042581,-0.050833,-0.047864,-0.048003,-0.039079,-0.026575,NaN,-0.000158,0.016226,0.029380,0.035869,0.044928,0.045561,0.040636,0.033727,0.021132,0.011021,-0.001652,-0.012013,-0.023594,-0.031321,-0.031096,-0.031194,-0.028288,-0.021707,-0.011826,-0.005225,0.000445,0.008918,0.013627,0.016498,0.015802,0.014174,NaN,NaN,NaN,NaN,NaN
NaN,NaN,NaN,NaN,NaN,NaN,-0.018002,-0.024937,-0.031581,-0.032668,-0.029757,-0.020464,-0.010816,0.001938,0.017084,0.031508,0.040710,0.047557,0.048728,0.045845,0.034400,0.019173,0.001852,-0.017233,-0.032048,-0.043514,-0.052952,-0.054161,-0.048237,-0.036983,-0.022313,-0.003335,NaN,0.030168,0.039802,0.046154,0.049625,0.044790,0.033311,0.022243,0.005579,-0.009374,-0.022656,-0.032087,-0.038908,-0.039783,-0.031597,-0.025548,-0.014647,-0.003860,0.007762,0.015488,0.019102,0.022964,0.023869,0.020348,0.014227,0.006297,0.000963,NaN,NaN,NaN,NaN,NaN
NaN,NaN,NaN,NaN,NaN,NaN,-0.019260,-0.027377,-0.033556,-0.034379,-0.027838,-0.021670,-0.009702,0.005372,0.019700,0.033540,0.044017,0.050470,0.050522,0.044054,0.033457,0.016007,-0.000417,-0.021529,-0.036557,-0.047462,-0.055404,-0.054649,-0.046529,-0.034344,-0.020781,-0.002415,NaN,0.031912,0.044972,0.050435,0.051153,0.045310,0.034505,0.020826,0.005242,-0.013827,-0.025820,-0.035836,-0.040623,-0.040950,-0.035452,-0.024705,-0.012570,-0.001752,0.008733,0.018305,0.022717,0.023356,0.025511,0.020788,0.014056,0.006141,-0.001342,NaN,NaN,NaN,NaN,NaN
NaN,NaN,NaN,NaN,NaN,NaN,-0.016572,-0.022486,-0.025998,-0.030984,-0.034460,-0.037368,-0.043129,-0.043138,-0.047495,-0.047998,-0.050542,-0.050311,-0.051095,-0.051004,-0.049370,-0.043794,-0.040827,-0.036148,-0.032881,-0.028840,-0.021556,-0.017300,-0.010371,-0.003141,0.001323,0.009296,NaN,0.023176,0.027565,0.030492,0.033087,0.039648,0.041350,0.044195,0.044857,0.045348,0.044805,0.043767,0.045182,0.043264,0.039933,0.034002,0.032740,0.029576,0.024934,0.020139,0.017046,0.013080,0.008743,0.008123,0.002389,-0.000237,-0.002503,NaN,NaN,NaN,NaN,NaN
NaN,NaN,NaN,NaN,NaN,NaN,0.007277,0.002607,-0.002918,-0.009417,-0.017739,-0.024739,-0.033612,-0.041032,-0.047632,-0.056261,-0.059157,-0.061970,-0.065083,-0.068233,-0.064856,-0.064873,-0.061261,-0.055725,-0.048829,-0.040201,-0.032229,-0.021202,-0.010638,-0.001735,0.009665,0.019986,NaN,0.037249,0.046182,0.051775,0.057387,0.059581,0.064268,0.062994,0.061400,0.055327,0.053478,0.048095,0.045076,0.035802,0.027651,0.020119,0.012088,0.006985,-0.000988,-0.007397,-0.011471,-0.015660,-0.020438,-0.022991,-0.024152,-0.021942,-0.019339,NaN,NaN,NaN,NaN,NaN
NaN,NaN,NaN,NaN,NaN,NaN,-0.005810,-0.010787,-0.016077,-0.023363,-0.030717,-0.037976,-0.044789,-0.051705,-0.058394,-0.062810,-0.067571,-0.068569,-0.072184,-0.073168,-0.071988,-0.068415,-0.062796,-0.057454,-0.054106,-0.046137,-0.038263,-0.030366,-0.017910,-0.010516,-0.000349,0.011512,NaN,0.029165,0.037965,0.044974,0.051735,0.055414,0.061143,0.064670,0.065273,0.064107,0.062733,0.059699,0.061168,0.055384,0.050087,0.042297,0.035769,0.030739,0.022059,0.015644,0.010157,0.003887,0.000059,-0.005011,-0.007949,-0.009855,-0.011906,NaN,NaN,NaN,NaN,NaN
NaN,NaN,NaN,NaN,NaN,NaN,0.006079,0.001384,-0.004099,-0.011263,-0.017787,-0.025345,-0.033106,-0.042085,-0.049718,-0.055983,-0.063025,-0.067898,-0.073906,-0.078678,-0.080456,-0.078224,-0.078528,-0.074789,-0.071263,-0.066071,-0.061194,-0.053250,-0.040614,-0.034222,-0.025310,-0.011829,NaN,0.007497,0.018476,0.026059,0.033947,0.044295,0.048101,0.054111,0.057761,0.061997,0.063034,0.064214,0.062786,0.063066,0.059428,0.053348,0.046143,0.041890,0.036508,0.029001,0.022206,0.018252,0.011492,0.004645,0.000451,-0.002581,-0.006810,NaN,NaN,NaN,NaN,NaN
NaN,NaN,NaN,NaN,NaN,NaN,0.015644,0.011236,0.006225,-0.001450,-0.009394,-0.018044,-0.027033,-0.037728,-0.046028,-0.057237,-0.063291,-0.071070,-0.079271,-0.083185,-0.085078,-0.088213,-0.084390,-0.083341,-0.079620,-0.074467,-0.067551,-0.056200,-0.046005,-0.038276,-0.025616,-0.013081,NaN,0.013011,0.023301,0.032432,0.043159,0.052408,0.060998,0.065384,0.069085,0.069489,0.073191,0.069620,0.069513,0.064643,0.060344,0.053480,0.046270,0.040094,0.030532,0.023131,0.017046,0.009099,0.000957,-0.002234,-0.007275,-0.010551,-0.013207,NaN,NaN,NaN,NaN,NaN
NaN,NaN,NaN,NaN,NaN,NaN,0.012636,0.008185,0.004113,-0.002526,-0.011868,-0.017725,-0.026726,-0.035790,-0.044471,-0.056877,-0.060377,-0.069240,-0.077738,-0.082052,-0.084896,-0.086247,-0.084968,-0.086262,-0.083528,-0.079069,-0.073606,-0.066175,-0.057554,-0.050471,-0.039246,-0.027676,NaN,-0.004838,0.005242,0.016208,0.024191,0.036256,0.042845,0.050665,0.057295,0.060559,0.064490,0.064654,0.066533,0.064917,0.062797,0.059790,0.054564,0.051481,0.044505,0.036825,0.030617,0.023670,0.017964,0.013445,0.006469,0.001598,-0.002422,NaN,NaN,NaN,NaN,NaN
NaN,NaN,NaN,NaN,NaN,NaN,0.046119,0.044963,0.044703,0.038330,0.031892,0.024759,0.014903,0.003200,-0.008360,-0.023358,-0.037196,-0.048482,-0.063681,-0.074833,-0.086076,-0.096846,-0.100414,-0.107884,-0.107783,-0.107212,-0.103412,-0.098021,-0.091587,-0.082895,-0.069352,-0.058414,NaN,-0.026903,-0.011194,0.002133,0.017825,0.030275,0.042705,0.055193,0.064046,0.071539,0.078482,0.079749,0.081653,0.080413,0.076005,0.074349,0.065665,0.056737,0.049260,0.040142,0.030580,0.020965,0.012688,0.005824,-0.002181,-0.005539,-0.009487,NaN,NaN,NaN,NaN,NaN
NaN,NaN,NaN,NaN,NaN,NaN,-0.004110,-0.008499,-0.013215,-0.019190,-0.025810,-0.030496,-0.038592,-0.045141,-0.052220,-0.058112,-0.062991,-0.068668,-0.074804,-0.078988,-0.083951,-0.084381,-0.088173,-0.087552,-0.089657,-0.087644,-0.086073,-0.084680,-0.080878,-0.075208,-0.073073,-0.068693,NaN,-0.055505,-0.049887,-0.043032,-0.034129,-0.028047,-0.021472,-0.013895,-0.006546,0.000676,0.007093,0.011363,0.017323,0.022454,0.026689,0.030448,0.034667,0.036260,0.037415,0.039344,0.038320,0.038999,0.036461,0.033520,0.032304,0.032099,0.028766,NaN,NaN,NaN,NaN,NaN
NaN,NaN,NaN,NaN,NaN,NaN,0.042166,0.044896,0.045682,0.044276,0.039230,0.035263,0.032148,0.024848,0.017556,0.008851,-0.002484,-0.013185,-0.024279,-0.032254,-0.043232,-0.056171,-0.064035,-0.073418,-0.075619,-0.082338,-0.086308,-0.090589,-0.092127,-0.089191,-0.084607,-0.082932,NaN,-0.073053,-0.065845,-0.057317,-0.047442,-0.037441,-0.027718,-0.018225,-0.009467,0.002784,0.013902,0.020889,0.027504,0.034605,0.039098,0.046162,0.049042,0.048404,0.051590,0.049027,0.049045,0.044797,0.040299,0.036133,0.031499,0.028565,0.022198,NaN,NaN,NaN,NaN,NaN
NaN,NaN,NaN,NaN,NaN,NaN,-0.034622,-0.039697,-0.041035,-0.038910,-0.031961,-0.024213,-0.011787,0.001773,0.018254,0.033488,0.049572,0.060447,0.065724,0.071599,0.064287,0.063321,0.049261,0.034558,0.015816,0.000271,-0.022334,-0.038159,-0.056025,-0.063722,-0.069752,-0.069774,NaN,-0.058124,-0.047135,-0.031605,-0.012972,0.000632,0.018053,0.034306,0.046161,0.054732,0.059452,0.059536,0.052686,0.043812,0.034751,0.022065,0.009720,-0.001672,-0.015595,-0.024849,-0.031313,-0.034305,-0.030410,-0.029360,-0.025702,-0.019508,-0.012999,NaN,NaN,NaN,NaN,NaN
NaN,NaN,NaN,NaN,NaN,NaN,-0.009040,-0.017851,-0.024042,-0.029750,-0.033198,-0.037051,-0.035106,-0.030653,-0.022256,-0.013265,0.000407,0.013269,0.023631,0.034710,0.043200,0.049754,0.051828,0.049043,0.042669,0.032278,0.020563,0.005689,-0.011564,-0.023794,-0.032822,-0.044047,NaN,-0.049976,-0.046681,-0.040355,-0.028699,-0.020392,-0.007236,0.005161,0.016379,0.028758,0.035831,0.039223,0.041093,0.038029,0.034883,0.023310,0.014001,0.008480,-0.003114,-0.012577,-0.017439,-0.021324,-0.021446,-0.020566,-0.020918,-0.015326,-0.011237,NaN,NaN,NaN,NaN,NaN
NaN,NaN,NaN,NaN,NaN,NaN,0.013522,0.008027,0.001109,-0.006727,-0.016062,-0.024642,-0.031673,-0.036123,-0.037730,-0.034853,-0.029706,-0.020001,-0.009845,0.002302,0.018003,0.029791,0.038257,0.046524,0.048339,0.045830,0.041192,0.031462,0.017359,0.004888,-0.007325,-0.023636,NaN,-0.043726,-0.045644,-0.046078,-0.039374,-0.036221,-0.023352,-0.011477,-0.000079,0.013927,0.025089,0.031793,0.036149,0.039078,0.037774,0.028675,0.019342,0.013445,0.003808,-0.005497,-0.014188,-0.017848,-0.019788,-0.023576,-0.020316,-0.017360,-0.011726,NaN,NaN,NaN,NaN,NaN
NaN,NaN,NaN,NaN,NaN,NaN,0.018709,0.022746,0.021901,0.019895,0.013908,0.003071,-0.006098,-0.013489,-0.026555,-0.033119,-0.038262,-0.041700,-0.040982,-0.032624,-0.023426,-0.009495,0.005226,0.017938,0.031961,0.041330,0.047122,0.048764,0.045707,0.039171,0.028392,0.015633,NaN,-0.015644,-0.028486,-0.039889,-0.043658,-0.046097,-0.044891,-0.039410,-0.028532,-0.014743,-0.002500,0.010422,0.022369,0.031805,0.037485,0.037379,0.034277,0.030073,0.021885,0.012400,0.004076,-0.004568,-0.011914,-0.017520,-0.020782,-0.019905,-0.017990,NaN,NaN,NaN,NaN,NaN
NaN,NaN,NaN,NaN,NaN,NaN,-0.013916,-0.013825,-0.012048,-0.006985,-0.005794,-0.001391,0.004541,0.008287,0.014727,0.020527,0.027443,0.031325,0.038867,0.040742,0.045815,0.048588,0.049430,0.050648,0.054164,0.051040,0.049553,0.045890,0.041770,0.039303,0.031840,0.027720,NaN,0.011438,0.005148,-0.002145,-0.008407,-0.016373,-0.022780,-0.030837,-0.032875,-0.038457,-0.042886,-0.044311,-0.044660,-0.046858,-0.044848,-0.044297,-0.042077,-0.038807,-0.034756,-0.030108,-0.026748,-0.022398,-0.017610,-0.013082,-0.008154,-0.004350,-0.001984,NaN,NaN,NaN,NaN,NaN
NaN,NaN,NaN,NaN,NaN,NaN,-0.018730,-0.017147,-0.017905,-0.015760,-0.013218,-0.011407,-0.007106,-0.002740,0.002792,0.006694,0.012783,0.018422,0.025004,0.031461,0.037003,0.040527,0.045122,0.049656,0.051031,0.051960,0.052891,0.053191,0.050658,0.049899,0.048621,0.045398,NaN,0.032878,0.029731,0.022445,0.017690,0.009597,0.004064,-0.002862,-0.009084,-0.015319,-0.021797,-0.028269,-0.032652,-0.037323,-0.039434,-0.038918,-0.041514,-0.038891,-0.039927,-0.039058,-0.035085,-0.033412,-0.028081,-0.024228,-0.021829,-0.018540,-0.014822,NaN,NaN,NaN,NaN,NaN
NaN,NaN,NaN,NaN,NaN,NaN,-0.005153,-0.002600,0.000105,0.004193,0.007559,0.012699,0.017233,0.023241,0.025953,0.029911,0.036412,0.042049,0.045424,0.050548,0.055388,0.060839,0.067205,0.069584,0.067427,0.069965,0.069936,0.074054,0.074231,0.073041,0.072646,0.071614,NaN,0.067966,0.064245,0.061841,0.059371,0.054671,0.051764,0.044764,0.040111,0.033816,0.026283,0.022467,0.019657,0.015128,0.008108,-0.000166,-0.004833,-0.004809,-0.011273,-0.015209,-0.018077,-0.017909,-0.020642,-0.022192,-0.022069,-0.023525,-0.024061,NaN,NaN,NaN,NaN,NaN
NaN,NaN,NaN,NaN,NaN,NaN,-0.025591,-0.034040,-0.039068,-0.047198,-0.054839,-0.060604,-0.065040,-0.066747,-0.067874,-0.068071,-0.063577,-0.059204,-0.051542,-0.044391,-0.034002,-0.019968,-0.008389,0.004724,0.016719,0.028111,0.039765,0.052869,0.066521,0.072820,0.080106,0.088412,NaN,0.091430,0.091582,0.087257,0.081453,0.075766,0.069790,0.058649,0.047942,0.032978,0.021453,0.009111,-0.000467,-0.012758,-0.022214,-0.036490,-0.042333,-0.046460,-0.051642,-0.054210,-0.054993,-0.054800,-0.051666,-0.047691,-0.043351,-0.036305,-0.029377,NaN,NaN,NaN,NaN,NaN
NaN,NaN,NaN,NaN,NaN,NaN,-0.025171,-0.024769,-0.026125,-0.022998,-0.023282,-0.015512,-0.013345,-0.009766,-0.004402,-0.002352,0.005890,0.011629,0.012476,0.020765,0.026731,0.037559,0.041130,0.049665,0.050803,0.058715,0.061458,0.069085,0.076181,0.077211,0.079792,0.084700,NaN,0.087839,0.093058,0.091262,0.092187,0.090464,0.092003,0.089914,0.089618,0.081496,0.081479,0.076126,0.074264,0.068411,0.063288,0.057274,0.049733,0.048506,0.037484,0.031894,0.027991,0.021851,0.021042,0.017856,0.011931,0.004293,0.001024,NaN,NaN,NaN,NaN,NaN
NaN,NaN,NaN,NaN,NaN,NaN,-0.031430,-0.038205,-0.041418,-0.047235,-0.050526,-0.054051,-0.058335,-0.058903,-0.060731,-0.061886,-0.059975,-0.059639,-0.058048,-0.055490,-0.052445,-0.044850,-0.038489,-0.031693,-0.027919,-0.019120,-0.012213,-0.004683,0.006343,0.013122,0.019817,0.031997,NaN,0.042735,0.046702,0.055682,0.058865,0.062329,0.067440,0.070417,0.068731,0.069779,0.069548,0.067120,0.066614,0.064817,0.060999,0.052090,0.047489,0.046604,0.037447,0.032638,0.027249,0.021721,0.020029,0.013321,0.006997,0.001475,-0.000938,NaN,NaN,NaN,NaN,NaN
NaN,NaN,NaN,NaN,NaN,NaN,0.020109,0.016480,0.011328,0.006759,-0.002195,-0.009210,-0.019184,-0.027358,-0.035825,-0.045956,-0.051909,-0.059800,-0.065296,-0.069861,-0.073115,-0.069787,-0.066340,-0.063982,-0.059512,-0.052519,-0.042848,-0.031629,-0.020835,-0.008879,0.000955,0.014486,NaN,0.036249,0.046081,0.055030,0.057338,0.063395,0.068334,0.068736,0.067669,0.061517,0.056400,0.052047,0.045466,0.038220,0.028065,0.018415,0.007830,0.001452,-0.005311,-0.013579,-0.018034,-0.024051,-0.028829,-0.029177,-0.029329,-0.027572,-0.025974,NaN,NaN,NaN,NaN,NaN
NaN,NaN,NaN,NaN,NaN,NaN,-0.017014,-0.010914,-0.003662,0.006705,0.019475,0.030444,0.040011,0.047566,0.053056,0.055532,0.054125,0.047803,0.037146,0.024875,0.010068,-0.005898,-0.021575,-0.035236,-0.046479,-0.058336,-0.064179,-0.063765,-0.062775,-0.052702,-0.043170,-0.027446,NaN,0.002198,0.020108,0.029404,0.042855,0.052681,0.057564,0.056541,0.054982,0.047291,0.036727,0.023047,0.011333,-0.003557,-0.012607,-0.025491,-0.030722,-0.038119,-0.038522,-0.037089,-0.033417,-0.027309,-0.020259,-0.014021,-0.005466,0.000408,0.007010,NaN,NaN,NaN,NaN,NaN
NaN,NaN,NaN,NaN,NaN,NaN,0.014950,0.004077,-0.002572,-0.013170,0.001644,0.012123,-0.016506,-0.005001,0.031138,0.016895,-0.017948,0.003782,-0.011525,0.004294,-0.023794,-0.006107,0.029784,0.019754,0.022440,-0.041107,-0.007101,-0.008533,-0.010050,-0.032839,0.008835,-0.013351,NaN,-0.011578,-0.028999,0.011275,-0.007824,0.005933,0.012997,0.009833,0.004199,0.030316,0.021520,0.000046,-0.001632,0.024117,0.006420,0.005436,0.009865,-0.003996,-0.003367,0.003739,-0.003028,0.004592,-0.008974,-0.000390,0.003314,0.000227,0.003525,NaN,NaN,NaN,NaN,NaN
NaN,NaN,NaN,NaN,NaN,NaN,NaN,NaN,NaN,NaN,NaN,NaN,NaN,NaN,NaN,NaN,NaN,NaN,NaN,NaN,NaN,NaN,NaN,NaN,NaN,NaN,NaN,NaN,NaN,NaN,NaN,NaN,NaN,NaN,NaN,NaN,NaN,NaN,NaN,NaN,NaN,NaN,NaN,NaN,NaN,NaN,NaN,NaN,NaN,NaN,NaN,NaN,NaN,NaN,NaN,NaN,NaN,NaN,NaN,NaN,NaN,NaN,NaN,NaN
NaN,NaN,NaN,NaN,NaN,NaN,-0.000557,0.005872,0.010972,0.017051,0.024152,0.026786,0.030921,0.028984,0.022863,0.016211,0.003743,-0.005991,-0.017043,-0.027529,-0.035372,-0.043947,-0.043880,-0.043069,-0.033872,-0.021780,-0.011736,0.004321,0.019273,0.031108,0.038966,0.048081,NaN,0.048706,0.038763,0.031069,0.013249,0.001872,-0.013284,-0.025524,-0.037431,-0.047152,-0.048361,-0.045222,-0.041054,-0.031830,-0.018703,-0.004318,0.005662,0.016491,0.026532,0.031614,0.033165,0.031494,0.026849,0.020140,0.014862,0.005618,-0.002008,NaN,NaN,NaN,NaN,NaN
NaN,NaN,NaN,NaN,NaN,NaN,-0.010610,-0.014901,-0.018901,-0.023951,-0.030312,-0.035063,-0.037701,-0.039083,-0.041097,-0.044879,-0.040600,-0.039002,-0.034857,-0.030242,-0.024459,-0.016049,-0.008717,0.002093,0.008737,0.015188,0.023391,0.034028,0.041674,0.047346,0.049718,0.055200,NaN,0.058989,0.058907,0.057997,0.051183,0.047423,0.040207,0.035595,0.023750,0.014079,0.004664,-0.001067,-0.008569,-0.013182,-0.022107,-0.030821,-0.036319,-0.036579,-0.038243,-0.039308,-0.039167,-0.036511,-0.033541,-0.030808,-0.026201,-0.019791,-0.014405,NaN,NaN,NaN,NaN,NaN
NaN,NaN,NaN,NaN,NaN,NaN,-0.007934,-0.012833,-0.017663,-0.023520,-0.030469,-0.036032,-0.040572,-0.043376,-0.049538,-0.050037,-0.050842,-0.050327,-0.050483,-0.047809,-0.041610,-0.033439,-0.028145,-0.019240,-0.015759,-0.004146,0.005979,0.015254,0.026867,0.032122,0.039659,0.048097,NaN,0.061955,0.062945,0.063835,0.065833,0.064466,0.063238,0.056926,0.054873,0.043221,0.033892,0.026770,0.019082,0.012681,0.004448,-0.007943,-0.014013,-0.017410,-0.024562,-0.028080,-0.032130,-0.033765,-0.033179,-0.032716,-0.031316,-0.029527,-0.026190,NaN,NaN,NaN,NaN,NaN
NaN,NaN,NaN,NaN,NaN,NaN,-0.027664,-0.030098,-0.034436,-0.036836,-0.040045,-0.040865,-0.044157,-0.045117,-0.044331,-0.044713,-0.043994,-0.043524,-0.040983,-0.035871,-0.032257,-0.026009,-0.019628,-0.012638,-0.009589,-0.003653,0.002216,0.010051,0.018756,0.023068,0.028014,0.034560,NaN,0.045730,0.050181,0.051444,0.057430,0.058254,0.060544,0.060973,0.062108,0.060214,0.059644,0.057175,0.056580,0.052820,0.047929,0.042835,0.034935,0.034157,0.025476,0.021293,0.016574,0.012308,0.010347,0.006002,0.003326,-0.002531,-0.005064,NaN,NaN,NaN,NaN,NaN
NaN,NaN,NaN,NaN,NaN,NaN,-0.023899,-0.027316,-0.029975,-0.033586,-0.036283,-0.039403,-0.038863,-0.041412,-0.041254,-0.041561,-0.040452,-0.038949,-0.038273,-0.035812,-0.031688,-0.025954,-0.021139,-0.019457,-0.012616,-0.008234,-0.000458,0.004755,0.010574,0.015619,0.020624,0.026559,NaN,0.037932,0.041223,0.045725,0.046834,0.048899,0.053573,0.053132,0.052707,0.051715,0.050871,0.047086,0.049280,0.046746,0.043395,0.035421,0.032447,0.031932,0.026460,0.020991,0.017212,0.013443,0.009987,0.007359,0.001781,-0.000357,-0.002822,NaN,NaN,NaN,NaN,NaN
NaN,NaN,NaN,NaN,NaN,NaN,0.017515,0.001746,-0.020621,-0.022794,0.005333,0.029287,0.019090,-0.012506,-0.032967,-0.017894,0.020152,0.035589,0.011334,-0.028934,-0.036095,0.002391,0.035537,0.029964,-0.010640,-0.039720,-0.022716,0.021536,0.040374,0.015896,-0.028873,-0.036190,NaN,0.034627,0.031447,-0.007448,-0.034816,-0.024160,0.016626,0.038187,0.016053,-0.024165,-0.034638,-0.006416,0.027339,0.029984,-0.002463,-0.030258,-0.020001,0.010469,0.027390,0.011042,-0.013658,-0.022222,-0.006046,0.013624,0.017640,0.001698,-0.012570,NaN,NaN,NaN,NaN,NaN
NaN,NaN,NaN,NaN,NaN,NaN,NaN,NaN,NaN,NaN,NaN,NaN,NaN,NaN,NaN,NaN,NaN,NaN,NaN,NaN,NaN,NaN,NaN,NaN,NaN,NaN,NaN,NaN,NaN,NaN,NaN,NaN,NaN,NaN,NaN,NaN,NaN,NaN,NaN,NaN,NaN,NaN,NaN,NaN,NaN,NaN,NaN,NaN,NaN,NaN,NaN,NaN,NaN,NaN,NaN,NaN,NaN,NaN,NaN,NaN,NaN,NaN,NaN,NaN
NaN,NaN,NaN,NaN,NaN,NaN,NaN,NaN,NaN,NaN,NaN,NaN,NaN,NaN,NaN,NaN,NaN,NaN,NaN,NaN,NaN,NaN,NaN,NaN,NaN,NaN,NaN,NaN,NaN,NaN,NaN,NaN,NaN,NaN,NaN,NaN,NaN,NaN,NaN,NaN,NaN,NaN,NaN,NaN,NaN,NaN,NaN,NaN,NaN,NaN,NaN,NaN,NaN,NaN,NaN,NaN,NaN,NaN,NaN,NaN,NaN,NaN,NaN,NaN
NaN,NaN,NaN,NaN,NaN,NaN,-0.009801,-0.014042,-0.017063,-0.023453,-0.026241,-0.030076,-0.031568,-0.037098,-0.037279,-0.039369,-0.038861,-0.036810,-0.034735,-0.032675,-0.029547,-0.021803,-0.016367,-0.011358,-0.006502,0.001995,0.007083,0.014521,0.023892,0.028162,0.035830,0.040442,NaN,0.047021,0.048938,0.051001,0.050511,0.049687,0.047936,0.047244,0.039965,0.035400,0.028779,0.023327,0.019977,0.011931,0.005465,-0.002427,-0.008172,-0.010826,-0.017132,-0.020729,-0.023412,-0.025980,-0.024161,-0.026260,-0.024649,-0.022838,-0.022222,NaN,NaN,NaN,NaN,NaN
NaN,NaN,NaN,NaN,NaN,NaN,-0.023707,-0.027645,-0.029112,-0.032381,-0.034265,-0.034311,-0.035822,-0.036512,-0.035935,-0.037993,-0.033951,-0.032372,-0.030228,-0.027315,-0.024204,-0.016342,-0.010385,-0.006876,-0.005207,-0.000986,0.007069,0.014527,0.018857,0.022843,0.028074,0.032753,NaN,0.042907,0.045232,0.048919,0.048188,0.051065,0.051084,0.053202,0.050081,0.049340,0.046511,0.042567,0.043963,0.041060,0.036118,0.029467,0.026847,0.023313,0.016539,0.013514,0.007438,0.005153,0.004073,0.002358,-0.003049,-0.005228,-0.007009,NaN,NaN,NaN,NaN,NaN
NaN,NaN,NaN,NaN,NaN,NaN,-0.013187,0.011371,0.025966,0.004469,-0.026870,-0.021624,0.014741,0.032101,0.007780,-0.030484,-0.025293,0.015524,0.038974,0.009242,-0.034597,-0.028518,0.016646,0.039755,0.009043,-0.033328,-0.027527,0.016748,0.040412,0.006226,-0.034198,-0.028026,NaN,0.042835,0.009770,-0.034961,-0.028783,0.016272,0.038495,0.007472,-0.035048,-0.028402,0.016398,0.037036,0.009570,-0.031116,-0.026854,0.011526,0.032253,0.009471,-0.024356,-0.023793,0.010536,0.024012,0.008531,-0.019554,-0.016618,0.007251,0.016134,NaN,NaN,NaN,NaN,NaN
NaN,NaN,NaN,NaN,NaN,NaN,0.015066,-0.014466,-0.006967,0.028338,-0.008055,0.010384,-0.021752,0.018539,0.019529,-0.007435,-0.003571,-0.011924,0.008214,-0.040580,-0.001147,-0.009114,0.012048,0.030565,0.009320,0.005006,-0.023446,0.021442,-0.040162,-0.007866,0.034014,-0.026657,NaN,0.016841,-0.026575,0.011558,0.037320,0.037889,0.014964,0.014381,0.033389,0.027389,0.024981,0.008962,0.006329,-0.028019,0.019148,0.010943,-0.022334,0.003485,-0.023264,-0.006886,-0.005681,-0.025729,0.014388,0.012023,0.017504,-0.011707,0.016835,NaN,NaN,NaN,NaN,NaN
NaN,NaN,NaN,NaN,NaN,NaN,0.014262,-0.006307,-0.014834,0.021182,-0.020173,0.016443,0.012608,0.001198,-0.037343,-0.014323,-0.013740,-0.024312,0.038064,0.017134,-0.039156,0.009285,-0.020270,-0.044217,-0.004408,0.038633,0.000574,0.043384,-0.000718,0.024196,0.007863,0.016872,NaN,0.026080,0.028247,-0.013140,-0.000842,0.012038,0.029931,-0.033950,0.022977,0.030464,-0.013798,-0.022880,0.004601,0.032366,0.021097,0.021769,-0.010737,0.006568,0.005779,-0.003320,0.002971,-0.000804,0.011034,0.002017,0.002054,0.001447,0.001210,NaN,NaN,NaN,NaN,NaN
NaN,NaN,NaN,NaN,NaN,NaN,NaN,NaN,NaN,NaN,NaN,NaN,NaN,NaN,NaN,NaN,NaN,NaN,NaN,NaN,NaN,NaN,NaN,NaN,NaN,NaN,NaN,NaN,NaN,NaN,NaN,NaN,NaN,NaN,NaN,NaN,NaN,NaN,NaN,NaN,NaN,NaN,NaN,NaN,NaN,NaN,NaN,NaN,NaN,NaN,NaN,NaN,NaN,NaN,NaN,NaN,NaN,NaN,NaN,NaN,NaN,NaN,NaN,NaN
NaN,NaN,NaN,NaN,NaN,NaN,NaN,NaN,NaN,NaN,NaN,NaN,NaN,NaN,NaN,NaN,NaN,NaN,NaN,NaN,NaN,NaN,NaN,NaN,NaN,NaN,NaN,NaN,NaN,NaN,NaN,NaN,NaN,NaN,NaN,NaN,NaN,NaN,NaN,NaN,NaN,NaN,NaN,NaN,NaN,NaN,NaN,NaN,NaN,NaN,NaN,NaN,NaN,NaN,NaN,NaN,NaN,NaN,NaN,NaN,NaN,NaN,NaN,NaN
NaN,NaN,NaN,NaN,NaN,NaN,NaN,NaN,NaN,NaN,NaN,NaN,NaN,NaN,NaN,NaN,NaN,NaN,NaN,NaN,NaN,NaN,NaN,NaN,NaN,NaN,NaN,NaN,NaN,NaN,NaN,NaN,NaN,NaN,NaN,NaN,NaN,NaN,NaN,NaN,NaN,NaN,NaN,NaN,NaN,NaN,NaN,NaN,NaN,NaN,NaN,NaN,NaN,NaN,NaN,NaN,NaN,NaN,NaN,NaN,NaN,NaN,NaN,NaN
NaN,NaN,NaN,NaN,NaN,NaN,NaN,NaN,NaN,NaN,NaN,NaN,NaN,NaN,NaN,NaN,NaN,NaN,NaN,NaN,NaN,NaN,NaN,NaN,NaN,NaN,NaN,NaN,NaN,NaN,NaN,NaN,NaN,NaN,NaN,NaN,NaN,NaN,NaN,NaN,NaN,NaN,NaN,NaN,NaN,NaN,NaN,NaN,NaN,NaN,NaN,NaN,NaN,NaN,NaN,NaN,NaN,NaN,NaN,NaN,NaN,NaN,NaN,NaN
NaN,NaN,NaN,NaN,NaN,NaN,NaN,NaN,NaN,NaN,NaN,NaN,NaN,NaN,NaN,NaN,NaN,NaN,NaN,NaN,NaN,NaN,NaN,NaN,NaN,NaN,NaN,NaN,NaN,NaN,NaN,NaN,NaN,NaN,NaN,NaN,NaN,NaN,NaN,NaN,NaN,NaN,NaN,NaN,NaN,NaN,NaN,NaN,NaN,NaN,NaN,NaN,NaN,NaN,NaN,NaN,NaN,NaN,NaN,NaN,NaN,NaN,NaN,NaN
NaN,NaN,NaN,NaN,NaN,NaN,NaN,NaN,NaN,NaN,NaN,NaN,NaN,NaN,NaN,NaN,NaN,NaN,NaN,NaN,NaN,NaN,NaN,NaN,NaN,NaN,NaN,NaN,NaN,NaN,NaN,NaN,NaN,NaN,NaN,NaN,NaN,NaN,NaN,NaN,NaN,NaN,NaN,NaN,NaN,NaN,NaN,NaN,NaN,NaN,NaN,NaN,NaN,NaN,NaN,NaN,NaN,NaN,NaN,NaN,NaN,NaN,NaN,NaN
NaN,NaN,NaN,NaN,NaN,NaN,NaN,NaN,NaN,NaN,NaN,NaN,NaN,NaN,NaN,NaN,NaN,NaN,NaN,NaN,NaN,NaN,NaN,NaN,NaN,NaN,NaN,NaN,NaN,NaN,NaN,NaN,NaN,NaN,NaN,NaN,NaN,NaN,NaN,NaN,NaN,NaN,NaN,NaN,NaN,NaN,NaN,NaN,NaN,NaN,NaN,NaN,NaN,NaN,NaN,NaN,NaN,NaN,NaN,NaN,NaN,NaN,NaN,NaN
NaN,NaN,NaN,NaN,NaN,NaN,NaN,NaN,NaN,NaN,NaN,NaN,NaN,NaN,NaN,NaN,NaN,NaN,NaN,NaN,NaN,NaN,NaN,NaN,NaN,NaN,NaN,NaN,NaN,NaN,NaN,NaN,NaN,NaN,NaN,NaN,NaN,NaN,NaN,NaN,NaN,NaN,NaN,NaN,NaN,NaN,NaN,NaN,NaN,NaN,NaN,NaN,NaN,NaN,NaN,NaN,NaN,NaN,NaN,NaN,NaN,NaN,NaN,NaN
NaN,NaN,NaN,NaN,NaN,NaN,NaN,NaN,NaN,NaN,NaN,NaN,NaN,NaN,NaN,NaN,NaN,NaN,NaN,NaN,NaN,NaN,NaN,NaN,NaN,NaN,NaN,NaN,NaN,NaN,NaN,NaN,NaN,NaN,NaN,NaN,NaN,NaN,NaN,NaN,NaN,NaN,NaN,NaN,NaN,NaN,NaN,NaN,NaN,NaN,NaN,NaN,NaN,NaN,NaN,NaN,NaN,NaN,NaN,NaN,NaN,NaN,NaN,NaN
NaN,NaN,NaN,NaN,NaN,NaN,0.010788,0.008350,-0.022576,0.009288,0.013044,-0.022359,0.011639,0.016413,-0.029231,0.008958,0.029330,-0.027835,0.003076,0.032145,-0.025589,-0.007849,0.030241,-0.022105,-0.009027,0.036149,-0.023425,-0.012651,0.036379,-0.012419,-0.025398,0.034640,NaN,-0.025915,0.033597,-0.000795,-0.034545,0.030336,0.001728,-0.033122,0.028188,0.010081,-0.036930,0.018948,0.017727,-0.034693,0.015149,0.022205,-0.029609,0.008601,0.021269,-0.027597,0.006504,0.017646,-0.020750,-0.000230,0.019344,-0.013375,-0.003888,NaN,NaN,NaN,NaN,NaN
NaN,NaN,NaN,NaN,NaN,NaN,NaN,NaN,NaN,NaN,NaN,NaN,NaN,NaN,NaN,NaN,NaN,NaN,NaN,NaN,NaN,NaN,NaN,NaN,NaN,NaN,NaN,NaN,NaN,NaN,NaN,NaN,NaN,NaN,NaN,NaN,NaN,NaN,NaN,NaN,NaN,NaN,NaN,NaN,NaN,NaN,NaN,NaN,NaN,NaN,NaN,NaN,NaN,NaN,NaN,NaN,NaN,NaN,NaN,NaN,NaN,NaN,NaN,NaN
NaN,NaN,NaN,NaN,NaN,NaN,0.020432,-0.008364,-0.015751,0.020487,-0.006441,-0.017770,0.027487,-0.006846,-0.025524,0.029310,0.009657,-0.027819,0.025605,0.017723,-0.030857,0.012481,0.018952,-0.034409,0.010320,0.024028,-0.038120,0.006780,0.032327,-0.027486,-0.012780,0.035730,NaN,-0.013856,0.038078,-0.013326,-0.026064,0.035044,-0.010819,-0.026647,0.035202,-0.002862,-0.033916,0.021905,0.014208,-0.035060,0.016199,0.019638,-0.026818,0.010700,0.019903,-0.027838,0.009265,0.017223,-0.020617,-0.001129,0.020127,-0.010196,-0.005687,NaN,NaN,NaN,NaN,NaN
NaN,NaN,NaN,NaN,NaN,NaN,NaN,NaN,NaN,NaN,NaN,NaN,NaN,NaN,NaN,NaN,NaN,NaN,NaN,NaN,NaN,NaN,NaN,NaN,NaN,NaN,NaN,NaN,NaN,NaN,NaN,NaN,NaN,NaN,NaN,NaN,NaN,NaN,NaN,NaN,NaN,NaN,NaN,NaN,NaN,NaN,NaN,NaN,NaN,NaN,NaN,NaN,NaN,NaN,NaN,NaN,NaN,NaN,NaN,NaN,NaN,NaN,NaN,NaN
NaN,NaN,NaN,NaN,NaN,NaN,NaN,NaN,NaN,NaN,NaN,NaN,NaN,NaN,NaN,NaN,NaN,NaN,NaN,NaN,NaN,NaN,NaN,NaN,NaN,NaN,NaN,NaN,NaN,NaN,NaN,NaN,NaN,NaN,NaN,NaN,NaN,NaN,NaN,NaN,NaN,NaN,NaN,NaN,NaN,NaN,NaN,NaN,NaN,NaN,NaN,NaN,NaN,NaN,NaN,NaN,NaN,NaN,NaN,NaN,NaN,NaN,NaN,NaN
NaN,NaN,NaN,NaN,NaN,NaN,NaN,NaN,NaN,NaN,NaN,NaN,NaN,NaN,NaN,NaN,NaN,NaN,NaN,NaN,NaN,NaN,NaN,NaN,NaN,NaN,NaN,NaN,NaN,NaN,NaN,NaN,NaN,NaN,NaN,NaN,NaN,NaN,NaN,NaN,NaN,NaN,NaN,NaN,NaN,NaN,NaN,NaN,NaN,NaN,NaN,NaN,NaN,NaN,NaN,NaN,NaN,NaN,NaN,NaN,NaN,NaN,NaN,NaN
NaN,NaN,NaN,NaN,NaN,NaN,NaN,NaN,NaN,NaN,NaN,NaN,NaN,NaN,NaN,NaN,NaN,NaN,NaN,NaN,NaN,NaN,NaN,NaN,NaN,NaN,NaN,NaN,NaN,NaN,NaN,NaN,NaN,NaN,NaN,NaN,NaN,NaN,NaN,NaN,NaN,NaN,NaN,NaN,NaN,NaN,NaN,NaN,NaN,NaN,NaN,NaN,NaN,NaN,NaN,NaN,NaN,NaN,NaN,NaN,NaN,NaN,NaN,NaN
NaN,NaN,NaN,NaN,NaN,NaN,NaN,NaN,NaN,NaN,NaN,NaN,NaN,NaN,NaN,NaN,NaN,NaN,NaN,NaN,NaN,NaN,NaN,NaN,NaN,NaN,NaN,NaN,NaN,NaN,NaN,NaN,NaN,NaN,NaN,NaN,NaN,NaN,NaN,NaN,NaN,NaN,NaN,NaN,NaN,NaN,NaN,NaN,NaN,NaN,NaN,NaN,NaN,NaN,NaN,NaN,NaN,NaN,NaN,NaN,NaN,NaN,NaN,NaN
NaN,NaN,NaN,NaN,NaN,NaN,-0.000861,0.001150,-0.000720,0.000480,0.000650,0.000066,-0.001338,0.000239,-0.001002,0.000244,0.000224,0.000327,-0.000647,0.001378,-0.000589,0.000956,-0.000334,-0.000509,-0.000930,0.001078,0.000397,0.000741,0.000506,-0.000002,0.000415,-0.000566,NaN,0.001629,-0.001420,-0.000396,0.001391,0.000934,0.000536,-0.001412,-0.001081,-0.000165,-0.000099,0.000129,-0.000121,-0.001596,-0.000690,-0.000244,-0.000161,-0.000113,0.000671,0.000390,-0.000356,0.000385,-0.001170,0.000604,-0.000743,-0.000311,0.001161,NaN,NaN,NaN,NaN,NaN
NaN,NaN,NaN,NaN,NaN,NaN,0.009729,0.022470,0.006788,-0.002985,-0.021867,-0.020967,0.031156,-0.031581,-0.017430,-0.004767,0.020739,0.021842,0.005308,0.034037,-0.042389,0.006070,0.028115,-0.002139,0.001264,0.028821,-0.016529,0.016899,-0.021317,-0.033732,-0.017647,-0.007670,NaN,-0.048615,-0.022860,-0.013306,-0.009745,-0.010418,-0.018807,-0.023131,-0.028137,-0.009374,-0.039849,0.004681,0.021858,0.012988,-0.005172,-0.013449,0.011982,-0.027655,0.011159,0.005972,0.020003,-0.017529,-0.005643,0.027438,0.013376,-0.005105,0.017162,NaN,NaN,NaN,NaN,NaN
NaN,NaN,NaN,NaN,NaN,NaN,NaN,NaN,NaN,NaN,NaN,NaN,NaN,NaN,NaN,NaN,NaN,NaN,NaN,NaN,NaN,NaN,NaN,NaN,NaN,NaN,NaN,NaN,NaN,NaN,NaN,NaN,NaN,NaN,NaN,NaN,NaN,NaN,NaN,NaN,NaN,NaN,NaN,NaN,NaN,NaN,NaN,NaN,NaN,NaN,NaN,NaN,NaN,NaN,NaN,NaN,NaN,NaN,NaN,NaN,NaN,NaN,NaN,NaN
NaN,NaN,NaN,NaN,NaN,NaN,NaN,NaN,NaN,NaN,NaN,NaN,NaN,NaN,NaN,NaN,NaN,NaN,NaN,NaN,NaN,NaN,NaN,NaN,NaN,NaN,NaN,NaN,NaN,NaN,NaN,NaN,NaN,NaN,NaN,NaN,NaN,NaN,NaN,NaN,NaN,NaN,NaN,NaN,NaN,NaN,NaN,NaN,NaN,NaN,NaN,NaN,NaN,NaN,NaN,NaN,NaN,NaN,NaN,NaN,NaN,NaN,NaN,NaN
NaN,NaN,NaN,NaN,NaN,NaN,NaN,NaN,NaN,NaN,NaN,NaN,NaN,NaN,NaN,NaN,NaN,NaN,NaN,NaN,NaN,NaN,NaN,NaN,NaN,NaN,NaN,NaN,NaN,NaN,NaN,NaN,NaN,NaN,NaN,NaN,NaN,NaN,NaN,NaN,NaN,NaN,NaN,NaN,NaN,NaN,NaN,NaN,NaN,NaN,NaN,NaN,NaN,NaN,NaN,NaN,NaN,NaN,NaN,NaN,NaN,NaN,NaN,NaN
NaN,NaN,NaN,NaN,NaN,NaN,NaN,NaN,NaN,NaN,NaN,NaN,NaN,NaN,NaN,NaN,NaN,NaN,NaN,NaN,NaN,NaN,NaN,NaN,NaN,NaN,NaN,NaN,NaN,NaN,NaN,NaN,NaN,NaN,NaN,NaN,NaN,NaN,NaN,NaN,NaN,NaN,NaN,NaN,NaN,NaN,NaN,NaN,NaN,NaN,NaN,NaN,NaN,NaN,NaN,NaN,NaN,NaN,NaN,NaN,NaN,NaN,NaN,NaN
NaN,NaN,NaN,NaN,NaN,NaN,NaN,NaN,NaN,NaN,NaN,NaN,NaN,NaN,NaN,NaN,NaN,NaN,NaN,NaN,NaN,NaN,NaN,NaN,NaN,NaN,NaN,NaN,NaN,NaN,NaN,NaN,NaN,NaN,NaN,NaN,NaN,NaN,NaN,NaN,NaN,NaN,NaN,NaN,NaN,NaN,NaN,NaN,NaN,NaN,NaN,NaN,NaN,NaN,NaN,NaN,NaN,NaN,NaN,NaN,NaN,NaN,NaN,NaN
NaN,NaN,NaN,NaN,NaN,NaN,NaN,NaN,NaN,NaN,NaN,NaN,NaN,NaN,NaN,NaN,NaN,NaN,NaN,NaN,NaN,NaN,NaN,NaN,NaN,NaN,NaN,NaN,NaN,NaN,NaN,NaN,NaN,NaN,NaN,NaN,NaN,NaN,NaN,NaN,NaN,NaN,NaN,NaN,NaN,NaN,NaN,NaN,NaN,NaN,NaN,NaN,NaN,NaN,NaN,NaN,NaN,NaN,NaN,NaN,NaN,NaN,NaN,NaN
NaN,NaN,NaN,NaN,NaN,NaN,NaN,NaN,NaN,NaN,NaN,NaN,NaN,NaN,NaN,NaN,NaN,NaN,NaN,NaN,NaN,NaN,NaN,NaN,NaN,NaN,NaN,NaN,NaN,NaN,NaN,NaN,NaN,NaN,NaN,NaN,NaN,NaN,NaN,NaN,NaN,NaN,NaN,NaN,NaN,NaN,NaN,NaN,NaN,NaN,NaN,NaN,NaN,NaN,NaN,NaN,NaN,NaN,NaN,NaN,NaN,NaN,NaN,NaN
NaN,NaN,NaN,NaN,NaN,NaN,0.000350,0.000230,-0.000019,0.000125,-0.001090,0.000582,-0.001498,-0.000136,0.000362,0.000588,0.000142,-0.000385,-0.001419,-0.000790,-0.000125,0.000523,0.000108,0.001267,0.001386,-0.000569,-0.001158,0.002007,-0.000341,-0.000613,0.000998,-0.001577,NaN,0.000157,-0.001035,0.000343,-0.001017,0.000231,-0.001572,-0.000954,0.001765,-0.000178,-0.000649,0.000540,0.000026,0.000319,0.000311,-0.000545,0.000651,0.000667,0.000964,0.000424,0.000611,-0.000205,0.000599,-0.000365,-0.000231,0.001199,0.001563,NaN,NaN,NaN,NaN,NaN
NaN,NaN,NaN,NaN,NaN,NaN,NaN,NaN,NaN,NaN,NaN,NaN,NaN,NaN,NaN,NaN,NaN,NaN,NaN,NaN,NaN,NaN,NaN,NaN,NaN,NaN,NaN,NaN,NaN,NaN,NaN,NaN,NaN,NaN,NaN,NaN,NaN,NaN,NaN,NaN,NaN,NaN,NaN,NaN,NaN,NaN,NaN,NaN,NaN,NaN,NaN,NaN,NaN,NaN,NaN,NaN,NaN,NaN,NaN,NaN,NaN,NaN,NaN,NaN
NaN,NaN,NaN,NaN,NaN,NaN,NaN,NaN,NaN,NaN,NaN,NaN,NaN,NaN,NaN,NaN,NaN,NaN,NaN,NaN,NaN,NaN,NaN,NaN,NaN,NaN,NaN,NaN,NaN,NaN,NaN,NaN,NaN,NaN,NaN,NaN,NaN,NaN,NaN,NaN,NaN,NaN,NaN,NaN,NaN,NaN,NaN,NaN,NaN,NaN,NaN,NaN,NaN,NaN,NaN,NaN,NaN,NaN,NaN,NaN,NaN,NaN,NaN,NaN
NaN,NaN,NaN,NaN,NaN,NaN,-0.001171,-0.000966,-0.000227,0.000341,0.000769,0.000204,0.000963,0.001844,0.000421,0.001067,-0.000504,0.000248,-0.000248,-0.000434,-0.002058,0.000666,0.001004,0.001023,-0.000561,0.000951,-0.000868,-0.001609,0.000935,-0.000657,0.000563,0.001995,NaN,0.001629,0.002020,-0.000607,-0.001629,0.001295,0.000685,-0.000090,-0.001288,0.000264,-0.001061,0.000603,0.000223,-0.000214,0.000915,0.000208,0.001431,-0.001158,-0.000196,-0.000130,-0.000184,0.001836,-0.001494,0.000105,0.000647,0.000793,0.000291,NaN,NaN,NaN,NaN,NaN
NaN,NaN,NaN,NaN,NaN,NaN,NaN,NaN,NaN,NaN,NaN,NaN,NaN,NaN,NaN,NaN,NaN,NaN,NaN,NaN,NaN,NaN,NaN,NaN,NaN,NaN,NaN,NaN,NaN,NaN,NaN,NaN,NaN,NaN,NaN,NaN,NaN,NaN,NaN,NaN,NaN,NaN,NaN,NaN,NaN,NaN,NaN,NaN,NaN,NaN,NaN,NaN,NaN,NaN,NaN,NaN,NaN,NaN,NaN,NaN,NaN,NaN,NaN,NaN
NaN,NaN,NaN,NaN,NaN,NaN,-0.001251,-0.022268,-0.008213,0.004545,0.024100,0.044271,-0.009582,-0.032066,0.011254,0.000655,0.011655,-0.024352,-0.021863,0.039606,-0.023123,0.010025,-0.006365,-0.022367,-0.017032,-0.011499,-0.032334,-0.000703,-0.022402,-0.045775,-0.014483,-0.006266,NaN,0.011382,-0.032946,-0.007799,0.054635,0.030958,0.033683,-0.000852,0.008227,0.016260,-0.015689,-0.038577,-0.003572,0.017094,-0.025271,-0.001504,0.025681,0.017154,0.013306,-0.008178,-0.018495,-0.007097,0.020284,-0.004680,0.011133,-0.013325,0.016048,NaN,NaN,NaN,NaN,NaN
NaN,NaN,NaN,NaN,NaN,NaN,NaN,NaN,NaN,NaN,NaN,NaN,NaN,NaN,NaN,NaN,NaN,NaN,NaN,NaN,NaN,NaN,NaN,NaN,NaN,NaN,NaN,NaN,NaN,NaN,NaN,NaN,NaN,NaN,NaN,NaN,NaN,NaN,NaN,NaN,NaN,NaN,NaN,NaN,NaN,NaN,NaN,NaN,NaN,NaN,NaN,NaN,NaN,NaN,NaN,NaN,NaN,NaN,NaN,NaN,NaN,NaN,NaN,NaN
NaN,NaN,NaN,NaN,NaN,NaN,NaN,NaN,NaN,NaN,NaN,NaN,NaN,NaN,NaN,NaN,NaN,NaN,NaN,NaN,NaN,NaN,NaN,NaN,NaN,NaN,NaN,NaN,NaN,NaN,NaN,NaN,NaN,NaN,NaN,NaN,NaN,NaN,NaN,NaN,NaN,NaN,NaN,NaN,NaN,NaN,NaN,NaN,NaN,NaN,NaN,NaN,NaN,NaN,NaN,NaN,NaN,NaN,NaN,NaN,NaN,NaN,NaN,NaN
NaN,NaN,NaN,NaN,NaN,NaN,NaN,NaN,NaN,NaN,NaN,NaN,NaN,NaN,NaN,NaN,NaN,NaN,NaN,NaN,NaN,NaN,NaN,NaN,NaN,NaN,NaN,NaN,NaN,NaN,NaN,NaN,NaN,NaN,NaN,NaN,NaN,NaN,NaN,NaN,NaN,NaN,NaN,NaN,NaN,NaN,NaN,NaN,NaN,NaN,NaN,NaN,NaN,NaN,NaN,NaN,NaN,NaN,NaN,NaN,NaN,NaN,NaN,NaN
NaN,NaN,NaN,NaN,NaN,NaN,-0.003129,0.020832,0.021767,-0.011697,0.006238,-0.018198,0.017849,-0.010305,0.024505,-0.002295,0.016330,0.010905,0.018250,-0.004168,-0.018268,0.000847,-0.030256,-0.001855,-0.022027,0.012380,-0.001063,-0.029209,-0.015135,-0.016549,0.006961,-0.022266,NaN,0.019630,-0.027315,0.009178,0.033568,-0.018993,0.023945,-0.044970,-0.029936,-0.027517,-0.034286,-0.034477,-0.006996,-0.033520,-0.015052,-0.030795,-0.012478,0.007862,0.016243,-0.015809,0.006081,-0.000400,-0.005579,-0.004168,0.001535,0.004277,0.001105,NaN,NaN,NaN,NaN,NaN
NaN,NaN,NaN,NaN,NaN,NaN,NaN,NaN,NaN,NaN,NaN,NaN,NaN,NaN,NaN,NaN,NaN,NaN,NaN,NaN,NaN,NaN,NaN,NaN,NaN,NaN,NaN,NaN,NaN,NaN,NaN,NaN,NaN,NaN,NaN,NaN,NaN,NaN,NaN,NaN,NaN,NaN,NaN,NaN,NaN,NaN,NaN,NaN,NaN,NaN,NaN,NaN,NaN,NaN,NaN,NaN,NaN,NaN,NaN,NaN,NaN,NaN,NaN,NaN
NaN,NaN,NaN,NaN,NaN,NaN,NaN,NaN,NaN,NaN,NaN,NaN,NaN,NaN,NaN,NaN,NaN,NaN,NaN,NaN,NaN,NaN,NaN,NaN,NaN,NaN,NaN,NaN,NaN,NaN,NaN,NaN,NaN,NaN,NaN,NaN,NaN,NaN,NaN,NaN,NaN,NaN,NaN,NaN,NaN,NaN,NaN,NaN,NaN,NaN,NaN,NaN,NaN,NaN,NaN,NaN,NaN,NaN,NaN,NaN,NaN,NaN,NaN,NaN
NaN,NaN,NaN,NaN,NaN,NaN,-0.018103,0.016860,-0.018207,0.013175,-0.009306,0.001317,0.007260,-0.014456,0.020982,-0.028548,0.027293,-0.025954,0.022970,-0.017993,0.011068,-0.001161,-0.008903,0.018809,-0.022777,0.028601,-0.032782,0.028835,-0.025126,0.014080,-0.007057,-0.005170,NaN,-0.023908,0.031111,-0.035313,0.035648,-0.032086,0.027283,-0.019613,0.006366,0.004948,-0.015634,0.025871,-0.029985,0.034583,-0.034745,0.033251,-0.025023,0.020728,-0.008979,0.001913,0.008290,-0.015275,0.020105,-0.023088,0.021526,-0.020668,0.015180,NaN,NaN,NaN,NaN,NaN
NaN,NaN,NaN,NaN,NaN,NaN,NaN,NaN,NaN,NaN,NaN,NaN,NaN,NaN,NaN,NaN,NaN,NaN,NaN,NaN,NaN,NaN,NaN,NaN,NaN,NaN,NaN,NaN,NaN,NaN,NaN,NaN,NaN,NaN,NaN,NaN,NaN,NaN,NaN,NaN,NaN,NaN,NaN,NaN,NaN,NaN,NaN,NaN,NaN,NaN,NaN,NaN,NaN,NaN,NaN,NaN,NaN,NaN,NaN,NaN,NaN,NaN,NaN,NaN
NaN,NaN,NaN,NaN,NaN,NaN,-0.000291,0.000840,0.000454,0.000480,0.000359,-0.000716,-0.000970,0.000829,-0.000503,0.000311,-0.000269,-0.001212,-0.000327,0.001725,-0.000248,-0.000282,0.001060,-0.000954,0.000339,0.000694,0.000228,0.000347,0.000314,-0.000641,0.000319,-0.000705,NaN,-0.001132,-0.000376,0.000074,0.000731,-0.000246,0.000013,-0.000243,-0.000828,-0.000399,0.001174,-0.000764,0.000536,0.000341,0.000217,0.000830,-0.001043,-0.000255,0.000785,0.000772,-0.001855,0.000273,0.000512,-0.000031,0.000104,-0.000335,0.000065,NaN,NaN,NaN,NaN,NaN
NaN,NaN,NaN,NaN,NaN,NaN,NaN,NaN,NaN,NaN,NaN,NaN,NaN,NaN,NaN,NaN,NaN,NaN,NaN,NaN,NaN,NaN,NaN,NaN,NaN,NaN,NaN,NaN,NaN,NaN,NaN,NaN,NaN,NaN,NaN,NaN,NaN,NaN,NaN,NaN,NaN,NaN,NaN,NaN,NaN,NaN,NaN,NaN,NaN,NaN,NaN,NaN,NaN,NaN,NaN,NaN,NaN,NaN,NaN,NaN,NaN,NaN,NaN,NaN
NaN,NaN,NaN,NaN,NaN,NaN,NaN,NaN,NaN,NaN,NaN,NaN,NaN,NaN,NaN,NaN,NaN,NaN,NaN,NaN,NaN,NaN,NaN,NaN,NaN,NaN,NaN,NaN,NaN,NaN,NaN,NaN,NaN,NaN,NaN,NaN,NaN,NaN,NaN,NaN,NaN,NaN,NaN,NaN,NaN,NaN,NaN,NaN,NaN,NaN,NaN,NaN,NaN,NaN,NaN,NaN,NaN,NaN,NaN,NaN,NaN,NaN,NaN,NaN
NaN,NaN,NaN,NaN,NaN,NaN,0.000675,-0.000190,0.000618,-0.000363,-0.000360,-0.000214,0.000205,0.000805,-0.000352,0.000179,0.000054,0.001125,-0.000120,0.000194,0.000155,0.001367,0.001534,0.000643,0.000600,-0.001409,0.000513,-0.000594,-0.000348,-0.000444,-0.001575,-0.000308,NaN,-0.000379,0.001517,-0.001286,-0.000296,-0.000317,0.000741,-0.000115,0.000771,0.000880,-0.000978,0.000820,-0.000602,-0.000085,0.001307,-0.000732,-0.000848,-0.000355,0.000368,0.000140,0.001664,0.000462,0.000375,0.000206,-0.000537,-0.000547,0.000933,NaN,NaN,NaN,NaN,NaN
NaN,NaN,NaN,NaN,NaN,NaN,NaN,NaN,NaN,NaN,NaN,NaN,NaN,NaN,NaN,NaN,NaN,NaN,NaN,NaN,NaN,NaN,NaN,NaN,NaN,NaN,NaN,NaN,NaN,NaN,NaN,NaN,NaN,NaN,NaN,NaN,NaN,NaN,NaN,NaN,NaN,NaN,NaN,NaN,NaN,NaN,NaN,NaN,NaN,NaN,NaN,NaN,NaN,NaN,NaN,NaN,NaN,NaN,NaN,NaN,NaN,NaN,NaN,NaN
NaN,NaN,NaN,NaN,NaN,NaN,NaN,NaN,NaN,NaN,NaN,NaN,NaN,NaN,NaN,NaN,NaN,NaN,NaN,NaN,NaN,NaN,NaN,NaN,NaN,NaN,NaN,NaN,NaN,NaN,NaN,NaN,NaN,NaN,NaN,NaN,NaN,NaN,NaN,NaN,NaN,NaN,NaN,NaN,NaN,NaN,NaN,NaN,NaN,NaN,NaN,NaN,NaN,NaN,NaN,NaN,NaN,NaN,NaN,NaN,NaN,NaN,NaN,NaN
NaN,NaN,NaN,NaN,NaN,NaN,-0.000567,-0.000820,-0.000166,-0.000816,-0.000460,-0.000340,-0.000761,0.000110,0.001235,-0.000549,-0.000175,0.000694,0.000584,-0.001142,0.000025,-0.000421,-0.000018,0.000016,0.000504,-0.001835,-0.000587,0.001081,0.000109,-0.000939,-0.000292,0.000090,NaN,0.000836,0.000074,-0.000597,0.000360,0.000436,-0.001654,-0.000517,-0.000555,0.000130,0.000352,0.001357,0.001028,-0.001335,0.001158,0.000858,-0.000037,0.001144,-0.000859,0.000290,0.001042,0.000135,-0.000402,-0.000053,-0.000443,-0.000032,0.000958,NaN,NaN,NaN,NaN,NaN
NaN,NaN,NaN,NaN,NaN,NaN,NaN,NaN,NaN,NaN,NaN,NaN,NaN,NaN,NaN,NaN,NaN,NaN,NaN,NaN,NaN,NaN,NaN,NaN,NaN,NaN,NaN,NaN,NaN,NaN,NaN,NaN,NaN,NaN,NaN,NaN,NaN,NaN,NaN,NaN,NaN,NaN,NaN,NaN,NaN,NaN,NaN,NaN,NaN,NaN,NaN,NaN,NaN,NaN,NaN,NaN,NaN,NaN,NaN,NaN,NaN,NaN,NaN,NaN
NaN,NaN,NaN,NaN,NaN,NaN,NaN,NaN,NaN,NaN,NaN,NaN,NaN,NaN,NaN,NaN,NaN,NaN,NaN,NaN,NaN,NaN,NaN,NaN,NaN,NaN,NaN,NaN,NaN,NaN,NaN,NaN,NaN,NaN,NaN,NaN,NaN,NaN,NaN,NaN,NaN,NaN,NaN,NaN,NaN,NaN,NaN,NaN,NaN,NaN,NaN,NaN,NaN,NaN,NaN,NaN,NaN,NaN,NaN,NaN,NaN,NaN,NaN,NaN
NaN,NaN,NaN,NaN,NaN,NaN,-0.000549,0.000159,0.000836,0.000248,-0.000647,0.000019,0.000384,-0.000564,-0.000069,0.000222,-0.000146,0.000935,0.002035,-0.000506,0.001526,0.001244,0.001041,0.000194,0.000226,-0.000910,0.001507,0.000383,-0.000762,0.001144,0.000852,0.000504,NaN,0.000064,0.000441,0.000029,0.000223,0.001905,-0.000740,-0.002308,0.000116,-0.001255,0.000454,0.000030,0.000506,-0.002874,0.000155,-0.000814,0.000477,-0.000744,0.001152,-0.000024,-0.001874,0.000189,0.001003,-0.000258,0.000953,-0.000926,-0.000329,NaN,NaN,NaN,NaN,NaN
NaN,NaN,NaN,NaN,NaN,NaN,-0.000297,-0.004442,0.002533,-0.000271,-0.000723,0.001090,-0.005249,0.010490,-0.004951,-0.000971,0.001711,0.014971,0.013027,-0.000794,0.002957,-0.019745,-0.014683,-0.010115,-0.018164,-0.004667,0.024146,-0.014693,-0.001839,-0.002020,0.012148,0.017440,NaN,-0.000517,-0.002393,-0.011286,0.003786,-0.009140,0.015054,-0.010652,0.008997,0.002469,-0.014559,-0.018270,-0.013819,-0.013979,-0.014464,0.010599,0.003933,-0.000931,-0.002260,0.004711,-0.001084,-0.002592,0.001517,0.003828,0.004788,0.003088,0.002689,NaN,NaN,NaN,NaN,NaN
NaN,NaN,NaN,NaN,NaN,NaN,-0.002914,-0.019828,-0.005983,0.005267,0.028470,0.012866,0.033624,-0.038167,-0.012856,-0.013323,-0.007675,0.018330,-0.004635,-0.014238,0.038744,-0.010394,-0.025276,0.020285,-0.018547,-0.004515,-0.016874,0.012579,-0.045956,-0.016972,0.025391,-0.026815,NaN,0.040630,0.008118,-0.035282,0.000674,-0.028583,-0.007655,-0.026705,-0.032495,-0.013453,-0.026354,0.041895,0.002168,0.015052,-0.009206,0.008809,-0.025952,0.007241,-0.024260,0.000429,0.012209,-0.012944,-0.013448,0.022402,-0.004988,0.017973,-0.008433,NaN,NaN,NaN,NaN,NaN
NaN,NaN,NaN,NaN,NaN,NaN,0.012085,-0.015389,-0.021016,0.000319,0.026739,0.032832,0.005928,-0.035138,0.001070,-0.006305,0.026011,0.021162,0.004212,0.037728,-0.005267,0.002647,-0.029193,-0.002490,-0.027270,-0.008808,-0.027016,-0.018032,-0.028964,-0.052603,-0.006338,-0.031827,NaN,0.015698,-0.028169,-0.010885,0.015608,-0.007390,0.018255,0.012575,-0.027828,0.014633,-0.033370,0.004236,0.026684,0.052084,-0.031709,-0.009486,-0.004258,0.036459,-0.002522,-0.020849,-0.008914,-0.026859,0.016606,0.011552,0.011982,-0.003559,0.011642,NaN,NaN,NaN,NaN,NaN
NaN,NaN,NaN,NaN,NaN,NaN,NaN,NaN,NaN,NaN,NaN,NaN,NaN,NaN,NaN,NaN,NaN,NaN,NaN,NaN,NaN,NaN,NaN,NaN,NaN,NaN,NaN,NaN,NaN,NaN,NaN,NaN,NaN,NaN,NaN,NaN,NaN,NaN,NaN,NaN,NaN,NaN,NaN,NaN,NaN,NaN,NaN,NaN,NaN,NaN,NaN,NaN,NaN,NaN,NaN,NaN,NaN,NaN,NaN,NaN,NaN,NaN,NaN,NaN
NaN,NaN,NaN,NaN,NaN,NaN,NaN,NaN,NaN,NaN,NaN,NaN,NaN,NaN,NaN,NaN,NaN,NaN,NaN,NaN,NaN,NaN,NaN,NaN,NaN,NaN,NaN,NaN,NaN,NaN,NaN,NaN,NaN,NaN,NaN,NaN,NaN,NaN,NaN,NaN,NaN,NaN,NaN,NaN,NaN,NaN,NaN,NaN,NaN,NaN,NaN,NaN,NaN,NaN,NaN,NaN,NaN,NaN,NaN,NaN,NaN,NaN,NaN,NaN
NaN,NaN,NaN,NaN,NaN,NaN,-0.000534,-0.000135,-0.000126,0.001192,0.000687,0.001137,-0.000397,-0.001212,0.000739,-0.000535,-0.000847,-0.000460,-0.001839,0.000667,-0.001932,0.001580,0.000587,0.000636,-0.000201,-0.000395,0.000605,0.000452,-0.000534,0.000277,0.001636,0.000729,NaN,0.000411,0.001527,-0.000986,0.000600,-0.001512,0.000069,0.000622,-0.000283,0.000959,0.001122,0.000879,-0.001378,-0.000036,-0.000034,-0.000969,0.001596,0.000106,-0.000052,0.000110,-0.001115,0.000469,-0.000218,0.000828,0.000543,-0.000389,-0.000392,NaN,NaN,NaN,NaN,NaN
NaN,NaN,NaN,NaN,NaN,NaN,-0.005486,0.008969,0.013442,0.002828,0.000681,-0.003766,0.002077,-0.005970,-0.006962,0.007488,-0.020805,0.014327,-0.008762,0.008943,-0.015586,-0.015455,0.010068,0.011500,-0.007856,0.014192,-0.010195,0.019017,-0.000762,0.005949,-0.000788,-0.012359,NaN,-0.024171,0.001763,0.010448,-0.006173,0.034989,-0.008998,-0.001700,-0.000230,-0.006078,-0.034409,0.020987,-0.020441,0.001169,-0.014359,-0.004256,-0.010080,-0.002088,0.002490,-0.000464,0.001228,0.003219,-0.007452,-0.008353,-0.000783,-0.001954,-0.001166,NaN,NaN,NaN,NaN,NaN
NaN,NaN,NaN,NaN,NaN,NaN,0.005706,-0.012061,-0.022671,0.006595,-0.001514,0.023702,-0.020396,-0.010469,0.011284,-0.004395,0.031735,0.009285,-0.007522,0.041062,-0.019861,0.012837,0.006039,-0.026048,-0.006493,-0.028395,-0.004336,-0.043071,0.018609,-0.032147,-0.020029,-0.023805,NaN,-0.023895,-0.025253,0.000019,0.035116,0.023037,0.012028,0.031089,-0.001877,0.013938,-0.009970,-0.020178,0.024578,0.033339,-0.025020,-0.009985,0.017413,0.024376,0.012332,-0.014970,-0.015751,-0.012694,0.025252,-0.006105,0.012186,-0.016134,0.015542,NaN,NaN,NaN,NaN,NaN
NaN,NaN,NaN,NaN,NaN,NaN,NaN,NaN,NaN,NaN,NaN,NaN,NaN,NaN,NaN,NaN,NaN,NaN,NaN,NaN,NaN,NaN,NaN,NaN,NaN,NaN,NaN,NaN,NaN,NaN,NaN,NaN,NaN,NaN,NaN,NaN,NaN,NaN,NaN,NaN,NaN,NaN,NaN,NaN,NaN,NaN,NaN,NaN,NaN,NaN,NaN,NaN,NaN,NaN,NaN,NaN,NaN,NaN,NaN,NaN,NaN,NaN,NaN,NaN
NaN,NaN,NaN,NaN,NaN,NaN,NaN,NaN,NaN,NaN,NaN,NaN,NaN,NaN,NaN,NaN,NaN,NaN,NaN,NaN,NaN,NaN,NaN,NaN,NaN,NaN,NaN,NaN,NaN,NaN,NaN,NaN,NaN,NaN,NaN,NaN,NaN,NaN,NaN,NaN,NaN,NaN,NaN,NaN,NaN,NaN,NaN,NaN,NaN,NaN,NaN,NaN,NaN,NaN,NaN,NaN,NaN,NaN,NaN,NaN,NaN,NaN,NaN,NaN
NaN,NaN,NaN,NaN,NaN,NaN,0.013993,-0.000264,-0.019605,0.010821,0.015969,-0.021896,0.001957,0.022994,-0.017078,-0.017647,0.025348,-0.000224,-0.027435,0.013879,0.014287,-0.027600,0.002590,0.026564,-0.021160,-0.012726,0.030182,-0.008970,-0.026627,0.026797,0.013087,-0.035705,NaN,0.026406,-0.031053,-0.013610,0.040004,-0.012846,-0.035034,0.036922,0.008987,-0.039975,0.012882,0.035097,-0.031052,-0.015833,0.038373,-0.010180,-0.031590,0.030073,0.013428,-0.035330,0.010020,0.022644,-0.019674,-0.011467,0.023565,-0.004067,-0.017136,NaN,NaN,NaN,NaN,NaN
NaN,NaN,NaN,NaN,NaN,NaN,-0.016111,-0.016103,-0.010086,-0.003521,0.003072,0.012792,0.018704,0.024669,0.030515,0.029930,0.027859,0.022686,0.017747,0.007763,-0.003520,-0.014258,-0.022619,-0.029806,-0.033988,-0.033086,-0.031558,-0.024708,-0.012255,-0.002696,0.008401,0.020722,NaN,0.037105,0.037431,0.040325,0.033365,0.026968,0.015944,0.002770,-0.009104,-0.020952,-0.030550,-0.035755,-0.039870,-0.039864,-0.036173,-0.026849,-0.018523,-0.008684,0.003701,0.011218,0.017940,0.023193,0.026317,0.025170,0.022920,0.017643,0.011352,NaN,NaN,NaN,NaN,NaN
NaN,NaN,NaN,NaN,NaN,NaN,NaN,NaN,NaN,NaN,NaN,NaN,NaN,NaN,NaN,NaN,NaN,NaN,NaN,NaN,NaN,NaN,NaN,NaN,NaN,NaN,NaN,NaN,NaN,NaN,NaN,NaN,NaN,NaN,NaN,NaN,NaN,NaN,NaN,NaN,NaN,NaN,NaN,NaN,NaN,NaN,NaN,NaN,NaN,NaN,NaN,NaN,NaN,NaN,NaN,NaN,NaN,NaN,NaN,NaN,NaN,NaN,NaN,NaN
NaN,NaN,NaN,NaN,NaN,NaN,NaN,NaN,NaN,NaN,NaN,NaN,NaN,NaN,NaN,NaN,NaN,NaN,NaN,NaN,NaN,NaN,NaN,NaN,NaN,NaN,NaN,NaN,NaN,NaN,NaN,NaN,NaN,NaN,NaN,NaN,NaN,NaN,NaN,NaN,NaN,NaN,NaN,NaN,NaN,NaN,NaN,NaN,NaN,NaN,NaN,NaN,NaN,NaN,NaN,NaN,NaN,NaN,NaN,NaN,NaN,NaN,NaN,NaN
NaN,NaN,NaN,NaN,NaN,NaN,NaN,NaN,NaN,NaN,NaN,NaN,NaN,NaN,NaN,NaN,NaN,NaN,NaN,NaN,NaN,NaN,NaN,NaN,NaN,NaN,NaN,NaN,NaN,NaN,NaN,NaN,NaN,NaN,NaN,NaN,NaN,NaN,NaN,NaN,NaN,NaN,NaN,NaN,NaN,NaN,NaN,NaN,NaN,NaN,NaN,NaN,NaN,NaN,NaN,NaN,NaN,NaN,NaN,NaN,NaN,NaN,NaN,NaN
NaN,NaN,NaN,NaN,NaN,NaN,NaN,NaN,NaN,NaN,NaN,NaN,NaN,NaN,NaN,NaN,NaN,NaN,NaN,NaN,NaN,NaN,NaN,NaN,NaN,NaN,NaN,NaN,NaN,NaN,NaN,NaN,NaN,NaN,NaN,NaN,NaN,NaN,NaN,NaN,NaN,NaN,NaN,NaN,NaN,NaN,NaN,NaN,NaN,NaN,NaN,NaN,NaN,NaN,NaN,NaN,NaN,NaN,NaN,NaN,NaN,NaN,NaN,NaN
NaN,NaN,NaN,NaN,NaN,NaN,NaN,NaN,NaN,NaN,NaN,NaN,NaN,NaN,NaN,NaN,NaN,NaN,NaN,NaN,NaN,NaN,NaN,NaN,NaN,NaN,NaN,NaN,NaN,NaN,NaN,NaN,NaN,NaN,NaN,NaN,NaN,NaN,NaN,NaN,NaN,NaN,NaN,NaN,NaN,NaN,NaN,NaN,NaN,NaN,NaN,NaN,NaN,NaN,NaN,NaN,NaN,NaN,NaN,NaN,NaN,NaN,NaN,NaN
NaN,NaN,NaN,NaN,NaN,NaN,-0.006032,-0.014718,0.018389,0.029063,-0.006403,0.011521,0.002025,-0.025318,-0.007212,-0.014714,-0.014714,-0.026598,-0.013705,-0.008941,0.040974,0.003007,-0.025933,-0.046530,0.007817,-0.006219,0.035178,-0.000219,0.029065,-0.005111,-0.018499,-0.012337,NaN,0.044132,0.016751,0.003784,0.035388,0.015457,-0.004669,0.022698,-0.042474,0.003400,-0.032033,-0.005752,0.000371,0.020825,0.006118,-0.010353,-0.007510,0.002209,0.016657,-0.009816,-0.006587,0.006950,-0.017224,-0.001502,0.006789,0.003542,-0.002209,NaN,NaN,NaN,NaN,NaN
NaN,NaN,NaN,NaN,NaN,NaN,0.000567,-0.020512,-0.003595,0.007639,-0.005100,0.010959,-0.016263,0.004457,0.004287,-0.017151,0.001669,-0.001644,-0.002116,0.031979,-0.021760,-0.000897,-0.006008,-0.022181,-0.006354,-0.016400,-0.024998,-0.009938,0.002266,-0.030789,-0.020700,-0.017004,NaN,0.001956,-0.027431,-0.005775,0.036562,0.007066,0.031688,0.019525,-0.015427,0.008043,-0.010940,-0.023077,0.005383,0.035886,-0.027635,-0.003257,0.016197,0.026797,-0.000333,-0.010701,-0.017688,-0.020773,0.018062,0.009376,0.014675,-0.005216,0.019027,NaN,NaN,NaN,NaN,NaN
NaN,NaN,NaN,NaN,NaN,NaN,-0.000412,-0.000093,-0.000092,0.000407,0.000230,0.000256,-0.000063,-0.000004,-0.000280,-0.001592,-0.000568,0.000099,0.000195,0.000434,0.000696,0.001502,-0.000804,0.001045,-0.000176,-0.000498,-0.002301,-0.000988,0.000835,0.000631,0.001468,0.003443,NaN,-0.000328,0.001005,-0.000183,-0.000848,-0.000034,0.000956,-0.001162,-0.000473,0.000561,-0.001024,-0.001124,-0.002645,0.000021,-0.000736,0.001208,0.000537,-0.000145,-0.000747,0.000919,-0.000269,0.000205,-0.000559,0.000381,0.001173,-0.000893,-0.000420,NaN,NaN,NaN,NaN,NaN
NaN,NaN,NaN,NaN,NaN,NaN,-0.000237,-0.000213,-0.000935,0.000877,0.000584,-0.002004,0.000271,0.001471,0.000959,-0.001627,0.000877,0.000335,0.000438,-0.000969,0.002056,0.000652,-0.000905,0.000471,-0.001237,0.000800,0.000614,0.001474,0.001474,0.001118,0.000067,-0.002646,NaN,0.002273,0.001132,-0.001153,-0.000453,0.001117,0.000341,0.000065,0.000572,0.000586,0.000518,-0.000597,-0.000292,0.001342,-0.000508,0.000032,0.000590,0.000392,-0.000556,0.001426,0.001066,-0.001584,0.000657,0.000309,-0.000097,-0.000517,-0.000587,NaN,NaN,NaN,NaN,NaN
NaN,NaN,NaN,NaN,NaN,NaN,-0.000871,0.000583,0.000746,-0.000537,-0.000447,-0.000539,-0.000478,-0.000676,0.000608,-0.000548,-0.000169,0.000135,-0.000377,-0.000967,0.001615,0.000032,0.001203,0.000359,-0.001046,0.001353,-0.000997,0.000035,-0.000948,-0.001855,-0.000315,0.001135,NaN,-0.000580,-0.000448,0.000077,0.000192,0.000510,0.000106,0.000368,0.000656,0.001578,-0.000597,-0.001570,-0.000038,-0.001164,0.000045,0.000249,0.000338,-0.001268,-0.000289,-0.000212,0.000850,-0.000864,-0.000902,0.000694,-0.000702,0.000542,0.000969,NaN,NaN,NaN,NaN,NaN
NaN,NaN,NaN,NaN,NaN,NaN,-0.013018,-0.011600,-0.004431,0.000308,0.001528,0.005794,0.017777,0.016914,0.023289,0.021281,0.020934,0.020760,0.018391,0.011548,0.005129,-0.016171,-0.024720,-0.012438,-0.017055,-0.039206,-0.016131,-0.034862,-0.006778,-0.000786,0.007125,0.017841,NaN,0.036973,0.022429,0.031691,0.043222,0.043730,0.029282,0.031508,0.013113,0.005001,-0.005370,-0.013129,-0.021419,-0.026427,-0.032816,-0.042557,-0.045890,-0.024854,-0.017871,-0.029065,-0.001434,-0.014935,0.012087,-0.002661,0.004606,0.008332,0.010910,NaN,NaN,NaN,NaN,NaN
NaN,NaN,NaN,NaN,NaN,NaN,0.013136,0.000703,-0.016379,-0.011281,0.014204,0.021415,-0.003346,-0.019707,-0.012684,0.017140,0.026789,0.003180,-0.022025,-0.009683,0.020833,0.021607,-0.004449,-0.024916,-0.013342,0.021654,0.024606,-0.006946,-0.027472,-0.019746,0.018279,0.032613,NaN,-0.033190,-0.016226,0.029341,0.031812,-0.011421,-0.040956,-0.006414,0.035413,0.029023,-0.016280,-0.043245,-0.009965,0.032674,0.020033,-0.018469,-0.034182,0.005964,0.035317,0.011083,-0.022206,-0.022919,0.011848,0.023114,0.005794,-0.017807,-0.013714,NaN,NaN,NaN,NaN,NaN
NaN,NaN,NaN,NaN,NaN,NaN,NaN,NaN,NaN,NaN,NaN,NaN,NaN,NaN,NaN,NaN,NaN,NaN,NaN,NaN,NaN,NaN,NaN,NaN,NaN,NaN,NaN,NaN,NaN,NaN,NaN,NaN,NaN,NaN,NaN,NaN,NaN,NaN,NaN,NaN,NaN,NaN,NaN,NaN,NaN,NaN,NaN,NaN,NaN,NaN,NaN,NaN,NaN,NaN,NaN,NaN,NaN,NaN,NaN,NaN,NaN,NaN,NaN,NaN
NaN,NaN,NaN,NaN,NaN,NaN,NaN,NaN,NaN,NaN,NaN,NaN,NaN,NaN,NaN,NaN,NaN,NaN,NaN,NaN,NaN,NaN,NaN,NaN,NaN,NaN,NaN,NaN,NaN,NaN,NaN,NaN,NaN,NaN,NaN,NaN,NaN,NaN,NaN,NaN,NaN,NaN,NaN,NaN,NaN,NaN,NaN,NaN,NaN,NaN,NaN,NaN,NaN,NaN,NaN,NaN,NaN,NaN,NaN,NaN,NaN,NaN,NaN,NaN
NaN,NaN,NaN,NaN,NaN,NaN,NaN,NaN,NaN,NaN,NaN,NaN,NaN,NaN,NaN,NaN,NaN,NaN,NaN,NaN,NaN,NaN,NaN,NaN,NaN,NaN,NaN,NaN,NaN,NaN,NaN,NaN,NaN,NaN,NaN,NaN,NaN,NaN,NaN,NaN,NaN,NaN,NaN,NaN,NaN,NaN,NaN,NaN,NaN,NaN,NaN,NaN,NaN,NaN,NaN,NaN,NaN,NaN,NaN,NaN,NaN,NaN,NaN,NaN
NaN,NaN,NaN,NaN,NaN,NaN,0.001533,-0.000295,0.000327,-0.000028,-0.000033,0.000364,-0.000667,-0.000228,-0.000095,0.000573,-0.000968,-0.000369,-0.001539,-0.001038,0.000835,0.000085,0.000586,0.000505,0.000164,0.001074,-0.000345,0.000536,-0.000267,-0.000953,-0.000388,-0.001076,NaN,0.001183,0.000261,0.000460,0.000848,-0.001596,0.001022,-0.001024,-0.000169,0.000290,0.001806,-0.000720,-0.000889,0.001751,0.000428,-0.000110,0.000252,-0.000154,-0.000588,0.001479,-0.000368,-0.000056,0.000154,-0.000677,0.000999,0.000697,0.000086,NaN,NaN,NaN,NaN,NaN
NaN,NaN,NaN,NaN,NaN,NaN,0.000097,-0.000229,-0.000040,-0.000366,-0.000614,0.000889,-0.001212,0.000540,0.000584,0.000714,0.000325,0.001210,-0.000404,-0.000253,-0.000887,-0.001550,-0.001297,-0.001376,-0.000683,0.001150,0.001526,0.000517,0.000980,-0.000566,-0.001064,0.000894,NaN,0.000417,-0.000546,-0.000755,0.000244,-0.000181,-0.001001,-0.000033,-0.001579,-0.000529,0.001866,-0.000570,-0.000152,0.000070,-0.000517,0.000156,0.000385,0.001143,-0.000746,-0.000445,-0.000120,0.001650,0.000248,-0.000139,-0.000135,-0.000350,-0.001153,NaN,NaN,NaN,NaN,NaN
NaN,NaN,NaN,NaN,NaN,NaN,NaN,NaN,NaN,NaN,NaN,NaN,NaN,NaN,NaN,NaN,NaN,NaN,NaN,NaN,NaN,NaN,NaN,NaN,NaN,NaN,NaN,NaN,NaN,NaN,NaN,NaN,NaN,NaN,NaN,NaN,NaN,NaN,NaN,NaN,NaN,NaN,NaN,NaN,NaN,NaN,NaN,NaN,NaN,NaN,NaN,NaN,NaN,NaN,NaN,NaN,NaN,NaN,NaN,NaN,NaN,NaN,NaN,NaN
NaN,NaN,NaN,NaN,NaN,NaN,0.008833,0.002952,0.009116,-0.001838,0.018819,0.007425,0.010415,-0.005246,0.003776,-0.013830,-0.008891,0.009938,0.009273,-0.001871,-0.007615,0.007339,0.003865,0.009266,0.011315,0.003275,-0.004023,-0.014612,0.022485,0.014430,0.002854,0.002657,NaN,-0.002781,0.013244,0.017392,-0.006318,0.006484,0.005572,-0.020008,0.017898,-0.012702,0.009325,-0.006490,-0.011039,0.003526,0.011977,-0.001598,0.006856,-0.005644,-0.002769,-0.001244,-0.003883,0.009273,-0.003025,-0.003191,-0.001071,-0.000042,-0.000291,NaN,NaN,NaN,NaN,NaN
NaN,NaN,NaN,NaN,NaN,NaN,NaN,NaN,NaN,NaN,NaN,NaN,NaN,NaN,NaN,NaN,NaN,NaN,NaN,NaN,NaN,NaN,NaN,NaN,NaN,NaN,NaN,NaN,NaN,NaN,NaN,NaN,NaN,NaN,NaN,NaN,NaN,NaN,NaN,NaN,NaN,NaN,NaN,NaN,NaN,NaN,NaN,NaN,NaN,NaN,NaN,NaN,NaN,NaN,NaN,NaN,NaN,NaN,NaN,NaN,NaN,NaN,NaN,NaN
NaN,NaN,NaN,NaN,NaN,NaN,NaN,NaN,NaN,NaN,NaN,NaN,NaN,NaN,NaN,NaN,NaN,NaN,NaN,NaN,NaN,NaN,NaN,NaN,NaN,NaN,NaN,NaN,NaN,NaN,NaN,NaN,NaN,NaN,NaN,NaN,NaN,NaN,NaN,NaN,NaN,NaN,NaN,NaN,NaN,NaN,NaN,NaN,NaN,NaN,NaN,NaN,NaN,NaN,NaN,NaN,NaN,NaN,NaN,NaN,NaN,NaN,NaN,NaN
NaN,NaN,NaN,NaN,NaN,NaN,NaN,NaN,NaN,NaN,NaN,NaN,NaN,NaN,NaN,NaN,NaN,NaN,NaN,NaN,NaN,NaN,NaN,NaN,NaN,NaN,NaN,NaN,NaN,NaN,NaN,NaN,NaN,NaN,NaN,NaN,NaN,NaN,NaN,NaN,NaN,NaN,NaN,NaN,NaN,NaN,NaN,NaN,NaN,NaN,NaN,NaN,NaN,NaN,NaN,NaN,NaN,NaN,NaN,NaN,NaN,NaN,NaN,NaN
NaN,NaN,NaN,NaN,NaN,NaN,NaN,NaN,NaN,NaN,NaN,NaN,NaN,NaN,NaN,NaN,NaN,NaN,NaN,NaN,NaN,NaN,NaN,NaN,NaN,NaN,NaN,NaN,NaN,NaN,NaN,NaN,NaN,NaN,NaN,NaN,NaN,NaN,NaN,NaN,NaN,NaN,NaN,NaN,NaN,NaN,NaN,NaN,NaN,NaN,NaN,NaN,NaN,NaN,NaN,NaN,NaN,NaN,NaN,NaN,NaN,NaN,NaN,NaN
NaN,NaN,NaN,NaN,NaN,NaN,0.006141,-0.011846,-0.020276,-0.000086,0.028038,0.032027,0.000712,-0.016388,-0.011120,-0.011771,0.001314,0.010508,-0.004013,0.017573,0.009928,-0.001488,-0.025283,0.012823,-0.014012,-0.011948,-0.026627,-0.011332,-0.028305,-0.048671,-0.004398,-0.018973,NaN,0.020151,0.009701,-0.003258,0.029395,0.000622,0.018772,-0.005029,-0.031852,-0.009715,-0.012323,0.025238,0.011049,0.045758,-0.034774,-0.001380,0.001264,0.028887,-0.016265,-0.014268,-0.010534,-0.030509,0.012429,0.023252,0.011271,0.005995,0.009205,NaN,NaN,NaN,NaN,NaN
NaN,NaN,NaN,NaN,NaN,NaN,0.000457,-0.000296,0.000258,-0.000346,-0.000830,0.000692,0.000039,-0.000216,-0.000080,0.000247,0.000116,-0.000453,-0.000154,0.000501,-0.000024,0.000426,-0.000563,0.000116,0.000404,-0.000549,-0.000327,0.001202,-0.001068,-0.002109,-0.001498,-0.001335,NaN,-0.000459,0.001641,0.001006,0.000730,-0.000593,0.000260,-0.000504,0.000436,0.000269,0.000408,-0.000130,-0.000565,-0.000683,0.001579,0.001082,0.001388,0.000682,0.001362,-0.000116,-0.001920,0.002184,-0.000550,-0.000388,-0.000145,0.000306,-0.000066,NaN,NaN,NaN,NaN,NaN
NaN,NaN,NaN,NaN,NaN,NaN,NaN,NaN,NaN,NaN,NaN,NaN,NaN,NaN,NaN,NaN,NaN,NaN,NaN,NaN,NaN,NaN,NaN,NaN,NaN,NaN,NaN,NaN,NaN,NaN,NaN,NaN,NaN,NaN,NaN,NaN,NaN,NaN,NaN,NaN,NaN,NaN,NaN,NaN,NaN,NaN,NaN,NaN,NaN,NaN,NaN,NaN,NaN,NaN,NaN,NaN,NaN,NaN,NaN,NaN,NaN,NaN,NaN,NaN
NaN,NaN,NaN,NaN,NaN,NaN,NaN,NaN,NaN,NaN,NaN,NaN,NaN,NaN,NaN,NaN,NaN,NaN,NaN,NaN,NaN,NaN,NaN,NaN,NaN,NaN,NaN,NaN,NaN,NaN,NaN,NaN,NaN,NaN,NaN,NaN,NaN,NaN,NaN,NaN,NaN,NaN,NaN,NaN,NaN,NaN,NaN,NaN,NaN,NaN,NaN,NaN,NaN,NaN,NaN,NaN,NaN,NaN,NaN,NaN,NaN,NaN,NaN,NaN
NaN,NaN,NaN,NaN,NaN,NaN,0.005657,-0.005674,-0.016106,0.021603,-0.007514,0.015891,-0.004769,-0.017417,0.001134,-0.000258,0.020620,0.008651,0.001724,0.034576,-0.010847,0.001697,-0.010123,-0.015782,-0.005257,-0.027291,-0.004428,-0.011185,-0.018535,-0.040630,-0.011080,0.001833,NaN,-0.008731,-0.009600,0.019063,0.019925,0.008455,0.025950,0.018274,-0.010659,0.021890,-0.033281,-0.043065,0.003161,0.040073,-0.019145,-0.007787,0.016834,0.027374,0.005836,-0.014374,-0.015377,-0.018768,0.021913,0.003304,0.012746,-0.010048,0.015606,NaN,NaN,NaN,NaN,NaN
NaN,NaN,NaN,NaN,NaN,NaN,-0.000236,-0.000303,-0.001182,-0.000918,-0.000309,-0.000499,0.000607,-0.000025,-0.000596,0.000122,0.000313,0.000653,-0.002341,-0.000300,-0.000576,-0.000058,0.001852,-0.000071,-0.000025,-0.001124,-0.000407,-0.000726,0.000254,-0.001356,-0.001710,-0.001163,NaN,-0.000849,0.001483,-0.000678,0.000963,0.000817,-0.000324,0.000283,-0.000429,-0.000495,0.000297,-0.000156,-0.000438,0.000795,0.000525,-0.000437,-0.000746,0.000043,0.000847,-0.000416,0.001064,-0.000762,-0.000799,-0.000098,0.000363,0.000446,-0.000024,NaN,NaN,NaN,NaN,NaN
NaN,NaN,NaN,NaN,NaN,NaN,NaN,NaN,NaN,NaN,NaN,NaN,NaN,NaN,NaN,NaN,NaN,NaN,NaN,NaN,NaN,NaN,NaN,NaN,NaN,NaN,NaN,NaN,NaN,NaN,NaN,NaN,NaN,NaN,NaN,NaN,NaN,NaN,NaN,NaN,NaN,NaN,NaN,NaN,NaN,NaN,NaN,NaN,NaN,NaN,NaN,NaN,NaN,NaN,NaN,NaN,NaN,NaN,NaN,NaN,NaN,NaN,NaN,NaN
NaN,NaN,NaN,NaN,NaN,NaN,NaN,NaN,NaN,NaN,NaN,NaN,NaN,NaN,NaN,NaN,NaN,NaN,NaN,NaN,NaN,NaN,NaN,NaN,NaN,NaN,NaN,NaN,NaN,NaN,NaN,NaN,NaN,NaN,NaN,NaN,NaN,NaN,NaN,NaN,NaN,NaN,NaN,NaN,NaN,NaN,NaN,NaN,NaN,NaN,NaN,NaN,NaN,NaN,NaN,NaN,NaN,NaN,NaN,NaN,NaN,NaN,NaN,NaN
NaN,NaN,NaN,NaN,NaN,NaN,NaN,NaN,NaN,NaN,NaN,NaN,NaN,NaN,NaN,NaN,NaN,NaN,NaN,NaN,NaN,NaN,NaN,NaN,NaN,NaN,NaN,NaN,NaN,NaN,NaN,NaN,NaN,NaN,NaN,NaN,NaN,NaN,NaN,NaN,NaN,NaN,NaN,NaN,NaN,NaN,NaN,NaN,NaN,NaN,NaN,NaN,NaN,NaN,NaN,NaN,NaN,NaN,NaN,NaN,NaN,NaN,NaN,NaN
NaN,NaN,NaN,NaN,NaN,NaN,NaN,NaN,NaN,NaN,NaN,NaN,NaN,NaN,NaN,NaN,NaN,NaN,NaN,NaN,NaN,NaN,NaN,NaN,NaN,NaN,NaN,NaN,NaN,NaN,NaN,NaN,NaN,NaN,NaN,NaN,NaN,NaN,NaN,NaN,NaN,NaN,NaN,NaN,NaN,NaN,NaN,NaN,NaN,NaN,NaN,NaN,NaN,NaN,NaN,NaN,NaN,NaN,NaN,NaN,NaN,NaN,NaN,NaN
NaN,NaN,NaN,NaN,NaN,NaN,NaN,NaN,NaN,NaN,NaN,NaN,NaN,NaN,NaN,NaN,NaN,NaN,NaN,NaN,NaN,NaN,NaN,NaN,NaN,NaN,NaN,NaN,NaN,NaN,NaN,NaN,NaN,NaN,NaN,NaN,NaN,NaN,NaN,NaN,NaN,NaN,NaN,NaN,NaN,NaN,NaN,NaN,NaN,NaN,NaN,NaN,NaN,NaN,NaN,NaN,NaN,NaN,NaN,NaN,NaN,NaN,NaN,NaN
NaN,NaN,NaN,NaN,NaN,NaN,NaN,NaN,NaN,NaN,NaN,NaN,NaN,NaN,NaN,NaN,NaN,NaN,NaN,NaN,NaN,NaN,NaN,NaN,NaN,NaN,NaN,NaN,NaN,NaN,NaN,NaN,NaN,NaN,NaN,NaN,NaN,NaN,NaN,NaN,NaN,NaN,NaN,NaN,NaN,NaN,NaN,NaN,NaN,NaN,NaN,NaN,NaN,NaN,NaN,NaN,NaN,NaN,NaN,NaN,NaN,NaN,NaN,NaN
NaN,NaN,NaN,NaN,NaN,NaN,NaN,NaN,NaN,NaN,NaN,NaN,NaN,NaN,NaN,NaN,NaN,NaN,NaN,NaN,NaN,NaN,NaN,NaN,NaN,NaN,NaN,NaN,NaN,NaN,NaN,NaN,NaN,NaN,NaN,NaN,NaN,NaN,NaN,NaN,NaN,NaN,NaN,NaN,NaN,NaN,NaN,NaN,NaN,NaN,NaN,NaN,NaN,NaN,NaN,NaN,NaN,NaN,NaN,NaN,NaN,NaN,NaN,NaN
NaN,NaN,NaN,NaN,NaN,NaN,NaN,NaN,NaN,NaN,NaN,NaN,NaN,NaN,NaN,NaN,NaN,NaN,NaN,NaN,NaN,NaN,NaN,NaN,NaN,NaN,NaN,NaN,NaN,NaN,NaN,NaN,NaN,NaN,NaN,NaN,NaN,NaN,NaN,NaN,NaN,NaN,NaN,NaN,NaN,NaN,NaN,NaN,NaN,NaN,NaN,NaN,NaN,NaN,NaN,NaN,NaN,NaN,NaN,NaN,NaN,NaN,NaN,NaN
NaN,NaN,NaN,NaN,NaN,NaN,NaN,NaN,NaN,NaN,NaN,NaN,NaN,NaN,NaN,NaN,NaN,NaN,NaN,NaN,NaN,NaN,NaN,NaN,NaN,NaN,NaN,NaN,NaN,NaN,NaN,NaN,NaN,NaN,NaN,NaN,NaN,NaN,NaN,NaN,NaN,NaN,NaN,NaN,NaN,NaN,NaN,NaN,NaN,NaN,NaN,NaN,NaN,NaN,NaN,NaN,NaN,NaN,NaN,NaN,NaN,NaN,NaN,NaN
NaN,NaN,NaN,NaN,NaN,NaN,NaN,NaN,NaN,NaN,NaN,NaN,NaN,NaN,NaN,NaN,NaN,NaN,NaN,NaN,NaN,NaN,NaN,NaN,NaN,NaN,NaN,NaN,NaN,NaN,NaN,NaN,NaN,NaN,NaN,NaN,NaN,NaN,NaN,NaN,NaN,NaN,NaN,NaN,NaN,NaN,NaN,NaN,NaN,NaN,NaN,NaN,NaN,NaN,NaN,NaN,NaN,NaN,NaN,NaN,NaN,NaN,NaN,NaN
NaN,NaN,NaN,NaN,NaN,NaN,NaN,NaN,NaN,NaN,NaN,NaN,NaN,NaN,NaN,NaN,NaN,NaN,NaN,NaN,NaN,NaN,NaN,NaN,NaN,NaN,NaN,NaN,NaN,NaN,NaN,NaN,NaN,NaN,NaN,NaN,NaN,NaN,NaN,NaN,NaN,NaN,NaN,NaN,NaN,NaN,NaN,NaN,NaN,NaN,NaN,NaN,NaN,NaN,NaN,NaN,NaN,NaN,NaN,NaN,NaN,NaN,NaN,NaN
NaN,NaN,NaN,NaN,NaN,NaN,NaN,NaN,NaN,NaN,NaN,NaN,NaN,NaN,NaN,NaN,NaN,NaN,NaN,NaN,NaN,NaN,NaN,NaN,NaN,NaN,NaN,NaN,NaN,NaN,NaN,NaN,NaN,NaN,NaN,NaN,NaN,NaN,NaN,NaN,NaN,NaN,NaN,NaN,NaN,NaN,NaN,NaN,NaN,NaN,NaN,NaN,NaN,NaN,NaN,NaN,NaN,NaN,NaN,NaN,NaN,NaN,NaN,NaN
NaN,NaN,NaN,NaN,NaN,NaN,-0.005005,-0.004733,0.018642,0.003341,0.010434,0.010084,0.016504,-0.012662,0.016925,0.014325,-0.005538,0.018809,-0.020710,-0.031150,0.021353,0.008548,-0.023262,-0.035552,-0.030341,-0.013715,-0.007702,0.004461,0.024543,-0.020168,0.013414,-0.012373,NaN,-0.001054,-0.016501,-0.013957,-0.017777,0.029756,0.003998,-0.000277,-0.047843,0.045123,-0.009809,-0.039887,-0.034243,0.040521,0.036621,0.005225,-0.005343,0.002251,0.009447,-0.010578,-0.002165,0.007322,-0.021749,-0.001114,0.004820,0.006316,-0.001609,NaN,NaN,NaN,NaN,NaN
NaN,NaN,NaN,NaN,NaN,NaN,0.003857,0.001970,-0.004596,-0.011307,0.016599,0.011923,-0.002715,-0.004652,0.005152,0.004932,0.008037,-0.004750,-0.006539,0.006925,0.003100,0.013989,0.011915,0.011505,0.017887,-0.003646,0.001021,-0.006848,-0.000794,-0.005846,0.001130,0.009767,NaN,-0.000384,-0.002344,-0.011297,0.012243,-0.002988,0.003202,0.012855,-0.023556,0.010989,-0.002986,-0.019350,-0.013756,0.011340,0.010754,-0.002588,-0.006909,0.005542,-0.001903,0.000729,0.004734,0.002652,-0.008743,0.003134,0.001016,0.001221,0.001389,NaN,NaN,NaN,NaN,NaN
NaN,NaN,NaN,NaN,NaN,NaN,0.000833,0.000563,-0.001100,-0.001152,0.000197,0.000013,-0.000706,0.002084,-0.001133,-0.000044,0.000808,0.000350,-0.000408,0.000435,-0.000255,0.000908,0.000105,-0.002130,-0.000628,0.000045,-0.000237,-0.000977,-0.001123,-0.000024,-0.000410,-0.000265,NaN,0.000535,0.000024,0.000198,-0.002038,0.000765,0.000127,0.000691,0.000477,-0.000899,0.001050,-0.000986,-0.001115,-0.000204,-0.000236,0.001157,-0.001163,-0.001011,0.000698,0.001092,-0.000128,-0.000015,-0.001163,0.000856,-0.000268,0.000761,-0.000883,NaN,NaN,NaN,NaN,NaN
NaN,NaN,NaN,NaN,NaN,NaN,-0.004382,-0.020140,-0.015199,-0.002465,0.027269,0.018942,0.013813,-0.021769,-0.014003,-0.011874,-0.010316,0.004325,-0.008522,-0.002035,0.018758,0.006200,-0.029019,0.033411,-0.007459,-0.005886,-0.020098,-0.008870,-0.038083,-0.040130,0.014353,-0.015920,NaN,0.032071,0.010572,-0.048755,0.025034,-0.028053,0.004445,-0.006478,-0.060176,-0.015468,-0.016810,0.037131,-0.003380,0.039635,0.004111,0.001039,-0.020021,0.017064,-0.016720,-0.005486,0.007266,-0.023889,-0.003197,0.024178,-0.001433,0.015395,-0.007983,NaN,NaN,NaN,NaN,NaN
NaN,NaN,NaN,NaN,NaN,NaN,-0.000674,0.000462,-0.000899,-0.000375,0.000731,-0.000105,-0.000391,0.001530,0.000570,-0.000935,-0.000287,-0.000402,0.000566,0.000381,0.000755,0.000607,0.001886,-0.001039,0.000223,0.001336,0.001249,0.000513,0.000611,-0.000562,-0.000202,0.001084,NaN,0.001208,0.001023,-0.001727,-0.002294,0.000694,0.001355,0.000252,0.001675,0.001603,-0.000571,-0.001364,0.000296,-0.000935,0.000935,-0.000592,-0.001993,0.000892,-0.000255,0.000691,-0.000119,-0.000295,0.000965,-0.001129,-0.001659,0.000970,-0.002710,NaN,NaN,NaN,NaN,NaN
NaN,NaN,NaN,NaN,NaN,NaN,-0.000162,-0.006642,0.014406,0.014392,-0.013259,-0.018182,0.009656,0.002708,0.003828,-0.019579,-0.014544,-0.007499,-0.014935,-0.008024,0.009784,-0.003084,0.016295,-0.010144,0.006322,-0.011138,0.010029,0.000010,-0.018469,-0.022542,0.003070,0.015796,NaN,-0.000638,-0.010843,-0.007636,-0.005395,-0.007753,0.009794,-0.021160,0.017593,-0.003359,-0.000681,-0.010241,-0.015484,-0.002484,0.005205,0.004631,0.006118,0.005715,0.004947,0.002312,0.002170,-0.010524,0.007476,-0.002405,-0.002353,0.001181,-0.001159,NaN,NaN,NaN,NaN,NaN
NaN,NaN,NaN,NaN,NaN,NaN,0.009575,-0.018996,0.023159,-0.010241,-0.028656,0.009571,0.006295,-0.003309,0.029910,-0.009024,0.024838,-0.016454,0.002016,-0.040233,0.024708,0.007247,-0.030130,-0.042623,0.002240,-0.009263,-0.005106,0.002117,0.018859,-0.029734,-0.025192,-0.017536,NaN,0.009429,-0.029978,-0.014754,0.016615,0.005312,-0.008048,0.016390,-0.046344,0.000613,-0.044518,0.014275,-0.017239,-0.012772,-0.012062,-0.019073,-0.013245,0.005170,0.015056,-0.013803,0.000555,0.004059,-0.011096,-0.004771,0.003737,0.005284,-0.000500,NaN,NaN,NaN,NaN,NaN
NaN,NaN,NaN,NaN,NaN,NaN,-0.009022,-0.006785,-0.003516,-0.006967,0.006020,0.020205,-0.017687,-0.008990,0.008455,0.019035,0.019006,-0.004910,-0.003207,0.011287,0.005192,0.006965,0.006298,0.000887,0.005431,-0.004039,-0.005343,0.014252,-0.007737,0.001524,-0.005587,-0.006910,NaN,-0.010185,0.026131,0.017272,-0.005214,-0.000763,0.002395,-0.002970,0.003228,0.007808,-0.005563,0.006224,0.002414,-0.012780,-0.005759,-0.010361,-0.005211,-0.007905,-0.000997,-0.002200,-0.002291,0.003104,-0.005224,0.006334,-0.000071,-0.001461,0.000576,NaN,NaN,NaN,NaN,NaN
NaN,NaN,NaN,NaN,NaN,NaN,NaN,NaN,NaN,NaN,NaN,NaN,NaN,NaN,NaN,NaN,NaN,NaN,NaN,NaN,NaN,NaN,NaN,NaN,NaN,NaN,NaN,NaN,NaN,NaN,NaN,NaN,NaN,NaN,NaN,NaN,NaN,NaN,NaN,NaN,NaN,NaN,NaN,NaN,NaN,NaN,NaN,NaN,NaN,NaN,NaN,NaN,NaN,NaN,NaN,NaN,NaN,NaN,NaN,NaN,NaN,NaN,NaN,NaN
NaN,NaN,NaN,NaN,NaN,NaN,0.005488,-0.007323,-0.016318,0.024032,-0.011003,0.021393,-0.011030,-0.015290,0.000869,0.000894,0.024999,0.006904,0.004607,0.041136,-0.017290,0.000890,-0.007178,-0.019116,-0.003206,-0.027958,-0.004079,-0.005173,-0.014765,-0.038261,-0.011999,0.001457,NaN,-0.018389,-0.007906,0.024014,0.025786,0.021377,0.020022,0.027123,-0.005321,0.035774,-0.027428,-0.043121,0.014972,0.035145,-0.014826,-0.006943,0.020171,0.023613,0.016045,-0.009832,-0.016103,-0.010384,0.022177,-0.006933,0.010637,-0.015166,0.014201,NaN,NaN,NaN,NaN,NaN
NaN,NaN,NaN,NaN,NaN,NaN,NaN,NaN,NaN,NaN,NaN,NaN,NaN,NaN,NaN,NaN,NaN,NaN,NaN,NaN,NaN,NaN,NaN,NaN,NaN,NaN,NaN,NaN,NaN,NaN,NaN,NaN,NaN,NaN,NaN,NaN,NaN,NaN,NaN,NaN,NaN,NaN,NaN,NaN,NaN,NaN,NaN,NaN,NaN,NaN,NaN,NaN,NaN,NaN,NaN,NaN,NaN,NaN,NaN,NaN,NaN,NaN,NaN,NaN
NaN,NaN,NaN,NaN,NaN,NaN,-0.000975,-0.000039,0.001213,-0.000261,0.001542,-0.001511,-0.000090,-0.001087,0.001292,0.001667,0.000277,0.000431,-0.002297,0.001009,-0.000014,0.000772,-0.000597,-0.002159,-0.000165,-0.000213,-0.000968,0.000367,-0.000127,-0.000603,-0.000555,0.000688,NaN,0.000284,0.000481,0.002078,-0.000369,0.001167,-0.001474,-0.001422,-0.000105,-0.000216,0.000626,-0.001141,-0.001355,-0.000221,0.001367,-0.000033,-0.000907,0.000230,0.000178,0.000429,0.000974,-0.000547,-0.000293,-0.000752,-0.000510,-0.000319,-0.000823,NaN,NaN,NaN,NaN,NaN
NaN,NaN,NaN,NaN,NaN,NaN,-0.001020,0.000446,0.003031,0.005042,0.002316,0.010532,-0.000114,-0.010360,-0.000132,0.002677,-0.011560,-0.014586,0.002604,0.007444,-0.007549,0.004752,-0.014115,0.016004,-0.004669,0.017305,-0.004202,-0.018463,0.030023,0.016173,-0.001798,0.001245,NaN,-0.011631,0.012965,-0.016561,0.018360,-0.006084,0.000741,0.014719,0.015626,-0.034592,0.005758,-0.011728,0.011252,0.023556,0.007546,0.000077,-0.002536,-0.002485,-0.002748,-0.001863,-0.001198,0.001810,0.007590,-0.009180,-0.000915,-0.000198,-0.002156,NaN,NaN,NaN,NaN,NaN
NaN,NaN,NaN,NaN,NaN,NaN,NaN,NaN,NaN,NaN,NaN,NaN,NaN,NaN,NaN,NaN,NaN,NaN,NaN,NaN,NaN,NaN,NaN,NaN,NaN,NaN,NaN,NaN,NaN,NaN,NaN,NaN,NaN,NaN,NaN,NaN,NaN,NaN,NaN,NaN,NaN,NaN,NaN,NaN,NaN,NaN,NaN,NaN,NaN,NaN,NaN,NaN,NaN,NaN,NaN,NaN,NaN,NaN,NaN,NaN,NaN,NaN,NaN,NaN
NaN,NaN,NaN,NaN,NaN,NaN,NaN,NaN,NaN,NaN,NaN,NaN,NaN,NaN,NaN,NaN,NaN,NaN,NaN,NaN,NaN,NaN,NaN,NaN,NaN,NaN,NaN,NaN,NaN,NaN,NaN,NaN,NaN,NaN,NaN,NaN,NaN,NaN,NaN,NaN,NaN,NaN,NaN,NaN,NaN,NaN,NaN,NaN,NaN,NaN,NaN,NaN,NaN,NaN,NaN,NaN,NaN,NaN,NaN,NaN,NaN,NaN,NaN,NaN
NaN,NaN,NaN,NaN,NaN,NaN,0.012931,-0.002478,-0.002443,0.006627,0.025514,0.016691,0.013245,-0.014958,-0.021517,0.005656,-0.003818,0.004933,-0.015866,-0.020817,0.022409,0.005369,-0.007411,0.021485,-0.009684,0.007676,-0.005500,-0.020408,-0.017525,-0.030599,-0.001911,-0.018072,NaN,0.038553,0.004985,-0.029878,-0.013614,-0.038925,-0.013196,-0.004354,-0.034922,-0.022019,-0.025591,0.032828,0.008658,0.034628,0.009015,0.000686,-0.027835,0.005359,-0.024905,0.001215,0.012848,-0.011725,-0.014479,0.021496,-0.004940,0.020799,-0.008738,NaN,NaN,NaN,NaN,NaN
NaN,NaN,NaN,NaN,NaN,NaN,NaN,NaN,NaN,NaN,NaN,NaN,NaN,NaN,NaN,NaN,NaN,NaN,NaN,NaN,NaN,NaN,NaN,NaN,NaN,NaN,NaN,NaN,NaN,NaN,NaN,NaN,NaN,NaN,NaN,NaN,NaN,NaN,NaN,NaN,NaN,NaN,NaN,NaN,NaN,NaN,NaN,NaN,NaN,NaN,NaN,NaN,NaN,NaN,NaN,NaN,NaN,NaN,NaN,NaN,NaN,NaN,NaN,NaN
NaN,NaN,NaN,NaN,NaN,NaN,-0.017653,-0.019049,-0.018242,-0.016834,-0.012027,-0.005662,0.004461,0.009838,0.020888,0.023635,0.028412,0.027403,0.024506,0.020356,0.008756,-0.003188,-0.012308,-0.021604,-0.029041,-0.032133,-0.032168,-0.027481,-0.017495,-0.011289,0.001656,0.015947,NaN,0.035647,0.035891,0.039823,0.032266,0.028500,0.018674,0.005143,-0.004857,-0.022608,-0.029676,-0.036736,-0.040193,-0.039103,-0.036156,-0.023202,-0.014360,-0.005304,0.005513,0.015878,0.022455,0.026638,0.025493,0.023077,0.020242,0.014669,0.007914,NaN,NaN,NaN,NaN,NaN
NaN,NaN,NaN,NaN,NaN,NaN,NaN,NaN,NaN,NaN,NaN,NaN,NaN,NaN,NaN,NaN,NaN,NaN,NaN,NaN,NaN,NaN,NaN,NaN,NaN,NaN,NaN,NaN,NaN,NaN,NaN,NaN,NaN,NaN,NaN,NaN,NaN,NaN,NaN,NaN,NaN,NaN,NaN,NaN,NaN,NaN,NaN,NaN,NaN,NaN,NaN,NaN,NaN,NaN,NaN,NaN,NaN,NaN,NaN,NaN,NaN,NaN,NaN,NaN
NaN,NaN,NaN,NaN,NaN,NaN,-0.000893,0.000689,0.001233,0.000627,-0.000563,-0.001478,-0.000015,-0.001202,-0.001350,-0.000095,0.000842,0.000112,-0.000882,0.000020,-0.000227,0.001831,0.000022,0.001176,0.000708,-0.000398,-0.000465,0.000588,-0.000387,0.001282,-0.000121,0.000272,NaN,-0.000447,0.002004,0.001440,0.000118,-0.000125,0.000702,0.000812,-0.000808,0.000580,-0.002695,0.000051,-0.000610,0.000231,-0.001225,0.001552,-0.001426,-0.001411,0.000723,-0.000617,-0.001126,-0.000126,0.000453,0.000502,-0.000626,-0.000974,0.000503,NaN,NaN,NaN,NaN,NaN
NaN,NaN,NaN,NaN,NaN,NaN,NaN,NaN,NaN,NaN,NaN,NaN,NaN,NaN,NaN,NaN,NaN,NaN,NaN,NaN,NaN,NaN,NaN,NaN,NaN,NaN,NaN,NaN,NaN,NaN,NaN,NaN,NaN,NaN,NaN,NaN,NaN,NaN,NaN,NaN,NaN,NaN,NaN,NaN,NaN,NaN,NaN,NaN,NaN,NaN,NaN,NaN,NaN,NaN,NaN,NaN,NaN,NaN,NaN,NaN,NaN,NaN,NaN,NaN
NaN,NaN,NaN,NaN,NaN,NaN,NaN,NaN,NaN,NaN,NaN,NaN,NaN,NaN,NaN,NaN,NaN,NaN,NaN,NaN,NaN,NaN,NaN,NaN,NaN,NaN,NaN,NaN,NaN,NaN,NaN,NaN,NaN,NaN,NaN,NaN,NaN,NaN,NaN,NaN,NaN,NaN,NaN,NaN,NaN,NaN,NaN,NaN,NaN,NaN,NaN,NaN,NaN,NaN,NaN,NaN,NaN,NaN,NaN,NaN,NaN,NaN,NaN,NaN
NaN,NaN,NaN,NaN,NaN,NaN,NaN,NaN,NaN,NaN,NaN,NaN,NaN,NaN,NaN,NaN,NaN,NaN,NaN,NaN,NaN,NaN,NaN,NaN,NaN,NaN,NaN,NaN,NaN,NaN,NaN,NaN,NaN,NaN,NaN,NaN,NaN,NaN,NaN,NaN,NaN,NaN,NaN,NaN,NaN,NaN,NaN,NaN,NaN,NaN,NaN,NaN,NaN,NaN,NaN,NaN,NaN,NaN,NaN,NaN,NaN,NaN,NaN,NaN
NaN,NaN,NaN,NaN,NaN,NaN,0.005549,-0.005481,-0.021170,0.005098,0.016732,0.030802,-0.010069,-0.017004,0.005581,-0.023061,0.007540,0.010777,-0.002763,0.023532,-0.007011,0.007558,0.000613,-0.027065,-0.019490,-0.018992,-0.037416,0.001926,-0.021652,-0.030647,-0.003985,-0.038320,NaN,0.026423,-0.038425,-0.017989,0.021623,-0.009887,0.018026,0.021682,-0.018345,-0.016411,-0.019954,-0.025745,-0.013169,0.032010,-0.041312,-0.002459,0.005177,0.032797,-0.004989,-0.015332,-0.012742,-0.022526,0.016235,0.011421,0.012874,-0.003870,0.015612,NaN,NaN,NaN,NaN,NaN
NaN,NaN,NaN,NaN,NaN,NaN,-0.001396,-0.000084,-0.000010,0.001248,-0.001558,0.001190,-0.000876,-0.000441,-0.000868,0.000808,0.000318,0.000942,-0.000207,-0.001895,-0.000363,-0.001417,0.001057,-0.001044,0.000717,-0.000778,0.000602,0.000425,0.001028,-0.000791,-0.001674,0.002313,NaN,-0.002150,0.000154,-0.000065,0.000562,-0.000225,0.000614,0.000733,-0.001308,0.001948,0.000653,-0.001427,-0.000742,-0.001693,-0.001401,0.001494,0.000113,-0.000355,0.000221,0.000157,0.000277,0.000044,0.000066,0.001310,-0.000046,0.000584,0.000873,NaN,NaN,NaN,NaN,NaN
NaN,NaN,NaN,NaN,NaN,NaN,0.000737,-0.024663,-0.016342,0.009033,0.011888,0.018730,0.008887,-0.021046,-0.022204,0.001819,0.009745,0.008114,0.000501,0.034781,0.001497,0.000101,-0.036457,0.006602,-0.032564,-0.013437,-0.029081,-0.006651,-0.043003,-0.034497,0.024625,-0.035013,NaN,0.028301,-0.010407,-0.012416,0.020177,-0.006663,0.014742,-0.002087,-0.048538,-0.008808,-0.010769,0.024990,-0.025813,0.014239,-0.037321,-0.013814,-0.012732,0.031775,-0.012533,-0.018038,-0.005176,-0.033936,0.011456,0.026122,0.010020,0.007723,0.001875,NaN,NaN,NaN,NaN,NaN
NaN,NaN,NaN,NaN,NaN,NaN,0.000894,0.000252,0.000765,-0.001611,0.000525,-0.000935,0.000906,-0.000305,-0.001655,0.000033,-0.001966,-0.000155,-0.000284,-0.001248,0.000904,0.001621,-0.000108,-0.001181,-0.000420,0.000109,-0.000103,0.000088,-0.002091,-0.001824,-0.001509,-0.000829,NaN,0.001193,-0.001325,-0.001690,-0.000681,-0.000199,0.000795,0.000569,0.001418,-0.000048,-0.000231,0.001037,-0.001355,-0.000205,-0.000191,-0.001134,0.000557,0.001517,0.000796,-0.000507,0.000126,0.000041,-0.000635,0.000194,-0.000609,0.000196,0.000610,NaN,NaN,NaN,NaN,NaN
NaN,NaN,NaN,NaN,NaN,NaN,-0.010431,-0.007346,0.012277,-0.001370,-0.014104,0.007199,-0.034988,0.020223,0.019192,0.005719,0.013058,-0.004381,0.009823,0.010748,-0.033133,-0.001851,0.026000,-0.036605,0.004910,0.003186,0.017728,0.002525,0.027386,0.011939,-0.015817,0.030223,NaN,-0.036247,-0.014908,0.022196,0.012879,0.041581,0.000794,0.002098,0.046169,0.037633,0.008611,-0.030233,0.016147,-0.037568,0.006630,0.004963,0.015424,-0.014924,0.026656,0.007724,-0.000318,0.026233,0.008511,-0.032534,-0.003769,-0.013608,0.001044,NaN,NaN,NaN,NaN,NaN
NaN,NaN,NaN,NaN,NaN,NaN,-0.000393,-0.001060,0.000710,0.000456,0.000093,-0.000181,0.000244,0.001113,0.000306,-0.000246,0.001458,0.000075,0.001632,-0.001836,-0.000086,0.000828,-0.002558,-0.000214,0.000231,0.000656,0.000213,0.001074,-0.000027,-0.001544,0.001715,0.000554,NaN,-0.000651,-0.000726,0.000262,0.001667,-0.000813,0.000288,-0.001252,0.000552,-0.000422,-0.000109,0.000024,-0.000658,0.001350,-0.000233,0.000653,0.000299,0.000644,0.000981,0.001665,0.000309,0.000638,0.000248,-0.000948,0.000730,-0.000182,-0.000055,NaN,NaN,NaN,NaN,NaN
NaN,NaN,NaN,NaN,NaN,NaN,NaN,NaN,NaN,NaN,NaN,NaN,NaN,NaN,NaN,NaN,NaN,NaN,NaN,NaN,NaN,NaN,NaN,NaN,NaN,NaN,NaN,NaN,NaN,NaN,NaN,NaN,NaN,NaN,NaN,NaN,NaN,NaN,NaN,NaN,NaN,NaN,NaN,NaN,NaN,NaN,NaN,NaN,NaN,NaN,NaN,NaN,NaN,NaN,NaN,NaN,NaN,NaN,NaN,NaN,NaN,NaN,NaN,NaN
NaN,NaN,NaN,NaN,NaN,NaN,0.004064,-0.006955,-0.019760,0.006567,-0.004880,-0.001491,-0.019385,0.039381,0.009856,-0.006281,-0.009222,0.027298,0.001748,-0.023452,0.022566,0.002128,-0.016609,-0.016040,-0.003451,-0.006915,0.019273,0.021819,0.004948,0.028542,0.024957,0.018597,NaN,0.032076,0.006797,0.009119,0.017361,0.017982,0.038092,0.005407,0.032098,0.012009,0.004883,0.001673,-0.005973,0.005318,-0.041004,0.011415,0.003679,0.018595,0.006531,-0.004802,-0.014802,0.026499,-0.010696,-0.014474,-0.019748,0.011399,-0.014168,NaN,NaN,NaN,NaN,NaN
NaN,NaN,NaN,NaN,NaN,NaN,NaN,NaN,NaN,NaN,NaN,NaN,NaN,NaN,NaN,NaN,NaN,NaN,NaN,NaN,NaN,NaN,NaN,NaN,NaN,NaN,NaN,NaN,NaN,NaN,NaN,NaN,NaN,NaN,NaN,NaN,NaN,NaN,NaN,NaN,NaN,NaN,NaN,NaN,NaN,NaN,NaN,NaN,NaN,NaN,NaN,NaN,NaN,NaN,NaN,NaN,NaN,NaN,NaN,NaN,NaN,NaN,NaN,NaN
NaN,NaN,NaN,NaN,NaN,NaN,0.010214,0.013167,0.002057,-0.004936,-0.002987,-0.012273,-0.025796,-0.018283,-0.027136,-0.016872,-0.014148,-0.011336,-0.003949,0.005140,0.018182,0.024639,0.036855,0.018078,0.022195,0.015671,0.008751,-0.008194,-0.007192,-0.016192,-0.023832,-0.031775,NaN,-0.024506,-0.023299,-0.018471,0.016106,0.033081,0.014900,0.053429,0.024068,0.056516,0.012592,0.011165,0.005838,-0.005086,-0.019827,-0.013671,-0.031476,-0.028612,-0.035513,-0.032913,-0.019298,-0.026198,0.000526,-0.012067,-0.005497,0.001118,0.007379,NaN,NaN,NaN,NaN,NaN
NaN,NaN,NaN,NaN,NaN,NaN,0.000001,-0.000163,0.000422,0.000565,0.000838,-0.000179,-0.000719,-0.000386,-0.000049,0.000519,0.001027,-0.000087,0.000393,0.000769,0.000198,-0.000509,-0.000381,0.000578,-0.000324,-0.000863,0.000254,0.001666,0.000272,0.000129,0.000591,-0.001572,NaN,0.000284,0.001109,-0.000162,-0.000371,-0.002811,-0.000663,0.000051,0.000169,-0.001069,0.001277,0.000416,0.000527,0.001118,-0.000372,0.000909,-0.000251,0.000221,0.000163,-0.000685,0.000158,-0.000279,-0.000797,0.000136,0.001054,-0.001625,0.001262,NaN,NaN,NaN,NaN,NaN
NaN,NaN,NaN,NaN,NaN,NaN,-0.017581,-0.018622,-0.016741,-0.012031,-0.006590,0.002097,0.011847,0.018302,0.024054,0.026896,0.029634,0.027878,0.020798,0.014457,0.001884,-0.010428,-0.020188,-0.025600,-0.032672,-0.031922,-0.031115,-0.022651,-0.011239,-0.002128,0.008127,0.023070,NaN,0.038079,0.037793,0.037725,0.029069,0.021157,0.006770,-0.005349,-0.017013,-0.029790,-0.036301,-0.040280,-0.040925,-0.037615,-0.030114,-0.014961,-0.005207,0.004806,0.015889,0.023365,0.029289,0.030075,0.027813,0.023785,0.018415,0.009683,0.003016,NaN,NaN,NaN,NaN,NaN
NaN,NaN,NaN,NaN,NaN,NaN,NaN,NaN,NaN,NaN,NaN,NaN,NaN,NaN,NaN,NaN,NaN,NaN,NaN,NaN,NaN,NaN,NaN,NaN,NaN,NaN,NaN,NaN,NaN,NaN,NaN,NaN,NaN,NaN,NaN,NaN,NaN,NaN,NaN,NaN,NaN,NaN,NaN,NaN,NaN,NaN,NaN,NaN,NaN,NaN,NaN,NaN,NaN,NaN,NaN,NaN,NaN,NaN,NaN,NaN,NaN,NaN,NaN,NaN
NaN,NaN,NaN,NaN,NaN,NaN,0.007486,-0.013547,-0.023356,0.000019,0.030999,0.033931,0.000064,-0.020617,-0.009215,-0.015245,0.006568,0.010904,-0.004456,0.029798,0.003001,0.002166,-0.029687,0.005383,-0.021036,-0.008794,-0.034501,-0.013335,-0.034900,-0.058508,-0.006274,-0.019395,NaN,0.013635,0.005375,-0.000824,0.040201,0.008356,0.025891,-0.000345,-0.025351,-0.005126,-0.003404,0.015406,0.008608,0.037828,-0.036325,-0.003790,0.013260,0.028151,-0.004378,-0.015190,-0.014302,-0.026459,0.019103,0.012613,0.015277,-0.005181,0.015114,NaN,NaN,NaN,NaN,NaN
