NaN,NaN,NaN,NaN,NaN,NaN,0.012,0.004,-0.005,-0.014,-0.024,-0.026,-0.024,-0.014,-0.002,0.013,0.027,0.035,0.035,0.025,0.011,-0.005,-0.024,-0.040,-0.041,-0.038,-0.024,-0.006,0.015,0.030,0.042,0.042,NaN,0.016,-0.003,-0.021,-0.038,-0.043,-0.040,-0.025,-0.008,0.012,0.029,0.039,0.039,0.031,0.016,0.001,-0.015,-0.026,-0.032,-0.028,-0.019,-0.007,0.004,0.015,0.020,0.019,0.015,NaN,NaN,NaN,NaN,NaN,375588770.000
NaN,NaN,NaN,NaN,NaN,NaN,-0.004,0.003,0.010,0.017,0.024,0.026,0.026,0.026,0.020,0.009,-0.002,-0.015,-0.025,-0.033,-0.037,-0.039,-0.035,-0.026,-0.014,-0.001,0.014,0.026,0.040,0.042,0.043,0.038,NaN,0.020,0.004,-0.011,-0.025,-0.033,-0.040,-0.042,-0.039,-0.032,-0.021,-0.006,0.007,0.020,0.026,0.034,0.035,0.033,0.025,0.017,0.007,-0.001,-0.011,-0.016,-0.020,-0.020,-0.017,NaN,NaN,NaN,NaN,NaN,375588821.000
NaN,NaN,NaN,NaN,NaN,NaN,0.010,0.017,0.020,0.023,0.024,0.020,0.017,0.011,0.003,-0.008,-0.017,-0.028,-0.033,-0.038,-0.038,-0.036,-0.030,-0.020,-0.008,0.002,0.016,0.026,0.036,0.041,0.043,0.043,NaN,0.028,0.014,0.004,-0.011,-0.022,-0.032,-0.038,-0.041,-0.041,-0.035,-0.028,-0.018,-0.007,0.003,0.015,0.022,0.028,0.032,0.032,0.026,0.021,0.015,0.009,0.001,-0.006,-0.012,NaN,NaN,NaN,NaN,NaN,375589118.000
NaN,NaN,NaN,NaN,NaN,NaN,-0.004,0.002,0.011,0.016,0.024,0.028,0.028,0.025,0.020,0.008,-0.000,-0.014,-0.025,-0.031,-0.036,-0.040,-0.035,-0.028,-0.015,-0.004,0.014,0.024,0.038,0.041,0.043,0.039,NaN,0.019,0.006,-0.007,-0.025,-0.033,-0.041,-0.041,-0.038,-0.032,-0.022,-0.009,0.006,0.016,0.026,0.036,0.035,0.033,0.026,0.019,0.009,-0.000,-0.010,-0.017,-0.020,-0.020,-0.017,NaN,NaN,NaN,NaN,NaN,375589121.000
NaN,NaN,NaN,NaN,NaN,NaN,0.001,0.007,0.013,0.020,0.025,0.027,0.025,0.020,0.013,0.004,-0.009,-0.018,-0.029,-0.033,-0.036,-0.040,-0.032,-0.024,-0.010,0.000,0.018,0.026,0.038,0.043,0.043,0.040,NaN,0.018,0.007,-0.009,-0.024,-0.033,-0.040,-0.041,-0.040,-0.033,-0.025,-0.012,0.002,0.013,0.023,0.031,0.034,0.035,0.027,0.021,0.013,0.002,-0.004,-0.013,-0.016,-0.020,-0.017,NaN,NaN,NaN,NaN,NaN,375589124.000
NaN,NaN,NaN,NaN,NaN,NaN,-0.005,0.001,0.007,0.015,0.021,0.025,0.027,0.026,0.023,0.013,0.003,-0.009,-0.020,-0.031,-0.037,-0.041,-0.038,-0.032,-0.022,-0.008,0.008,0.019,0.033,0.041,0.043,0.041,NaN,0.026,0.013,-0.003,-0.018,-0.028,-0.038,-0.042,-0.041,-0.036,-0.026,-0.014,0.000,0.014,0.024,0.031,0.034,0.034,0.029,0.021,0.011,0.003,-0.008,-0.015,-0.018,-0.019,-0.018,NaN,NaN,NaN,NaN,NaN,375589126.000
NaN,NaN,NaN,NaN,NaN,NaN,-0.010,-0.004,0.003,0.011,0.019,0.025,0.029,0.028,0.023,0.013,0.003,-0.009,-0.021,-0.032,-0.037,-0.040,-0.036,-0.028,-0.015,-0.003,0.015,0.027,0.040,0.041,0.043,0.037,NaN,0.011,-0.002,-0.018,-0.032,-0.038,-0.042,-0.040,-0.031,-0.022,-0.006,0.010,0.021,0.030,0.034,0.037,0.031,0.025,0.013,0.003,-0.007,-0.016,-0.022,-0.023,-0.021,-0.017,-0.012,NaN,NaN,NaN,NaN,NaN,375589129.000
NaN,NaN,NaN,NaN,NaN,NaN,-0.002,0.006,0.013,0.016,0.024,0.025,0.025,0.023,0.015,0.005,-0.005,-0.016,-0.026,-0.032,-0.035,-0.039,-0.032,-0.023,-0.009,0.002,0.019,0.027,0.039,0.043,0.041,0.038,NaN,0.013,0.000,-0.013,-0.028,-0.036,-0.040,-0.038,-0.036,-0.029,-0.017,-0.003,0.009,0.020,0.029,0.034,0.033,0.031,0.022,0.014,0.004,-0.004,-0.013,-0.017,-0.020,-0.019,-0.016,NaN,NaN,NaN,NaN,NaN,375589132.000
NaN,NaN,NaN,NaN,NaN,NaN,-0.002,0.005,0.012,0.017,0.024,0.026,0.027,0.023,0.017,0.007,-0.006,-0.016,-0.027,-0.035,-0.035,-0.041,-0.034,-0.025,-0.009,0.001,0.017,0.026,0.043,0.044,0.043,0.037,NaN,0.015,0.001,-0.011,-0.028,-0.034,-0.042,-0.041,-0.037,-0.028,-0.018,-0.005,0.008,0.019,0.025,0.036,0.034,0.033,0.023,0.015,0.004,-0.005,-0.011,-0.018,-0.019,-0.019,-0.016,NaN,NaN,NaN,NaN,NaN,375589184.000
NaN,NaN,NaN,NaN,NaN,NaN,0.004,0.010,0.016,0.020,0.024,0.027,0.025,0.019,0.012,0.002,-0.009,-0.020,-0.027,-0.036,-0.038,-0.039,-0.034,-0.024,-0.015,-0.001,0.014,0.023,0.038,0.041,0.043,0.042,NaN,0.026,0.012,-0.002,-0.016,-0.028,-0.036,-0.041,-0.042,-0.038,-0.033,-0.021,-0.008,0.005,0.016,0.026,0.030,0.032,0.032,0.027,0.021,0.013,0.005,-0.005,-0.011,-0.015,-0.017,NaN,NaN,NaN,NaN,NaN,375589234.000
NaN,NaN,NaN,NaN,NaN,NaN,0.004,0.010,0.017,0.021,0.024,0.026,0.023,0.019,0.014,0.002,-0.010,-0.020,-0.029,-0.035,-0.037,-0.040,-0.034,-0.026,-0.013,-0.001,0.013,0.025,0.034,0.041,0.044,0.041,NaN,0.025,0.010,-0.002,-0.017,-0.027,-0.037,-0.043,-0.041,-0.039,-0.031,-0.020,-0.008,0.005,0.016,0.024,0.030,0.033,0.033,0.027,0.019,0.013,0.004,-0.005,-0.009,-0.014,-0.015,NaN,NaN,NaN,NaN,NaN,375589287.000
NaN,NaN,NaN,NaN,NaN,NaN,0.016,0.019,0.021,0.023,0.019,0.016,0.011,0.002,-0.006,-0.017,-0.024,-0.032,-0.036,-0.037,-0.037,-0.031,-0.023,-0.012,-0.001,0.010,0.024,0.033,0.041,0.044,0.043,0.038,NaN,0.024,0.011,-0.001,-0.013,-0.024,-0.034,-0.041,-0.041,-0.040,-0.037,-0.029,-0.018,-0.008,0.004,0.012,0.023,0.028,0.031,0.031,0.028,0.023,0.016,0.010,0.003,-0.002,-0.008,NaN,NaN,NaN,NaN,NaN,375589339.000
NaN,NaN,NaN,NaN,NaN,NaN,0.014,0.018,0.021,0.022,0.020,0.016,0.011,0.004,-0.004,-0.016,-0.024,-0.031,-0.036,-0.037,-0.036,-0.034,-0.027,-0.016,-0.004,0.008,0.020,0.031,0.040,0.042,0.042,0.041,NaN,0.026,0.015,-0.000,-0.013,-0.023,-0.033,-0.037,-0.042,-0.043,-0.038,-0.029,-0.019,-0.010,0.002,0.012,0.020,0.027,0.030,0.030,0.029,0.024,0.018,0.009,0.003,-0.001,-0.008,NaN,NaN,NaN,NaN,NaN,375589390.000
NaN,NaN,NaN,NaN,NaN,NaN,-0.011,-0.007,-0.001,0.008,0.015,0.022,0.027,0.028,0.026,0.020,0.011,-0.003,-0.015,-0.025,-0.033,-0.041,-0.038,-0.034,-0.023,-0.010,0.007,0.020,0.034,0.041,0.045,0.041,NaN,0.021,0.007,-0.009,-0.024,-0.036,-0.039,-0.041,-0.038,-0.028,-0.016,-0.000,0.012,0.025,0.031,0.037,0.034,0.029,0.018,0.009,-0.002,-0.012,-0.018,-0.022,-0.021,-0.019,-0.014,NaN,NaN,NaN,NaN,NaN,375589442.000
NaN,NaN,NaN,NaN,NaN,NaN,0.006,0.010,0.019,0.022,0.023,0.026,0.023,0.017,0.007,-0.002,-0.011,-0.021,-0.030,-0.036,-0.040,-0.038,-0.034,-0.024,-0.015,0.000,0.012,0.024,0.034,0.040,0.043,0.043,NaN,0.028,0.016,0.002,-0.011,-0.023,-0.033,-0.039,-0.042,-0.040,-0.034,-0.027,-0.016,-0.005,0.008,0.018,0.028,0.030,0.032,0.030,0.026,0.019,0.011,0.002,-0.004,-0.010,-0.013,NaN,NaN,NaN,NaN,NaN,375589494.000
NaN,NaN,NaN,NaN,NaN,NaN,0.012,0.018,0.020,0.023,0.024,0.019,0.018,0.010,0.000,-0.010,-0.019,-0.027,-0.035,-0.037,-0.036,-0.037,-0.029,-0.016,-0.007,0.006,0.018,0.028,0.039,0.044,0.045,0.040,NaN,0.024,0.014,-0.000,-0.013,-0.024,-0.033,-0.040,-0.042,-0.039,-0.036,-0.027,-0.016,-0.003,0.007,0.017,0.024,0.029,0.032,0.031,0.026,0.021,0.013,0.007,-0.000,-0.007,-0.012,NaN,NaN,NaN,NaN,NaN,375589549.000
NaN,NaN,NaN,NaN,NaN,NaN,0.004,0.009,0.015,0.021,0.026,0.026,0.024,0.020,0.012,0.001,-0.009,-0.019,-0.029,-0.036,-0.038,-0.039,-0.035,-0.025,-0.013,-0.002,0.014,0.023,0.037,0.043,0.043,0.042,NaN,0.024,0.013,-0.001,-0.015,-0.027,-0.037,-0.040,-0.041,-0.039,-0.032,-0.019,-0.008,0.006,0.015,0.024,0.032,0.034,0.031,0.027,0.020,0.012,0.004,-0.005,-0.010,-0.016,-0.017,NaN,NaN,NaN,NaN,NaN,375589600.000
NaN,NaN,NaN,NaN,NaN,NaN,0.001,0.006,0.012,0.019,0.026,0.026,0.026,0.023,0.015,0.007,-0.006,-0.016,-0.026,-0.033,-0.037,-0.039,-0.035,-0.028,-0.013,-0.003,0.013,0.023,0.038,0.043,0.045,0.040,NaN,0.021,0.010,-0.005,-0.022,-0.031,-0.039,-0.043,-0.041,-0.037,-0.026,-0.016,0.000,0.011,0.023,0.031,0.033,0.034,0.028,0.024,0.015,0.005,-0.002,-0.011,-0.015,-0.019,-0.017,NaN,NaN,NaN,NaN,NaN,375589652.000
NaN,NaN,NaN,NaN,NaN,NaN,0.002,0.008,0.014,0.020,0.025,0.026,0.024,0.019,0.012,0.002,-0.009,-0.020,-0.030,-0.036,-0.038,-0.038,-0.032,-0.023,-0.010,0.002,0.016,0.026,0.039,0.043,0.043,0.042,NaN,0.020,0.005,-0.008,-0.025,-0.033,-0.039,-0.042,-0.041,-0.035,-0.026,-0.011,0.002,0.014,0.025,0.032,0.035,0.035,0.028,0.022,0.012,0.003,-0.005,-0.011,-0.017,-0.019,-0.019,NaN,NaN,NaN,NaN,NaN,375589703.000
NaN,NaN,NaN,NaN,NaN,NaN,0.008,0.012,0.019,0.022,0.025,0.023,0.023,0.015,0.007,-0.003,-0.013,-0.023,-0.029,-0.035,-0.037,-0.038,-0.032,-0.024,-0.012,-0.001,0.015,0.026,0.038,0.040,0.044,0.042,NaN,0.028,0.016,0.002,-0.013,-0.025,-0.034,-0.040,-0.041,-0.039,-0.036,-0.027,-0.015,-0.001,0.008,0.019,0.027,0.030,0.033,0.028,0.024,0.017,0.010,0.002,-0.005,-0.011,-0.013,NaN,NaN,NaN,NaN,NaN,375589755.000
NaN,NaN,NaN,NaN,NaN,NaN,0.010,0.015,0.020,0.022,0.025,0.023,0.019,0.013,0.006,-0.005,-0.016,-0.024,-0.031,-0.037,-0.039,-0.039,-0.032,-0.023,-0.011,-0.000,0.012,0.023,0.035,0.039,0.043,0.042,NaN,0.029,0.019,0.006,-0.009,-0.018,-0.029,-0.037,-0.042,-0.041,-0.037,-0.031,-0.020,-0.009,0.002,0.013,0.022,0.027,0.030,0.031,0.027,0.023,0.017,0.010,0.002,-0.005,-0.010,NaN,NaN,NaN,NaN,NaN,375589807.000
NaN,NaN,NaN,NaN,NaN,NaN,0.006,0.012,0.016,0.021,0.023,0.025,0.024,0.018,0.011,0.002,-0.008,-0.019,-0.030,-0.035,-0.038,-0.039,-0.037,-0.027,-0.017,-0.004,0.008,0.019,0.034,0.039,0.044,0.044,NaN,0.031,0.020,0.006,-0.007,-0.021,-0.031,-0.038,-0.040,-0.042,-0.039,-0.030,-0.018,-0.008,0.005,0.016,0.024,0.028,0.033,0.031,0.026,0.020,0.012,0.005,-0.003,-0.009,-0.011,NaN,NaN,NaN,NaN,NaN,375589859.000
NaN,NaN,NaN,NaN,NaN,NaN,-0.018,-0.015,-0.010,-0.003,0.006,0.014,0.024,0.030,0.031,0.030,0.021,0.010,-0.004,-0.018,-0.028,-0.038,-0.040,-0.039,-0.029,-0.015,0.001,0.013,0.031,0.040,0.042,0.041,NaN,0.023,0.006,-0.009,-0.028,-0.034,-0.042,-0.043,-0.035,-0.026,-0.010,0.006,0.020,0.029,0.034,0.038,0.030,0.021,0.010,-0.002,-0.012,-0.021,-0.024,-0.025,-0.020,-0.015,-0.007,NaN,NaN,NaN,NaN,NaN,375589910.000
NaN,NaN,NaN,NaN,NaN,NaN,-0.010,-0.004,0.003,0.011,0.018,0.025,0.029,0.030,0.026,0.019,0.008,-0.005,-0.018,-0.027,-0.033,-0.041,-0.040,-0.035,-0.022,-0.010,0.006,0.016,0.033,0.042,0.044,0.042,NaN,0.024,0.014,-0.006,-0.021,-0.029,-0.040,-0.044,-0.041,-0.033,-0.022,-0.010,0.005,0.017,0.027,0.033,0.034,0.032,0.024,0.018,0.006,-0.004,-0.011,-0.018,-0.020,-0.020,-0.017,NaN,NaN,NaN,NaN,NaN,375589963.000
NaN,NaN,NaN,NaN,NaN,NaN,-0.006,-0.000,0.007,0.013,0.021,0.026,0.029,0.027,0.021,0.012,0.000,-0.011,-0.022,-0.031,-0.037,-0.040,-0.036,-0.027,-0.015,-0.002,0.015,0.025,0.038,0.045,0.044,0.036,NaN,0.014,0.002,-0.013,-0.029,-0.037,-0.041,-0.042,-0.037,-0.028,-0.016,-0.000,0.013,0.025,0.030,0.036,0.034,0.029,0.020,0.010,-0.002,-0.010,-0.015,-0.021,-0.021,-0.020,-0.016,NaN,NaN,NaN,NaN,NaN,375590013.000
NaN,NaN,NaN,NaN,NaN,NaN,-0.001,0.005,0.011,0.020,0.023,0.028,0.025,0.025,0.019,0.010,0.001,-0.012,-0.021,-0.032,-0.037,-0.040,-0.041,-0.033,-0.025,-0.012,0.001,0.016,0.030,0.038,0.044,0.044,NaN,0.032,0.021,0.010,-0.003,-0.017,-0.029,-0.037,-0.038,-0.042,-0.036,-0.030,-0.018,-0.004,0.005,0.017,0.027,0.030,0.032,0.030,0.024,0.019,0.011,0.003,-0.004,-0.011,-0.014,NaN,NaN,NaN,NaN,NaN,375590065.000
NaN,NaN,NaN,NaN,NaN,NaN,-0.003,0.003,0.010,0.015,0.023,0.026,0.029,0.027,0.019,0.011,-0.001,-0.014,-0.024,-0.033,-0.036,-0.042,-0.036,-0.028,-0.015,-0.003,0.013,0.021,0.039,0.041,0.042,0.038,NaN,0.020,0.006,-0.008,-0.024,-0.033,-0.040,-0.042,-0.040,-0.032,-0.021,-0.010,0.008,0.017,0.026,0.034,0.033,0.034,0.027,0.018,0.009,-0.001,-0.009,-0.016,-0.019,-0.020,-0.015,NaN,NaN,NaN,NaN,NaN,375590117.000
NaN,NaN,NaN,NaN,NaN,NaN,-0.001,0.005,0.011,0.018,0.023,0.026,0.027,0.024,0.017,0.009,-0.003,-0.015,-0.025,-0.032,-0.039,-0.040,-0.036,-0.029,-0.016,-0.004,0.010,0.023,0.035,0.042,0.043,0.043,NaN,0.025,0.011,-0.003,-0.017,-0.028,-0.037,-0.041,-0.043,-0.037,-0.027,-0.017,-0.006,0.008,0.018,0.030,0.033,0.034,0.030,0.026,0.017,0.007,-0.002,-0.010,-0.015,-0.018,-0.017,NaN,NaN,NaN,NaN,NaN,375590169.000
NaN,NaN,NaN,NaN,NaN,NaN,0.015,0.018,0.021,0.020,0.019,0.015,0.010,0.001,-0.008,-0.017,-0.026,-0.032,-0.035,-0.036,-0.034,-0.032,-0.023,-0.011,0.001,0.011,0.024,0.033,0.042,0.045,0.042,0.040,NaN,0.021,0.010,-0.003,-0.016,-0.025,-0.034,-0.039,-0.043,-0.040,-0.037,-0.027,-0.015,-0.007,0.004,0.015,0.023,0.028,0.030,0.031,0.027,0.023,0.016,0.009,0.003,-0.003,-0.009,NaN,NaN,NaN,NaN,NaN,375590221.000
NaN,NaN,NaN,NaN,NaN,NaN,-0.010,-0.004,0.002,0.009,0.018,0.026,0.028,0.027,0.026,0.018,0.006,-0.005,-0.018,-0.029,-0.034,-0.042,-0.038,-0.030,-0.018,-0.005,0.011,0.023,0.038,0.043,0.045,0.039,NaN,0.014,0.001,-0.014,-0.030,-0.038,-0.042,-0.041,-0.035,-0.025,-0.010,0.005,0.016,0.029,0.034,0.039,0.033,0.026,0.017,0.006,-0.005,-0.014,-0.019,-0.022,-0.022,-0.017,-0.013,NaN,NaN,NaN,NaN,NaN,375590273.000
NaN,NaN,NaN,NaN,NaN,NaN,0.012,0.005,-0.004,-0.013,-0.022,-0.026,-0.024,-0.017,-0.004,0.012,0.027,0.036,0.034,0.028,0.013,-0.004,-0.022,-0.037,-0.042,-0.039,-0.028,-0.007,0.013,0.031,0.042,0.046,NaN,0.019,0.000,-0.021,-0.037,-0.042,-0.040,-0.028,-0.012,0.010,0.028,0.037,0.038,0.032,0.019,0.003,-0.013,-0.026,-0.031,-0.030,-0.021,-0.007,0.003,0.012,0.019,0.020,0.015,NaN,NaN,NaN,NaN,NaN,375590324.000
NaN,NaN,NaN,NaN,NaN,NaN,0.001,0.006,0.012,0.020,0.024,0.026,0.026,0.022,0.015,0.005,-0.006,-0.016,-0.026,-0.035,-0.037,-0.040,-0.036,-0.025,-0.016,-0.002,0.014,0.023,0.037,0.044,0.043,0.040,NaN,0.021,0.009,-0.003,-0.019,-0.031,-0.037,-0.043,-0.041,-0.036,-0.028,-0.014,-0.002,0.011,0.021,0.031,0.032,0.033,0.029,0.023,0.015,0.005,-0.004,-0.010,-0.015,-0.017,-0.018,NaN,NaN,NaN,NaN,NaN,375590375.000
NaN,NaN,NaN,NaN,NaN,NaN,0.011,0.004,-0.006,-0.016,-0.022,-0.026,-0.023,-0.012,-0.000,0.015,0.028,0.035,0.033,0.026,0.008,-0.008,-0.023,-0.040,-0.042,-0.037,-0.022,-0.004,0.017,0.033,0.042,0.043,NaN,0.015,-0.004,-0.025,-0.038,-0.042,-0.039,-0.025,-0.009,0.012,0.030,0.038,0.038,0.029,0.014,-0.003,-0.017,-0.028,-0.034,-0.029,-0.020,-0.005,0.005,0.016,0.020,0.019,0.014,NaN,NaN,NaN,NaN,NaN,375590428.000
NaN,NaN,NaN,NaN,NaN,NaN,0.003,0.008,0.014,0.020,0.025,0.026,0.025,0.021,0.015,0.006,-0.006,-0.016,-0.027,-0.033,-0.038,-0.041,-0.035,-0.028,-0.018,-0.005,0.008,0.021,0.033,0.039,0.045,0.043,NaN,0.028,0.015,0.002,-0.011,-0.024,-0.033,-0.040,-0.041,-0.040,-0.034,-0.025,-0.014,-0.000,0.012,0.023,0.030,0.032,0.033,0.028,0.022,0.014,0.006,-0.002,-0.009,-0.013,-0.015,NaN,NaN,NaN,NaN,NaN,375590479.000
NaN,NaN,NaN,NaN,NaN,NaN,0.004,0.011,0.015,0.022,0.025,0.027,0.025,0.019,0.011,0.003,-0.008,-0.018,-0.028,-0.036,-0.038,-0.040,-0.035,-0.026,-0.013,-0.001,0.013,0.023,0.035,0.041,0.044,0.041,NaN,0.023,0.014,-0.001,-0.016,-0.027,-0.037,-0.040,-0.041,-0.037,-0.031,-0.021,-0.009,0.006,0.015,0.026,0.032,0.033,0.031,0.028,0.022,0.011,0.003,-0.005,-0.009,-0.016,-0.016,NaN,NaN,NaN,NaN,NaN,375590531.000
NaN,NaN,NaN,NaN,NaN,NaN,-0.003,0.002,0.012,0.016,0.024,0.027,0.027,0.024,0.019,0.009,-0.002,-0.014,-0.024,-0.033,-0.036,-0.042,-0.035,-0.027,-0.014,-0.001,0.014,0.024,0.040,0.042,0.043,0.040,NaN,0.020,0.006,-0.008,-0.025,-0.034,-0.042,-0.043,-0.038,-0.033,-0.021,-0.006,0.006,0.019,0.028,0.035,0.034,0.032,0.026,0.017,0.007,-0.003,-0.012,-0.016,-0.020,-0.020,-0.017,NaN,NaN,NaN,NaN,NaN,375590583.000
NaN,NaN,NaN,NaN,NaN,NaN,0.005,0.010,0.016,0.021,0.025,0.025,0.024,0.017,0.011,0.002,-0.010,-0.020,-0.028,-0.036,-0.038,-0.037,-0.034,-0.025,-0.012,-0.001,0.014,0.025,0.038,0.043,0.043,0.042,NaN,0.026,0.010,-0.002,-0.016,-0.029,-0.036,-0.041,-0.042,-0.037,-0.029,-0.018,-0.007,0.004,0.015,0.026,0.031,0.033,0.031,0.027,0.019,0.012,0.003,-0.004,-0.010,-0.015,-0.017,NaN,NaN,NaN,NaN,NaN,375590634.000
NaN,NaN,NaN,NaN,NaN,NaN,-0.015,-0.014,-0.010,-0.004,0.008,0.015,0.023,0.029,0.032,0.030,0.020,0.008,-0.003,-0.018,-0.028,-0.040,-0.039,-0.036,-0.027,-0.018,0.000,0.013,0.032,0.040,0.045,0.041,NaN,0.021,0.004,-0.008,-0.027,-0.036,-0.042,-0.042,-0.036,-0.025,-0.010,0.007,0.021,0.032,0.033,0.036,0.030,0.021,0.010,-0.001,-0.012,-0.019,-0.022,-0.024,-0.020,-0.014,-0.007,NaN,NaN,NaN,NaN,NaN,375590691.000
NaN,NaN,NaN,NaN,NaN,NaN,-0.005,0.002,0.008,0.015,0.022,0.026,0.028,0.026,0.020,0.011,0.000,-0.015,-0.024,-0.032,-0.038,-0.041,-0.035,-0.026,-0.013,0.000,0.015,0.027,0.041,0.045,0.044,0.039,NaN,0.013,0.001,-0.014,-0.029,-0.036,-0.041,-0.041,-0.036,-0.026,-0.013,0.001,0.015,0.025,0.031,0.037,0.033,0.028,0.020,0.010,-0.002,-0.011,-0.017,-0.022,-0.021,-0.020,-0.014,NaN,NaN,NaN,NaN,NaN,375590741.000
NaN,NaN,NaN,NaN,NaN,NaN,0.001,0.006,0.013,0.017,0.025,0.027,0.026,0.022,0.016,0.007,-0.005,-0.015,-0.025,-0.033,-0.036,-0.042,-0.036,-0.029,-0.016,-0.003,0.012,0.022,0.036,0.040,0.045,0.041,NaN,0.022,0.012,-0.004,-0.018,-0.028,-0.037,-0.042,-0.040,-0.037,-0.028,-0.015,-0.003,0.008,0.018,0.029,0.031,0.032,0.030,0.024,0.016,0.006,-0.002,-0.009,-0.015,-0.018,-0.018,NaN,NaN,NaN,NaN,NaN,375590793.000
NaN,NaN,NaN,NaN,NaN,NaN,0.005,0.009,0.016,0.021,0.025,0.024,0.023,0.018,0.011,0.001,-0.011,-0.021,-0.029,-0.035,-0.038,-0.039,-0.032,-0.023,-0.011,-0.001,0.015,0.026,0.037,0.042,0.045,0.041,NaN,0.023,0.010,-0.003,-0.016,-0.029,-0.038,-0.041,-0.043,-0.038,-0.031,-0.019,-0.007,0.006,0.017,0.024,0.031,0.033,0.033,0.028,0.020,0.011,0.003,-0.005,-0.012,-0.015,-0.015,NaN,NaN,NaN,NaN,NaN,375590845.000
NaN,NaN,NaN,NaN,NaN,NaN,-0.002,0.004,0.011,0.018,0.024,0.028,0.029,0.023,0.018,0.008,-0.002,-0.013,-0.024,-0.031,-0.037,-0.040,-0.037,-0.031,-0.018,-0.007,0.008,0.019,0.034,0.039,0.045,0.041,NaN,0.026,0.016,-0.000,-0.015,-0.026,-0.037,-0.040,-0.041,-0.039,-0.031,-0.018,-0.006,0.007,0.016,0.028,0.032,0.035,0.030,0.024,0.018,0.010,-0.001,-0.008,-0.012,-0.016,-0.017,NaN,NaN,NaN,NaN,NaN,375590897.000
NaN,NaN,NaN,NaN,NaN,NaN,-0.006,-0.002,0.006,0.013,0.019,0.025,0.028,0.027,0.023,0.016,0.003,-0.008,-0.021,-0.033,-0.037,-0.041,-0.037,-0.031,-0.017,-0.003,0.011,0.024,0.035,0.042,0.044,0.039,NaN,0.018,0.005,-0.009,-0.025,-0.036,-0.042,-0.044,-0.037,-0.030,-0.016,-0.002,0.011,0.022,0.030,0.035,0.035,0.029,0.022,0.013,0.003,-0.006,-0.015,-0.018,-0.021,-0.021,-0.016,NaN,NaN,NaN,NaN,NaN,375590947.000
NaN,NaN,NaN,NaN,NaN,NaN,-0.003,0.000,0.010,0.017,0.022,0.027,0.028,0.025,0.020,0.012,-0.000,-0.011,-0.024,-0.032,-0.038,-0.041,-0.037,-0.028,-0.017,-0.003,0.013,0.023,0.037,0.042,0.044,0.044,NaN,0.021,0.008,-0.009,-0.023,-0.034,-0.040,-0.043,-0.039,-0.033,-0.023,-0.007,0.003,0.017,0.027,0.033,0.035,0.033,0.026,0.019,0.008,-0.000,-0.010,-0.017,-0.018,-0.018,-0.017,NaN,NaN,NaN,NaN,NaN,375590999.000
NaN,NaN,NaN,NaN,NaN,NaN,0.012,0.017,0.021,0.023,0.022,0.019,0.015,0.007,-0.002,-0.013,-0.023,-0.028,-0.034,-0.037,-0.035,-0.036,-0.028,-0.015,-0.001,0.008,0.023,0.030,0.041,0.043,0.043,0.040,NaN,0.023,0.010,-0.003,-0.019,-0.027,-0.036,-0.040,-0.042,-0.039,-0.033,-0.025,-0.015,-0.001,0.009,0.017,0.025,0.032,0.030,0.029,0.025,0.018,0.012,0.004,-0.003,-0.007,-0.010,NaN,NaN,NaN,NaN,NaN,375591051.000
NaN,NaN,NaN,NaN,NaN,NaN,-0.010,-0.004,0.002,0.010,0.018,0.025,0.028,0.028,0.023,0.016,0.004,-0.006,-0.019,-0.030,-0.036,-0.040,-0.037,-0.030,-0.016,-0.003,0.014,0.025,0.038,0.041,0.043,0.039,NaN,0.013,0.000,-0.016,-0.029,-0.039,-0.043,-0.040,-0.034,-0.022,-0.012,0.005,0.019,0.029,0.034,0.038,0.033,0.025,0.016,0.004,-0.006,-0.015,-0.021,-0.023,-0.022,-0.018,-0.012,NaN,NaN,NaN,NaN,NaN,375591103.000
NaN,NaN,NaN,NaN,NaN,NaN,-0.004,0.002,0.009,0.016,0.023,0.027,0.028,0.024,0.019,0.010,0.001,-0.012,-0.024,-0.032,-0.038,-0.040,-0.037,-0.028,-0.018,-0.003,0.011,0.023,0.038,0.042,0.043,0.042,NaN,0.021,0.008,-0.008,-0.026,-0.031,-0.040,-0.041,-0.041,-0.033,-0.023,-0.008,0.005,0.015,0.025,0.034,0.035,0.033,0.026,0.017,0.007,-0.000,-0.008,-0.015,-0.018,-0.020,-0.017,NaN,NaN,NaN,NaN,NaN,375591155.000
NaN,NaN,NaN,NaN,NaN,NaN,0.012,0.015,0.020,0.023,0.023,0.022,0.018,0.013,0.003,-0.007,-0.017,-0.026,-0.032,-0.038,-0.038,-0.036,-0.030,-0.022,-0.010,0.002,0.015,0.024,0.035,0.041,0.044,0.043,NaN,0.028,0.016,0.004,-0.009,-0.023,-0.031,-0.038,-0.042,-0.042,-0.037,-0.030,-0.018,-0.006,0.004,0.012,0.021,0.028,0.032,0.031,0.028,0.022,0.017,0.008,0.002,-0.006,-0.012,NaN,NaN,NaN,NaN,NaN,375591206.000
NaN,NaN,NaN,NaN,NaN,NaN,-0.003,0.001,0.009,0.015,0.020,0.026,0.027,0.027,0.021,0.013,0.000,-0.011,-0.022,-0.032,-0.036,-0.040,-0.037,-0.029,-0.017,-0.007,0.010,0.022,0.037,0.041,0.045,0.042,NaN,0.023,0.010,-0.004,-0.021,-0.031,-0.039,-0.043,-0.039,-0.035,-0.024,-0.009,0.002,0.016,0.025,0.033,0.033,0.033,0.027,0.020,0.011,-0.001,-0.007,-0.015,-0.020,-0.019,-0.019,NaN,NaN,NaN,NaN,NaN,375591263.000
NaN,NaN,NaN,NaN,NaN,NaN,-0.017,-0.018,-0.017,-0.008,-0.000,0.009,0.020,0.027,0.029,0.032,0.025,0.015,0.001,-0.013,-0.025,-0.037,-0.042,-0.040,-0.031,-0.018,-0.003,0.014,0.030,0.039,0.045,0.040,NaN,0.021,0.003,-0.015,-0.029,-0.037,-0.043,-0.043,-0.032,-0.020,-0.004,0.012,0.024,0.033,0.035,0.036,0.026,0.017,0.003,-0.009,-0.016,-0.025,-0.024,-0.022,-0.018,-0.009,-0.002,NaN,NaN,NaN,NaN,NaN,375591313.000
NaN,NaN,NaN,NaN,NaN,NaN,0.005,0.011,0.016,0.023,0.024,0.023,0.023,0.017,0.009,-0.001,-0.010,-0.018,-0.028,-0.035,-0.038,-0.040,-0.034,-0.027,-0.016,-0.002,0.011,0.024,0.034,0.040,0.044,0.042,NaN,0.028,0.017,0.005,-0.009,-0.021,-0.030,-0.037,-0.041,-0.041,-0.037,-0.028,-0.016,-0.005,0.006,0.019,0.024,0.029,0.032,0.029,0.026,0.019,0.012,0.004,-0.002,-0.010,-0.013,NaN,NaN,NaN,NaN,NaN,375591365.000
NaN,NaN,NaN,NaN,NaN,NaN,-0.003,0.003,0.010,0.018,0.023,0.025,0.027,0.022,0.017,0.007,-0.003,-0.014,-0.025,-0.032,-0.037,-0.039,-0.035,-0.027,-0.014,0.002,0.016,0.026,0.036,0.041,0.042,0.040,NaN,0.020,0.006,-0.011,-0.025,-0.034,-0.040,-0.043,-0.039,-0.030,-0.020,-0.007,0.008,0.018,0.027,0.034,0.034,0.033,0.025,0.015,0.008,-0.003,-0.010,-0.016,-0.019,-0.020,-0.017,NaN,NaN,NaN,NaN,NaN,375591417.000
NaN,NaN,NaN,NaN,NaN,NaN,0.010,0.014,0.019,0.022,0.023,0.023,0.019,0.011,0.003,-0.007,-0.019,-0.028,-0.032,-0.037,-0.036,-0.035,-0.027,-0.018,-0.006,0.008,0.020,0.030,0.040,0.044,0.043,0.040,NaN,0.019,0.007,-0.004,-0.018,-0.029,-0.037,-0.040,-0.041,-0.038,-0.031,-0.018,-0.008,0.005,0.014,0.025,0.032,0.033,0.032,0.028,0.022,0.014,0.006,-0.002,-0.009,-0.013,-0.016,NaN,NaN,NaN,NaN,NaN,375591469.000
NaN,NaN,NaN,NaN,NaN,NaN,0.006,0.011,0.017,0.022,0.025,0.026,0.023,0.018,0.011,0.002,-0.009,-0.019,-0.026,-0.034,-0.038,-0.038,-0.035,-0.027,-0.017,-0.004,0.009,0.021,0.033,0.037,0.044,0.043,NaN,0.029,0.018,0.007,-0.007,-0.017,-0.029,-0.036,-0.041,-0.040,-0.037,-0.028,-0.018,-0.006,0.004,0.014,0.025,0.028,0.030,0.031,0.025,0.021,0.013,0.004,-0.002,-0.010,-0.012,NaN,NaN,NaN,NaN,NaN,375591521.000
NaN,NaN,NaN,NaN,NaN,NaN,0.004,0.011,0.017,0.020,0.024,0.024,0.023,0.017,0.009,0.001,-0.011,-0.020,-0.029,-0.035,-0.036,-0.038,-0.032,-0.023,-0.010,0.001,0.016,0.025,0.039,0.041,0.042,0.040,NaN,0.021,0.010,-0.005,-0.017,-0.028,-0.036,-0.040,-0.041,-0.038,-0.031,-0.016,-0.005,0.007,0.017,0.027,0.031,0.034,0.029,0.026,0.020,0.011,0.003,-0.004,-0.010,-0.016,-0.016,NaN,NaN,NaN,NaN,NaN,375591573.000
NaN,NaN,NaN,NaN,NaN,NaN,0.013,0.007,-0.001,-0.013,-0.022,-0.025,-0.026,-0.019,-0.006,0.008,0.023,0.032,0.036,0.029,0.017,-0.001,-0.018,-0.033,-0.041,-0.040,-0.029,-0.013,0.011,0.027,0.039,0.043,NaN,0.023,0.005,-0.014,-0.034,-0.040,-0.042,-0.031,-0.014,0.004,0.024,0.034,0.037,0.033,0.020,0.004,-0.011,-0.023,-0.031,-0.030,-0.023,-0.011,0.001,0.012,0.019,0.020,0.016,NaN,NaN,NaN,NaN,NaN,375591624.000
NaN,NaN,NaN,NaN,NaN,NaN,-0.006,-0.002,0.005,0.011,0.020,0.024,0.028,0.026,0.021,0.012,0.001,-0.013,-0.023,-0.031,-0.034,-0.039,-0.032,-0.023,-0.009,0.002,0.018,0.029,0.040,0.040,0.041,0.032,NaN,0.006,-0.007,-0.019,-0.037,-0.039,-0.042,-0.038,-0.027,-0.017,-0.004,0.012,0.023,0.029,0.033,0.036,0.029,0.021,0.010,-0.001,-0.010,-0.019,-0.022,-0.024,-0.020,-0.015,-0.009,NaN,NaN,NaN,NaN,NaN,375591676.000
NaN,NaN,NaN,NaN,NaN,NaN,0.013,0.006,-0.001,-0.013,-0.019,-0.025,-0.026,-0.017,-0.007,0.009,0.022,0.032,0.036,0.031,0.019,0.001,-0.016,-0.032,-0.039,-0.037,-0.028,-0.014,0.004,0.026,0.038,0.043,NaN,0.023,0.004,-0.013,-0.033,-0.041,-0.041,-0.032,-0.014,0.005,0.022,0.033,0.038,0.033,0.022,0.006,-0.010,-0.022,-0.029,-0.030,-0.022,-0.012,0.001,0.011,0.019,0.019,0.016,NaN,NaN,NaN,NaN,NaN,375591727.000
NaN,NaN,NaN,NaN,NaN,NaN,0.012,0.016,0.021,0.022,0.022,0.018,0.015,0.009,0.002,-0.011,-0.020,-0.026,-0.034,-0.036,-0.036,-0.034,-0.028,-0.016,-0.007,0.006,0.018,0.028,0.039,0.042,0.043,0.043,NaN,0.024,0.012,-0.000,-0.014,-0.024,-0.035,-0.040,-0.044,-0.040,-0.036,-0.027,-0.015,-0.004,0.007,0.018,0.025,0.029,0.032,0.030,0.025,0.020,0.012,0.005,-0.002,-0.008,-0.011,NaN,NaN,NaN,NaN,NaN,375591779.000
NaN,NaN,NaN,NaN,NaN,NaN,0.017,0.020,0.022,0.020,0.019,0.014,0.007,0.001,-0.008,-0.018,-0.026,-0.032,-0.035,-0.036,-0.034,-0.032,-0.026,-0.015,-0.004,0.008,0.021,0.029,0.040,0.042,0.043,0.042,NaN,0.026,0.018,0.005,-0.006,-0.016,-0.029,-0.035,-0.039,-0.039,-0.041,-0.034,-0.026,-0.015,-0.006,0.004,0.013,0.022,0.026,0.030,0.028,0.028,0.022,0.016,0.010,0.005,-0.003,NaN,NaN,NaN,NaN,NaN,375591830.000
NaN,NaN,NaN,NaN,NaN,NaN,0.004,-0.003,-0.012,-0.021,-0.024,-0.022,-0.016,-0.004,0.009,0.022,0.031,0.036,0.031,0.021,0.006,-0.014,-0.028,-0.038,-0.040,-0.036,-0.021,-0.003,0.016,0.032,0.041,0.042,NaN,0.020,-0.000,-0.019,-0.036,-0.041,-0.040,-0.031,-0.017,0.002,0.020,0.031,0.039,0.036,0.026,0.011,-0.004,-0.017,-0.028,-0.027,-0.027,-0.017,-0.007,0.005,0.012,0.018,0.018,NaN,NaN,NaN,NaN,NaN,375591882.000
NaN,NaN,NaN,NaN,NaN,NaN,-0.001,0.005,0.011,0.017,0.023,0.026,0.027,0.024,0.018,0.008,-0.003,-0.013,-0.023,-0.032,-0.037,-0.039,-0.036,-0.027,-0.016,-0.006,0.010,0.019,0.034,0.040,0.041,0.041,NaN,0.026,0.013,-0.000,-0.017,-0.027,-0.036,-0.041,-0.040,-0.037,-0.030,-0.018,-0.005,0.008,0.019,0.027,0.030,0.032,0.029,0.024,0.017,0.009,-0.001,-0.008,-0.014,-0.016,-0.018,NaN,NaN,NaN,NaN,NaN,375591934.000
NaN,NaN,NaN,NaN,NaN,NaN,-0.002,-0.012,-0.016,0.011,-0.000,0.001,-0.009,0.029,-0.006,0.019,0.002,0.008,-0.011,0.033,-0.034,-0.003,0.058,0.017,0.021,0.039,-0.022,-0.008,-0.067,0.004,-0.014,0.025,NaN,-0.038,-0.023,0.031,0.011,-0.020,0.005,0.014,-0.019,0.019,0.020,0.024,-0.029,0.027,0.004,0.026,0.011,-0.005,0.002,0.020,-0.021,-0.002,0.003,-0.006,0.004,-0.005,-0.011,NaN,NaN,NaN,NaN,NaN,375591986.000
NaN,NaN,NaN,NaN,NaN,NaN,-0.013,-0.007,-0.001,0.007,0.016,0.022,0.027,0.030,0.026,0.018,0.008,-0.003,-0.017,-0.027,-0.032,-0.041,-0.037,-0.032,-0.018,-0.006,0.013,0.024,0.040,0.043,0.042,0.033,NaN,0.011,-0.004,-0.018,-0.033,-0.040,-0.042,-0.038,-0.031,-0.018,-0.003,0.014,0.024,0.032,0.034,0.036,0.029,0.022,0.008,-0.003,-0.014,-0.020,-0.024,-0.025,-0.019,-0.014,-0.007,NaN,NaN,NaN,NaN,NaN,375592038.000
NaN,NaN,NaN,NaN,NaN,NaN,-0.016,-0.013,-0.008,-0.001,0.009,0.019,0.026,0.032,0.031,0.026,0.018,0.007,-0.007,-0.020,-0.031,-0.039,-0.040,-0.039,-0.027,-0.016,-0.001,0.014,0.031,0.038,0.043,0.040,NaN,0.025,0.010,-0.008,-0.023,-0.033,-0.039,-0.041,-0.036,-0.027,-0.015,-0.001,0.013,0.025,0.031,0.036,0.033,0.027,0.017,0.005,-0.005,-0.015,-0.020,-0.021,-0.021,-0.016,-0.012,NaN,NaN,NaN,NaN,NaN,375592089.000
NaN,NaN,NaN,NaN,NaN,NaN,0.003,0.009,0.014,0.021,0.025,0.026,0.025,0.020,0.012,0.002,-0.009,-0.019,-0.029,-0.033,-0.037,-0.041,-0.035,-0.026,-0.014,-0.001,0.011,0.025,0.037,0.040,0.044,0.042,NaN,0.024,0.013,-0.002,-0.014,-0.025,-0.036,-0.040,-0.041,-0.036,-0.032,-0.020,-0.008,0.004,0.016,0.026,0.031,0.032,0.032,0.027,0.020,0.013,0.004,-0.004,-0.011,-0.015,-0.017,NaN,NaN,NaN,NaN,NaN,375592141.000
NaN,NaN,NaN,NaN,NaN,NaN,0.008,0.012,0.018,0.022,0.026,0.024,0.023,0.017,0.009,-0.002,-0.013,-0.022,-0.031,-0.036,-0.039,-0.039,-0.032,-0.026,-0.013,0.001,0.015,0.026,0.035,0.042,0.044,0.042,NaN,0.026,0.012,0.000,-0.012,-0.024,-0.034,-0.039,-0.042,-0.040,-0.034,-0.025,-0.014,-0.002,0.009,0.019,0.027,0.031,0.033,0.031,0.025,0.018,0.010,0.002,-0.004,-0.010,-0.014,NaN,NaN,NaN,NaN,NaN,375592192.000
NaN,NaN,NaN,NaN,NaN,NaN,-0.001,0.006,0.011,0.017,0.024,0.025,0.028,0.026,0.018,0.010,0.002,-0.012,-0.022,-0.032,-0.037,-0.043,-0.039,-0.034,-0.024,-0.012,0.000,0.014,0.028,0.035,0.042,0.045,NaN,0.035,0.022,0.011,-0.005,-0.019,-0.028,-0.037,-0.039,-0.042,-0.038,-0.030,-0.018,-0.007,0.005,0.016,0.025,0.029,0.032,0.031,0.025,0.018,0.011,0.002,-0.004,-0.011,-0.013,NaN,NaN,NaN,NaN,NaN,375592244.000
NaN,NaN,NaN,NaN,NaN,NaN,-0.007,-0.002,0.006,0.011,0.021,0.026,0.028,0.028,0.024,0.014,0.004,-0.007,-0.019,-0.030,-0.035,-0.040,-0.037,-0.030,-0.019,-0.006,0.009,0.022,0.035,0.041,0.046,0.040,NaN,0.019,0.005,-0.010,-0.025,-0.035,-0.041,-0.043,-0.039,-0.031,-0.020,-0.004,0.009,0.022,0.028,0.038,0.035,0.032,0.023,0.013,0.002,-0.007,-0.014,-0.019,-0.022,-0.020,-0.016,NaN,NaN,NaN,NaN,NaN,375592296.000
NaN,NaN,NaN,NaN,NaN,NaN,-0.004,0.002,0.007,0.015,0.023,0.026,0.029,0.026,0.022,0.011,0.001,-0.011,-0.022,-0.032,-0.037,-0.042,-0.037,-0.030,-0.019,-0.008,0.010,0.021,0.036,0.042,0.042,0.041,NaN,0.022,0.010,-0.006,-0.020,-0.031,-0.039,-0.042,-0.041,-0.032,-0.024,-0.011,0.001,0.014,0.024,0.032,0.035,0.032,0.029,0.021,0.010,-0.000,-0.007,-0.015,-0.018,-0.020,-0.017,NaN,NaN,NaN,NaN,NaN,375592348.000
NaN,NaN,NaN,NaN,NaN,NaN,0.004,0.010,0.017,0.022,0.025,0.025,0.024,0.021,0.012,0.001,-0.010,-0.021,-0.029,-0.036,-0.039,-0.039,-0.035,-0.025,-0.012,-0.000,0.012,0.025,0.038,0.044,0.043,0.041,NaN,0.024,0.013,-0.002,-0.015,-0.028,-0.036,-0.041,-0.043,-0.040,-0.030,-0.020,-0.008,0.004,0.016,0.025,0.032,0.033,0.032,0.027,0.021,0.013,0.002,-0.004,-0.012,-0.014,-0.016,NaN,NaN,NaN,NaN,NaN,375592400.000
NaN,NaN,NaN,NaN,NaN,NaN,-0.005,0.001,0.010,0.016,0.024,0.026,0.027,0.026,0.019,0.011,-0.000,-0.012,-0.021,-0.031,-0.036,-0.040,-0.036,-0.029,-0.017,-0.003,0.011,0.021,0.038,0.042,0.043,0.041,NaN,0.022,0.008,-0.006,-0.022,-0.032,-0.040,-0.042,-0.040,-0.034,-0.024,-0.010,0.003,0.015,0.024,0.033,0.034,0.032,0.027,0.019,0.010,0.000,-0.008,-0.016,-0.018,-0.021,-0.017,NaN,NaN,NaN,NaN,NaN,375592451.000
NaN,NaN,NaN,NaN,NaN,NaN,-0.004,0.002,0.009,0.016,0.023,0.025,0.028,0.026,0.021,0.011,0.001,-0.013,-0.023,-0.031,-0.038,-0.040,-0.037,-0.030,-0.017,-0.007,0.010,0.022,0.035,0.043,0.045,0.041,NaN,0.020,0.006,-0.004,-0.021,-0.031,-0.039,-0.042,-0.040,-0.035,-0.024,-0.010,0.003,0.016,0.026,0.033,0.036,0.033,0.027,0.021,0.011,-0.001,-0.008,-0.014,-0.018,-0.019,-0.016,NaN,NaN,NaN,NaN,NaN,375592508.000
NaN,NaN,NaN,NaN,NaN,NaN,-0.011,-0.007,-0.002,0.006,0.016,0.023,0.028,0.029,0.027,0.022,0.012,-0.001,-0.015,-0.027,-0.035,-0.041,-0.040,-0.036,-0.022,-0.011,0.005,0.019,0.032,0.043,0.045,0.042,NaN,0.020,0.007,-0.007,-0.026,-0.034,-0.040,-0.042,-0.038,-0.031,-0.017,-0.004,0.012,0.024,0.031,0.037,0.034,0.030,0.020,0.010,-0.002,-0.011,-0.017,-0.022,-0.020,-0.019,-0.014,NaN,NaN,NaN,NaN,NaN,375592560.000
NaN,NaN,NaN,NaN,NaN,NaN,0.014,0.018,0.022,0.024,0.022,0.019,0.013,0.005,-0.002,-0.014,-0.023,-0.031,-0.034,-0.039,-0.037,-0.034,-0.028,-0.017,-0.005,0.005,0.020,0.028,0.036,0.042,0.042,0.042,NaN,0.026,0.017,0.005,-0.009,-0.020,-0.032,-0.038,-0.043,-0.040,-0.038,-0.031,-0.022,-0.011,0.000,0.010,0.018,0.026,0.029,0.031,0.028,0.025,0.019,0.012,0.004,-0.002,-0.005,NaN,NaN,NaN,NaN,NaN,375592617.000
NaN,NaN,NaN,NaN,NaN,NaN,-0.016,-0.012,-0.006,0.002,0.013,0.020,0.029,0.029,0.029,0.023,0.017,0.003,-0.011,-0.022,-0.031,-0.040,-0.039,-0.038,-0.024,-0.011,0.004,0.019,0.034,0.041,0.042,0.043,NaN,0.021,0.004,-0.012,-0.027,-0.037,-0.042,-0.041,-0.036,-0.026,-0.010,0.005,0.017,0.028,0.033,0.037,0.031,0.024,0.014,0.003,-0.008,-0.017,-0.022,-0.024,-0.021,-0.016,-0.010,NaN,NaN,NaN,NaN,NaN,375592669.000
NaN,NaN,NaN,NaN,NaN,NaN,-0.012,-0.008,-0.003,0.005,0.015,0.022,0.027,0.030,0.027,0.023,0.012,-0.000,-0.011,-0.023,-0.031,-0.041,-0.039,-0.035,-0.026,-0.012,0.002,0.018,0.032,0.041,0.043,0.041,NaN,0.024,0.011,-0.006,-0.021,-0.033,-0.038,-0.041,-0.039,-0.030,-0.018,-0.004,0.010,0.021,0.028,0.035,0.034,0.030,0.020,0.011,-0.000,-0.009,-0.015,-0.022,-0.021,-0.019,-0.014,NaN,NaN,NaN,NaN,NaN,375592721.000
NaN,NaN,NaN,NaN,NaN,NaN,-0.001,0.004,0.010,0.016,0.022,0.026,0.026,0.025,0.019,0.010,-0.003,-0.015,-0.024,-0.032,-0.037,-0.040,-0.038,-0.029,-0.018,-0.007,0.009,0.020,0.035,0.040,0.041,0.042,NaN,0.026,0.015,-0.001,-0.014,-0.026,-0.034,-0.040,-0.040,-0.036,-0.029,-0.018,-0.008,0.008,0.017,0.028,0.033,0.033,0.031,0.025,0.017,0.009,-0.000,-0.008,-0.013,-0.019,-0.017,NaN,NaN,NaN,NaN,NaN,375592772.000
NaN,NaN,NaN,NaN,NaN,NaN,0.012,0.017,0.021,0.021,0.022,0.021,0.014,0.008,0.001,-0.010,-0.020,-0.030,-0.034,-0.037,-0.036,-0.034,-0.029,-0.016,-0.005,0.005,0.019,0.027,0.038,0.042,0.042,0.040,NaN,0.027,0.012,-0.003,-0.015,-0.026,-0.033,-0.038,-0.042,-0.039,-0.033,-0.027,-0.015,-0.003,0.007,0.016,0.024,0.029,0.032,0.031,0.025,0.019,0.013,0.005,-0.001,-0.006,-0.012,NaN,NaN,NaN,NaN,NaN,375592823.000
NaN,NaN,NaN,NaN,NaN,NaN,0.006,0.013,0.019,0.023,0.024,0.024,0.021,0.016,0.008,-0.002,-0.013,-0.024,-0.031,-0.036,-0.036,-0.036,-0.032,-0.025,-0.013,-0.000,0.013,0.024,0.037,0.041,0.045,0.041,NaN,0.027,0.014,0.001,-0.012,-0.024,-0.034,-0.039,-0.041,-0.040,-0.035,-0.023,-0.013,-0.001,0.010,0.018,0.027,0.030,0.032,0.029,0.023,0.017,0.010,0.002,-0.005,-0.011,-0.014,NaN,NaN,NaN,NaN,NaN,375592875.000
NaN,NaN,NaN,NaN,NaN,NaN,-0.011,-0.008,0.000,0.007,0.016,0.021,0.025,0.028,0.027,0.021,0.011,-0.001,-0.012,-0.025,-0.033,-0.039,-0.039,-0.033,-0.021,-0.011,0.004,0.020,0.031,0.039,0.042,0.039,NaN,0.019,0.008,-0.009,-0.026,-0.033,-0.041,-0.043,-0.038,-0.028,-0.016,0.000,0.011,0.023,0.029,0.035,0.033,0.028,0.019,0.009,-0.001,-0.010,-0.017,-0.021,-0.022,-0.019,-0.014,NaN,NaN,NaN,NaN,NaN,375592927.000
NaN,NaN,NaN,NaN,NaN,NaN,0.012,0.018,0.023,0.022,0.020,0.016,0.013,0.006,-0.004,-0.014,-0.022,-0.028,-0.034,-0.035,-0.034,-0.034,-0.028,-0.017,-0.004,0.005,0.021,0.028,0.038,0.041,0.044,0.042,NaN,0.026,0.016,0.004,-0.011,-0.023,-0.029,-0.037,-0.040,-0.039,-0.039,-0.031,-0.021,-0.009,0.001,0.010,0.018,0.026,0.030,0.029,0.028,0.025,0.019,0.012,0.004,-0.002,-0.006,NaN,NaN,NaN,NaN,NaN,375592978.000
NaN,NaN,NaN,NaN,NaN,NaN,0.007,0.012,0.017,0.021,0.025,0.025,0.022,0.017,0.009,-0.002,-0.010,-0.021,-0.027,-0.035,-0.038,-0.039,-0.033,-0.026,-0.014,-0.002,0.011,0.024,0.035,0.040,0.041,0.042,NaN,0.027,0.017,0.004,-0.009,-0.024,-0.032,-0.037,-0.041,-0.042,-0.035,-0.027,-0.015,-0.004,0.007,0.019,0.026,0.031,0.032,0.030,0.025,0.018,0.011,0.003,-0.003,-0.009,-0.012,NaN,NaN,NaN,NaN,NaN,375593030.000
NaN,NaN,NaN,NaN,NaN,NaN,0.006,0.011,0.017,0.021,0.025,0.025,0.022,0.018,0.011,-0.000,-0.010,-0.021,-0.028,-0.035,-0.037,-0.039,-0.036,-0.025,-0.015,-0.004,0.011,0.022,0.034,0.042,0.045,0.044,NaN,0.028,0.019,0.005,-0.011,-0.021,-0.030,-0.040,-0.042,-0.041,-0.037,-0.027,-0.015,-0.005,0.007,0.015,0.023,0.030,0.031,0.031,0.027,0.020,0.012,0.005,-0.003,-0.009,-0.013,NaN,NaN,NaN,NaN,NaN,375593081.000
NaN,NaN,NaN,NaN,NaN,NaN,-0.012,-0.006,-0.000,0.007,0.018,0.023,0.028,0.029,0.027,0.021,0.008,-0.002,-0.016,-0.027,-0.031,-0.042,-0.039,-0.034,-0.022,-0.010,0.007,0.020,0.037,0.040,0.042,0.036,NaN,0.020,0.004,-0.010,-0.026,-0.035,-0.042,-0.043,-0.038,-0.028,-0.015,-0.000,0.014,0.025,0.030,0.038,0.033,0.029,0.019,0.008,-0.004,-0.012,-0.017,-0.022,-0.021,-0.018,-0.012,NaN,NaN,NaN,NaN,NaN,375593133.000
NaN,NaN,NaN,NaN,NaN,NaN,0.012,0.015,0.020,0.023,0.023,0.022,0.019,0.011,0.004,-0.007,-0.017,-0.026,-0.032,-0.037,-0.038,-0.037,-0.030,-0.020,-0.010,-0.000,0.014,0.025,0.037,0.042,0.044,0.041,NaN,0.028,0.017,0.003,-0.010,-0.022,-0.031,-0.034,-0.041,-0.040,-0.038,-0.029,-0.018,-0.008,0.003,0.014,0.022,0.028,0.031,0.031,0.027,0.023,0.017,0.007,-0.001,-0.006,-0.009,NaN,NaN,NaN,NaN,NaN,375593184.000
NaN,NaN,NaN,NaN,NaN,NaN,0.014,0.019,0.021,0.021,0.020,0.017,0.012,0.005,-0.004,-0.014,-0.022,-0.032,-0.035,-0.037,-0.038,-0.034,-0.027,-0.015,-0.005,0.007,0.020,0.029,0.038,0.043,0.045,0.040,NaN,0.025,0.015,0.002,-0.011,-0.022,-0.032,-0.037,-0.043,-0.042,-0.037,-0.031,-0.022,-0.013,-0.001,0.009,0.021,0.027,0.030,0.030,0.031,0.024,0.019,0.012,0.005,-0.001,-0.006,NaN,NaN,NaN,NaN,NaN,375593236.000
NaN,NaN,NaN,NaN,NaN,NaN,-0.006,-0.000,0.007,0.013,0.023,0.025,0.028,0.027,0.020,0.012,0.001,-0.011,-0.021,-0.031,-0.035,-0.043,-0.037,-0.026,-0.014,-0.000,0.015,0.027,0.042,0.044,0.043,0.037,NaN,0.014,0.001,-0.014,-0.029,-0.035,-0.042,-0.041,-0.037,-0.026,-0.015,0.000,0.013,0.025,0.031,0.037,0.032,0.029,0.021,0.011,-0.001,-0.011,-0.017,-0.021,-0.022,-0.020,-0.014,NaN,NaN,NaN,NaN,NaN,375593288.000
NaN,NaN,NaN,NaN,NaN,NaN,0.008,0.012,0.017,0.021,0.024,0.026,0.023,0.014,0.008,-0.003,-0.013,-0.021,-0.029,-0.035,-0.037,-0.039,-0.033,-0.023,-0.010,-0.001,0.013,0.025,0.037,0.042,0.045,0.042,NaN,0.027,0.015,0.001,-0.013,-0.024,-0.032,-0.038,-0.041,-0.039,-0.035,-0.025,-0.015,-0.002,0.008,0.020,0.025,0.031,0.031,0.029,0.024,0.017,0.010,0.002,-0.004,-0.010,-0.012,NaN,NaN,NaN,NaN,NaN,375593340.000
NaN,NaN,NaN,NaN,NaN,NaN,0.011,0.016,0.021,0.022,0.023,0.020,0.016,0.010,0.002,-0.008,-0.019,-0.026,-0.034,-0.035,-0.035,-0.037,-0.030,-0.019,-0.008,0.004,0.016,0.026,0.037,0.041,0.045,0.040,NaN,0.023,0.014,0.003,-0.011,-0.021,-0.032,-0.037,-0.042,-0.038,-0.035,-0.029,-0.019,-0.006,0.005,0.015,0.024,0.028,0.030,0.032,0.027,0.023,0.014,0.006,0.002,-0.006,-0.011,NaN,NaN,NaN,NaN,NaN,375593391.000
NaN,NaN,NaN,NaN,NaN,NaN,0.007,0.014,0.019,0.020,0.024,0.022,0.021,0.013,0.008,-0.001,-0.012,-0.023,-0.031,-0.035,-0.037,-0.037,-0.033,-0.022,-0.011,-0.001,0.014,0.026,0.035,0.042,0.043,0.041,NaN,0.027,0.014,0.001,-0.013,-0.023,-0.033,-0.040,-0.041,-0.041,-0.036,-0.024,-0.013,-0.002,0.009,0.020,0.027,0.031,0.032,0.029,0.024,0.018,0.011,0.003,-0.005,-0.011,-0.013,NaN,NaN,NaN,NaN,NaN,375593444.000
NaN,NaN,NaN,NaN,NaN,NaN,0.005,0.010,0.016,0.022,0.025,0.025,0.024,0.018,0.010,-0.000,-0.012,-0.022,-0.029,-0.034,-0.035,-0.038,-0.032,-0.024,-0.011,0.001,0.014,0.027,0.039,0.042,0.044,0.040,NaN,0.021,0.008,-0.005,-0.018,-0.028,-0.037,-0.042,-0.042,-0.035,-0.029,-0.017,-0.007,0.005,0.016,0.027,0.031,0.033,0.030,0.026,0.018,0.009,0.002,-0.006,-0.011,-0.016,-0.017,NaN,NaN,NaN,NaN,NaN,375593495.000
NaN,NaN,NaN,NaN,NaN,NaN,-0.011,-0.006,0.001,0.006,0.015,0.022,0.027,0.029,0.027,0.020,0.010,-0.000,-0.015,-0.026,-0.034,-0.040,-0.039,-0.031,-0.023,-0.009,0.007,0.020,0.033,0.041,0.043,0.039,NaN,0.019,0.006,-0.009,-0.026,-0.033,-0.041,-0.043,-0.038,-0.027,-0.016,-0.001,0.013,0.024,0.030,0.035,0.034,0.028,0.018,0.009,-0.004,-0.011,-0.017,-0.022,-0.021,-0.019,-0.014,NaN,NaN,NaN,NaN,NaN,375593547.000
NaN,NaN,NaN,NaN,NaN,NaN,0.007,0.012,0.017,0.020,0.024,0.023,0.024,0.015,0.009,-0.000,-0.011,-0.020,-0.027,-0.036,-0.036,-0.038,-0.032,-0.027,-0.011,-0.002,0.013,0.022,0.035,0.041,0.041,0.042,NaN,0.028,0.016,0.003,-0.010,-0.022,-0.032,-0.038,-0.043,-0.041,-0.035,-0.025,-0.016,-0.005,0.008,0.018,0.026,0.030,0.031,0.030,0.026,0.017,0.011,0.003,-0.003,-0.009,-0.012,NaN,NaN,NaN,NaN,NaN,375593598.000
NaN,NaN,NaN,NaN,NaN,NaN,0.010,0.014,0.019,0.022,0.022,0.023,0.021,0.014,0.005,-0.003,-0.014,-0.024,-0.031,-0.037,-0.036,-0.037,-0.033,-0.025,-0.014,-0.000,0.012,0.023,0.034,0.040,0.042,0.042,NaN,0.030,0.019,0.008,-0.007,-0.019,-0.028,-0.038,-0.039,-0.041,-0.038,-0.031,-0.022,-0.009,0.000,0.011,0.020,0.026,0.030,0.031,0.029,0.022,0.017,0.010,0.003,-0.003,-0.008,NaN,NaN,NaN,NaN,NaN,375593650.000
NaN,NaN,NaN,NaN,NaN,NaN,0.008,0.013,0.019,0.021,0.023,0.023,0.019,0.013,0.006,-0.003,-0.015,-0.025,-0.030,-0.036,-0.037,-0.036,-0.030,-0.022,-0.012,0.001,0.016,0.027,0.039,0.041,0.042,0.040,NaN,0.022,0.011,-0.002,-0.014,-0.026,-0.035,-0.039,-0.042,-0.040,-0.033,-0.022,-0.011,-0.000,0.011,0.021,0.028,0.031,0.031,0.028,0.022,0.017,0.010,0.001,-0.006,-0.010,-0.014,NaN,NaN,NaN,NaN,NaN,375593703.000
NaN,NaN,NaN,NaN,NaN,NaN,-0.010,-0.005,0.001,0.011,0.018,0.023,0.027,0.027,0.023,0.017,0.006,-0.008,-0.019,-0.028,-0.033,-0.042,-0.037,-0.029,-0.017,-0.003,0.013,0.024,0.038,0.042,0.043,0.039,NaN,0.014,-0.002,-0.015,-0.031,-0.036,-0.042,-0.042,-0.034,-0.025,-0.011,0.005,0.018,0.026,0.032,0.037,0.031,0.026,0.015,0.004,-0.007,-0.015,-0.018,-0.024,-0.021,-0.019,-0.012,NaN,NaN,NaN,NaN,NaN,375593754.000
NaN,NaN,NaN,NaN,NaN,NaN,0.015,0.020,0.020,0.021,0.018,0.015,0.010,0.003,-0.006,-0.016,-0.025,-0.033,-0.034,-0.036,-0.035,-0.032,-0.022,-0.013,-0.001,0.011,0.022,0.029,0.038,0.043,0.043,0.039,NaN,0.023,0.010,-0.003,-0.013,-0.026,-0.031,-0.038,-0.040,-0.041,-0.037,-0.029,-0.017,-0.008,0.004,0.014,0.023,0.027,0.032,0.032,0.027,0.023,0.017,0.010,0.004,-0.004,-0.008,NaN,NaN,NaN,NaN,NaN,375593806.000
NaN,NaN,NaN,NaN,NaN,NaN,0.016,0.017,0.020,0.021,0.019,0.016,0.010,0.002,-0.007,-0.015,-0.025,-0.033,-0.035,-0.036,-0.035,-0.032,-0.024,-0.013,-0.002,0.010,0.022,0.031,0.037,0.043,0.043,0.039,NaN,0.023,0.011,-0.001,-0.013,-0.022,-0.031,-0.038,-0.041,-0.040,-0.038,-0.031,-0.019,-0.009,0.003,0.011,0.020,0.026,0.030,0.032,0.027,0.023,0.017,0.010,0.005,-0.004,-0.007,NaN,NaN,NaN,NaN,NaN,375593857.000
NaN,NaN,NaN,NaN,NaN,NaN,0.002,0.008,0.014,0.020,0.025,0.026,0.024,0.020,0.014,0.002,-0.006,-0.019,-0.026,-0.033,-0.036,-0.039,-0.035,-0.027,-0.014,-0.004,0.011,0.021,0.035,0.042,0.043,0.042,NaN,0.026,0.015,0.000,-0.015,-0.025,-0.035,-0.041,-0.043,-0.038,-0.033,-0.022,-0.011,0.002,0.012,0.024,0.029,0.032,0.031,0.029,0.020,0.013,0.005,-0.003,-0.010,-0.013,-0.016,NaN,NaN,NaN,NaN,NaN,375593909.000
NaN,NaN,NaN,NaN,NaN,NaN,-0.014,-0.015,0.000,0.021,0.015,-0.007,-0.026,-0.016,0.013,0.032,0.016,-0.019,-0.032,-0.008,0.029,0.035,0.000,-0.035,-0.032,0.009,0.038,0.027,-0.015,-0.041,-0.022,0.022,NaN,0.013,-0.029,-0.038,-0.004,0.035,0.034,-0.005,-0.037,-0.028,0.011,0.038,0.022,-0.017,-0.034,-0.014,0.023,0.028,0.005,-0.021,-0.024,0.002,0.023,0.018,-0.003,-0.017,-0.011,NaN,NaN,NaN,NaN,NaN,375593960.000
NaN,NaN,NaN,NaN,NaN,NaN,-0.010,-0.005,0.001,0.008,0.017,0.022,0.027,0.029,0.025,0.019,0.008,-0.004,-0.017,-0.027,-0.035,-0.039,-0.037,-0.033,-0.021,-0.007,0.009,0.021,0.036,0.041,0.043,0.040,NaN,0.016,0.004,-0.013,-0.026,-0.037,-0.041,-0.043,-0.034,-0.027,-0.012,0.001,0.015,0.025,0.031,0.037,0.033,0.027,0.018,0.005,-0.003,-0.012,-0.019,-0.021,-0.022,-0.017,-0.012,NaN,NaN,NaN,NaN,NaN,375594012.000
NaN,NaN,NaN,NaN,NaN,NaN,0.011,0.016,0.020,0.023,0.024,0.023,0.016,0.011,0.003,-0.006,-0.016,-0.024,-0.033,-0.036,-0.038,-0.037,-0.032,-0.022,-0.011,0.001,0.016,0.026,0.036,0.041,0.042,0.042,NaN,0.027,0.017,0.004,-0.010,-0.021,-0.032,-0.039,-0.041,-0.041,-0.037,-0.030,-0.021,-0.007,-0.000,0.013,0.021,0.027,0.031,0.030,0.026,0.022,0.016,0.008,0.002,-0.005,-0.009,NaN,NaN,NaN,NaN,NaN,375594064.000
NaN,NaN,NaN,NaN,NaN,NaN,0.012,0.019,0.022,0.022,0.022,0.020,0.013,0.006,-0.004,-0.015,-0.022,-0.029,-0.033,-0.037,-0.036,-0.032,-0.024,-0.013,-0.000,0.010,0.023,0.031,0.041,0.043,0.041,0.038,NaN,0.018,0.007,-0.006,-0.019,-0.028,-0.037,-0.041,-0.042,-0.039,-0.033,-0.022,-0.009,-0.001,0.011,0.020,0.027,0.029,0.032,0.030,0.022,0.020,0.010,0.003,-0.004,-0.010,-0.012,NaN,NaN,NaN,NaN,NaN,375594115.000
NaN,NaN,NaN,NaN,NaN,NaN,-0.013,-0.008,-0.003,0.005,0.013,0.021,0.028,0.031,0.028,0.024,0.013,0.001,-0.012,-0.023,-0.030,-0.041,-0.041,-0.036,-0.025,-0.015,0.002,0.015,0.030,0.040,0.043,0.042,NaN,0.023,0.011,-0.004,-0.020,-0.033,-0.038,-0.043,-0.039,-0.032,-0.019,-0.006,0.009,0.021,0.029,0.035,0.034,0.030,0.021,0.012,0.002,-0.007,-0.015,-0.021,-0.023,-0.021,-0.014,NaN,NaN,NaN,NaN,NaN,375594167.000
NaN,NaN,NaN,NaN,NaN,NaN,0.003,0.009,0.016,0.020,0.023,0.024,0.023,0.018,0.010,-0.000,-0.010,-0.020,-0.029,-0.033,-0.036,-0.037,-0.031,-0.021,-0.006,0.005,0.019,0.029,0.041,0.042,0.042,0.035,NaN,0.015,0.001,-0.012,-0.026,-0.034,-0.041,-0.040,-0.039,-0.032,-0.022,-0.008,0.004,0.017,0.025,0.033,0.033,0.032,0.026,0.018,0.009,0.001,-0.007,-0.012,-0.016,-0.020,-0.016,NaN,NaN,NaN,NaN,NaN,375594219.000
NaN,NaN,NaN,NaN,NaN,NaN,-0.004,0.002,0.008,0.014,0.022,0.027,0.027,0.024,0.019,0.010,-0.001,-0.013,-0.023,-0.030,-0.036,-0.042,-0.037,-0.028,-0.016,-0.003,0.012,0.022,0.037,0.042,0.043,0.041,NaN,0.022,0.007,-0.007,-0.022,-0.031,-0.039,-0.040,-0.039,-0.032,-0.024,-0.010,0.005,0.015,0.025,0.034,0.033,0.033,0.026,0.019,0.009,-0.001,-0.008,-0.014,-0.018,-0.020,-0.018,NaN,NaN,NaN,NaN,NaN,375594270.000
NaN,NaN,NaN,NaN,NaN,NaN,0.011,0.014,0.019,0.023,0.023,0.023,0.019,0.013,0.004,-0.005,-0.014,-0.023,-0.031,-0.037,-0.037,-0.039,-0.034,-0.023,-0.011,-0.003,0.013,0.023,0.034,0.041,0.043,0.043,NaN,0.031,0.019,0.005,-0.007,-0.020,-0.029,-0.036,-0.041,-0.043,-0.039,-0.031,-0.021,-0.010,0.001,0.011,0.019,0.027,0.030,0.031,0.029,0.023,0.017,0.011,0.004,-0.004,-0.008,NaN,NaN,NaN,NaN,NaN,375594321.000
NaN,NaN,NaN,NaN,NaN,NaN,-0.003,0.002,0.008,0.015,0.022,0.026,0.027,0.024,0.018,0.009,-0.002,-0.013,-0.023,-0.030,-0.036,-0.040,-0.035,-0.026,-0.015,-0.002,0.012,0.023,0.036,0.042,0.041,0.038,NaN,0.019,0.008,-0.008,-0.023,-0.031,-0.038,-0.041,-0.038,-0.030,-0.023,-0.008,0.004,0.016,0.025,0.032,0.035,0.032,0.026,0.019,0.008,-0.001,-0.008,-0.016,-0.018,-0.020,-0.017,NaN,NaN,NaN,NaN,NaN,375594373.000
NaN,NaN,NaN,NaN,NaN,NaN,-0.014,-0.011,-0.006,0.004,0.011,0.020,0.027,0.030,0.029,0.024,0.014,0.002,-0.012,-0.024,-0.032,-0.040,-0.040,-0.036,-0.024,-0.013,0.003,0.019,0.033,0.042,0.043,0.041,NaN,0.019,0.004,-0.011,-0.027,-0.038,-0.042,-0.040,-0.034,-0.024,-0.012,0.005,0.017,0.028,0.033,0.036,0.032,0.025,0.014,0.001,-0.008,-0.019,-0.021,-0.023,-0.021,-0.017,-0.011,NaN,NaN,NaN,NaN,NaN,375594425.000
NaN,NaN,NaN,NaN,NaN,NaN,0.005,-0.003,-0.012,-0.021,-0.024,-0.024,-0.017,-0.006,0.008,0.022,0.031,0.034,0.033,0.021,0.005,-0.011,-0.027,-0.039,-0.042,-0.034,-0.024,-0.003,0.016,0.031,0.044,0.044,NaN,0.020,0.003,-0.017,-0.035,-0.040,-0.040,-0.032,-0.018,0.001,0.019,0.033,0.038,0.036,0.028,0.012,-0.003,-0.018,-0.026,-0.030,-0.029,-0.018,-0.007,0.004,0.012,0.018,0.018,NaN,NaN,NaN,NaN,NaN,375594477.000
NaN,NaN,NaN,NaN,NaN,NaN,-0.006,-0.002,0.007,0.014,0.021,0.025,0.028,0.026,0.023,0.014,0.002,-0.008,-0.021,-0.030,-0.036,-0.040,-0.037,-0.034,-0.023,-0.009,0.006,0.019,0.033,0.041,0.044,0.042,NaN,0.026,0.013,-0.003,-0.018,-0.029,-0.037,-0.040,-0.041,-0.036,-0.024,-0.014,0.000,0.013,0.024,0.030,0.034,0.034,0.029,0.021,0.013,0.003,-0.005,-0.016,-0.016,-0.019,-0.018,NaN,NaN,NaN,NaN,NaN,375594528.000
NaN,NaN,NaN,NaN,NaN,NaN,0.015,0.019,0.020,0.020,0.020,0.015,0.009,-0.001,-0.008,-0.019,-0.026,-0.032,-0.036,-0.037,-0.035,-0.031,-0.024,-0.014,-0.003,0.009,0.020,0.029,0.039,0.041,0.043,0.043,NaN,0.026,0.019,0.005,-0.007,-0.018,-0.029,-0.035,-0.040,-0.041,-0.039,-0.034,-0.025,-0.016,-0.005,0.004,0.015,0.020,0.028,0.029,0.029,0.027,0.022,0.016,0.009,0.004,-0.001,NaN,NaN,NaN,NaN,NaN,375594580.000
NaN,NaN,NaN,NaN,NaN,NaN,-0.017,-0.013,-0.010,-0.002,0.007,0.017,0.026,0.030,0.032,0.027,0.018,0.007,-0.006,-0.021,-0.031,-0.040,-0.040,-0.037,-0.026,-0.015,0.004,0.016,0.033,0.041,0.043,0.039,NaN,0.019,0.002,-0.015,-0.029,-0.038,-0.042,-0.041,-0.032,-0.021,-0.006,0.009,0.023,0.031,0.034,0.036,0.030,0.020,0.007,-0.004,-0.015,-0.020,-0.022,-0.025,-0.020,-0.013,-0.006,NaN,NaN,NaN,NaN,NaN,375594632.000
NaN,NaN,NaN,NaN,NaN,NaN,0.012,0.018,0.020,0.022,0.022,0.020,0.016,0.009,0.000,-0.010,-0.019,-0.027,-0.033,-0.037,-0.035,-0.035,-0.028,-0.017,-0.007,0.006,0.019,0.028,0.038,0.042,0.042,0.041,NaN,0.022,0.014,-0.002,-0.014,-0.023,-0.033,-0.041,-0.042,-0.038,-0.035,-0.025,-0.015,-0.004,0.006,0.017,0.024,0.029,0.031,0.031,0.025,0.019,0.012,0.006,-0.000,-0.006,-0.010,NaN,NaN,NaN,NaN,NaN,375594684.000
NaN,NaN,NaN,NaN,NaN,NaN,-0.011,-0.006,0.001,0.008,0.017,0.023,0.028,0.030,0.026,0.019,0.011,-0.000,-0.012,-0.024,-0.033,-0.039,-0.040,-0.037,-0.026,-0.017,-0.000,0.013,0.027,0.036,0.043,0.043,NaN,0.030,0.016,-0.001,-0.017,-0.028,-0.036,-0.040,-0.040,-0.037,-0.027,-0.014,-0.000,0.013,0.022,0.031,0.035,0.033,0.028,0.018,0.009,-0.000,-0.008,-0.015,-0.020,-0.020,-0.017,NaN,NaN,NaN,NaN,NaN,375594735.000
NaN,NaN,NaN,NaN,NaN,NaN,-0.012,-0.007,-0.000,0.007,0.016,0.023,0.028,0.030,0.025,0.020,0.009,-0.001,-0.015,-0.026,-0.033,-0.040,-0.040,-0.033,-0.021,-0.008,0.006,0.019,0.034,0.041,0.044,0.041,NaN,0.020,0.005,-0.010,-0.024,-0.036,-0.042,-0.041,-0.037,-0.028,-0.014,0.000,0.013,0.022,0.031,0.037,0.033,0.030,0.019,0.007,-0.004,-0.011,-0.018,-0.021,-0.020,-0.018,-0.014,NaN,NaN,NaN,NaN,NaN,375594787.000
NaN,NaN,NaN,NaN,NaN,NaN,-0.016,-0.012,-0.008,0.001,0.010,0.017,0.024,0.030,0.028,0.025,0.018,0.005,-0.008,-0.020,-0.030,-0.042,-0.041,-0.038,-0.025,-0.014,0.001,0.017,0.031,0.040,0.044,0.040,NaN,0.021,0.008,-0.007,-0.024,-0.034,-0.041,-0.042,-0.037,-0.029,-0.013,0.001,0.014,0.024,0.034,0.035,0.034,0.026,0.017,0.005,-0.006,-0.015,-0.020,-0.023,-0.021,-0.018,-0.011,NaN,NaN,NaN,NaN,NaN,375594839.000
NaN,NaN,NaN,NaN,NaN,NaN,-0.011,-0.007,0.001,0.007,0.015,0.022,0.027,0.026,0.025,0.019,0.009,-0.003,-0.015,-0.026,-0.032,-0.039,-0.036,-0.031,-0.020,-0.009,0.006,0.018,0.033,0.039,0.041,0.039,NaN,0.018,0.005,-0.010,-0.025,-0.032,-0.040,-0.038,-0.035,-0.027,-0.013,0.001,0.015,0.023,0.029,0.034,0.031,0.025,0.018,0.007,-0.002,-0.012,-0.017,-0.020,-0.021,-0.018,-0.013,NaN,NaN,NaN,NaN,NaN,375594889.000
NaN,NaN,NaN,NaN,NaN,NaN,0.004,0.010,0.017,0.022,0.023,0.025,0.023,0.019,0.012,0.004,-0.006,-0.018,-0.026,-0.033,-0.040,-0.040,-0.037,-0.028,-0.018,-0.005,0.007,0.020,0.033,0.040,0.042,0.046,NaN,0.033,0.019,0.009,-0.007,-0.018,-0.029,-0.039,-0.041,-0.039,-0.038,-0.029,-0.019,-0.008,0.003,0.015,0.023,0.029,0.032,0.031,0.027,0.020,0.012,0.006,-0.001,-0.008,-0.011,NaN,NaN,NaN,NaN,NaN,375594941.000
NaN,NaN,NaN,NaN,NaN,NaN,-0.000,0.005,0.013,0.019,0.024,0.026,0.025,0.023,0.015,0.006,-0.005,-0.014,-0.026,-0.034,-0.038,-0.040,-0.035,-0.026,-0.014,-0.004,0.012,0.022,0.037,0.043,0.044,0.040,NaN,0.021,0.010,-0.004,-0.022,-0.030,-0.039,-0.042,-0.040,-0.037,-0.028,-0.014,-0.003,0.011,0.021,0.031,0.033,0.033,0.031,0.022,0.015,0.006,-0.003,-0.010,-0.015,-0.018,-0.018,NaN,NaN,NaN,NaN,NaN,375594993.000
NaN,NaN,NaN,NaN,NaN,NaN,-0.005,0.000,0.007,0.015,0.023,0.025,0.027,0.028,0.021,0.012,0.001,-0.010,-0.021,-0.031,-0.035,-0.042,-0.038,-0.032,-0.019,-0.007,0.009,0.021,0.034,0.041,0.043,0.040,NaN,0.021,0.011,-0.006,-0.018,-0.030,-0.039,-0.041,-0.040,-0.035,-0.025,-0.012,0.001,0.014,0.023,0.032,0.033,0.033,0.029,0.019,0.012,0.000,-0.008,-0.015,-0.018,-0.018,-0.016,NaN,NaN,NaN,NaN,NaN,375595045.000
NaN,NaN,NaN,NaN,NaN,NaN,-0.008,-0.001,0.006,0.012,0.019,0.026,0.027,0.028,0.021,0.016,0.004,-0.006,-0.019,-0.029,-0.035,-0.041,-0.039,-0.032,-0.019,-0.007,0.010,0.022,0.035,0.042,0.043,0.041,NaN,0.019,0.009,-0.008,-0.022,-0.033,-0.041,-0.042,-0.040,-0.032,-0.020,-0.006,0.009,0.020,0.028,0.035,0.036,0.031,0.023,0.014,0.002,-0.007,-0.012,-0.019,-0.020,-0.020,-0.017,NaN,NaN,NaN,NaN,NaN,375595096.000
NaN,NaN,NaN,NaN,NaN,NaN,-0.012,-0.008,-0.001,0.007,0.016,0.022,0.026,0.029,0.027,0.020,0.011,-0.002,-0.014,-0.026,-0.033,-0.040,-0.038,-0.034,-0.021,-0.010,0.006,0.020,0.035,0.041,0.044,0.039,NaN,0.020,0.006,-0.010,-0.025,-0.034,-0.042,-0.042,-0.038,-0.028,-0.015,0.001,0.012,0.023,0.030,0.037,0.035,0.028,0.019,0.010,-0.002,-0.012,-0.017,-0.022,-0.022,-0.020,-0.014,NaN,NaN,NaN,NaN,NaN,375595148.000
NaN,NaN,NaN,NaN,NaN,NaN,-0.006,0.000,0.007,0.014,0.022,0.024,0.028,0.027,0.024,0.014,0.003,-0.008,-0.019,-0.028,-0.036,-0.041,-0.037,-0.032,-0.022,-0.008,0.005,0.018,0.033,0.039,0.043,0.042,NaN,0.025,0.013,-0.002,-0.017,-0.029,-0.038,-0.042,-0.041,-0.037,-0.027,-0.015,-0.001,0.012,0.022,0.031,0.034,0.034,0.029,0.022,0.014,0.001,-0.005,-0.013,-0.017,-0.019,-0.017,NaN,NaN,NaN,NaN,NaN,375595200.000
NaN,NaN,NaN,NaN,NaN,NaN,-0.015,-0.011,-0.007,0.001,0.010,0.019,0.025,0.031,0.030,0.026,0.016,0.005,-0.009,-0.022,-0.032,-0.040,-0.040,-0.036,-0.026,-0.014,0.002,0.015,0.034,0.041,0.044,0.041,NaN,0.020,0.007,-0.009,-0.024,-0.035,-0.040,-0.042,-0.037,-0.028,-0.011,0.004,0.016,0.027,0.032,0.036,0.032,0.027,0.015,0.004,-0.006,-0.016,-0.020,-0.023,-0.023,-0.018,-0.012,NaN,NaN,NaN,NaN,NaN,375595251.000
NaN,NaN,NaN,NaN,NaN,NaN,0.003,0.011,0.015,0.020,0.024,0.026,0.023,0.018,0.009,-0.001,-0.011,-0.021,-0.030,-0.035,-0.038,-0.038,-0.030,-0.022,-0.007,0.007,0.020,0.030,0.039,0.043,0.042,0.038,NaN,0.015,0.001,-0.013,-0.026,-0.035,-0.041,-0.041,-0.040,-0.031,-0.020,-0.009,0.006,0.017,0.025,0.034,0.035,0.031,0.026,0.020,0.008,0.000,-0.007,-0.013,-0.019,-0.020,-0.017,NaN,NaN,NaN,NaN,NaN,375595302.000
NaN,NaN,NaN,NaN,NaN,NaN,-0.001,0.004,0.011,0.020,0.025,0.027,0.027,0.024,0.016,0.009,-0.004,-0.014,-0.027,-0.032,-0.037,-0.040,-0.037,-0.028,-0.017,-0.005,0.010,0.021,0.036,0.042,0.044,0.041,NaN,0.024,0.013,-0.002,-0.017,-0.029,-0.037,-0.041,-0.042,-0.038,-0.028,-0.017,-0.004,0.009,0.019,0.029,0.033,0.034,0.030,0.026,0.017,0.007,-0.001,-0.009,-0.014,-0.017,-0.016,NaN,NaN,NaN,NaN,NaN,375595354.000
NaN,NaN,NaN,NaN,NaN,NaN,-0.013,-0.010,-0.006,0.001,0.011,0.019,0.027,0.030,0.030,0.024,0.015,0.001,-0.010,-0.023,-0.033,-0.040,-0.038,-0.035,-0.024,-0.012,0.003,0.020,0.035,0.042,0.043,0.037,NaN,0.017,0.004,-0.011,-0.027,-0.035,-0.043,-0.042,-0.036,-0.024,-0.010,0.004,0.018,0.029,0.034,0.037,0.034,0.023,0.014,0.003,-0.010,-0.018,-0.022,-0.023,-0.021,-0.017,-0.010,NaN,NaN,NaN,NaN,NaN,375595406.000
NaN,NaN,NaN,NaN,NaN,NaN,-0.015,-0.011,-0.005,0.003,0.014,0.019,0.027,0.030,0.029,0.024,0.015,0.002,-0.012,-0.023,-0.030,-0.040,-0.040,-0.035,-0.023,-0.010,0.006,0.019,0.036,0.040,0.043,0.039,NaN,0.016,0.003,-0.013,-0.029,-0.036,-0.042,-0.041,-0.035,-0.025,-0.010,0.004,0.018,0.027,0.032,0.036,0.034,0.024,0.011,-0.000,-0.009,-0.018,-0.022,-0.023,-0.021,-0.017,-0.009,NaN,NaN,NaN,NaN,NaN,375595458.000
NaN,NaN,NaN,NaN,NaN,NaN,0.014,0.016,0.020,0.021,0.023,0.021,0.016,0.009,0.001,-0.010,-0.020,-0.029,-0.034,-0.036,-0.037,-0.037,-0.027,-0.017,-0.005,0.004,0.021,0.028,0.039,0.043,0.043,0.039,NaN,0.024,0.014,-0.001,-0.016,-0.025,-0.035,-0.039,-0.043,-0.038,-0.036,-0.025,-0.015,-0.004,0.008,0.018,0.024,0.030,0.032,0.030,0.027,0.021,0.013,0.006,0.001,-0.008,-0.011,NaN,NaN,NaN,NaN,NaN,375595509.000
NaN,NaN,NaN,NaN,NaN,NaN,0.010,0.015,0.020,0.022,0.025,0.023,0.019,0.013,0.003,-0.005,-0.015,-0.026,-0.031,-0.036,-0.036,-0.037,-0.031,-0.019,-0.009,0.004,0.019,0.027,0.039,0.041,0.043,0.040,NaN,0.023,0.010,-0.006,-0.017,-0.026,-0.036,-0.042,-0.040,-0.038,-0.034,-0.019,-0.012,0.004,0.012,0.023,0.027,0.032,0.032,0.028,0.022,0.015,0.008,-0.000,-0.007,-0.012,-0.014,NaN,NaN,NaN,NaN,NaN,375595561.000
NaN,NaN,NaN,NaN,NaN,NaN,0.005,0.012,0.016,0.022,0.024,0.025,0.023,0.018,0.010,0.000,-0.009,-0.019,-0.028,-0.033,-0.038,-0.037,-0.035,-0.028,-0.017,-0.004,0.009,0.019,0.032,0.037,0.045,0.043,NaN,0.030,0.016,0.005,-0.009,-0.020,-0.030,-0.038,-0.038,-0.040,-0.036,-0.027,-0.017,-0.005,0.005,0.016,0.025,0.029,0.031,0.029,0.026,0.019,0.010,0.005,-0.002,-0.009,-0.013,NaN,NaN,NaN,NaN,NaN,375595612.000
NaN,NaN,NaN,NaN,NaN,NaN,-0.014,-0.010,-0.005,0.003,0.013,0.021,0.027,0.029,0.028,0.023,0.014,0.003,-0.009,-0.022,-0.032,-0.041,-0.040,-0.035,-0.025,-0.012,0.004,0.019,0.034,0.040,0.044,0.039,NaN,0.021,0.005,-0.011,-0.026,-0.035,-0.042,-0.043,-0.036,-0.026,-0.009,0.003,0.018,0.028,0.035,0.037,0.031,0.025,0.013,0.003,-0.008,-0.016,-0.022,-0.023,-0.023,-0.017,-0.010,NaN,NaN,NaN,NaN,NaN,375595664.000
NaN,NaN,NaN,NaN,NaN,NaN,-0.015,-0.010,-0.006,0.001,0.012,0.019,0.027,0.032,0.029,0.026,0.015,0.004,-0.012,-0.023,-0.031,-0.040,-0.040,-0.037,-0.024,-0.012,0.005,0.018,0.033,0.040,0.044,0.040,NaN,0.020,0.004,-0.011,-0.025,-0.035,-0.043,-0.041,-0.036,-0.026,-0.012,0.003,0.018,0.027,0.033,0.037,0.031,0.026,0.015,0.003,-0.007,-0.016,-0.022,-0.024,-0.022,-0.016,-0.011,NaN,NaN,NaN,NaN,NaN,375595716.000
NaN,NaN,NaN,NaN,NaN,NaN,-0.003,0.004,0.010,0.016,0.022,0.026,0.027,0.025,0.018,0.008,-0.003,-0.014,-0.025,-0.035,-0.035,-0.040,-0.034,-0.026,-0.012,-0.002,0.014,0.026,0.039,0.041,0.043,0.039,NaN,0.019,0.004,-0.012,-0.026,-0.034,-0.041,-0.042,-0.039,-0.031,-0.020,-0.006,0.006,0.019,0.027,0.034,0.034,0.032,0.027,0.016,0.007,-0.004,-0.009,-0.018,-0.020,-0.019,-0.017,NaN,NaN,NaN,NaN,NaN,375595768.000
NaN,NaN,NaN,NaN,NaN,NaN,-0.004,0.002,0.009,0.017,0.023,0.027,0.027,0.024,0.019,0.011,-0.002,-0.014,-0.024,-0.033,-0.036,-0.041,-0.034,-0.028,-0.015,-0.003,0.011,0.025,0.035,0.041,0.044,0.041,NaN,0.018,0.007,-0.009,-0.024,-0.031,-0.039,-0.043,-0.041,-0.032,-0.022,-0.010,0.004,0.019,0.027,0.034,0.034,0.033,0.026,0.017,0.007,-0.002,-0.009,-0.014,-0.018,-0.019,-0.017,NaN,NaN,NaN,NaN,NaN,375595819.000
NaN,NaN,NaN,NaN,NaN,NaN,-0.010,-0.006,0.000,0.009,0.017,0.025,0.026,0.030,0.027,0.019,0.007,-0.004,-0.017,-0.028,-0.034,-0.042,-0.039,-0.032,-0.020,-0.007,0.010,0.023,0.037,0.043,0.045,0.039,NaN,0.016,0.003,-0.013,-0.027,-0.036,-0.041,-0.042,-0.036,-0.027,-0.014,0.002,0.015,0.028,0.032,0.037,0.033,0.028,0.016,0.006,-0.004,-0.013,-0.018,-0.022,-0.021,-0.018,-0.012,NaN,NaN,NaN,NaN,NaN,375595870.000
NaN,NaN,NaN,NaN,NaN,NaN,-0.001,0.004,0.011,0.016,0.023,0.026,0.029,0.023,0.020,0.010,-0.002,-0.011,-0.022,-0.033,-0.036,-0.040,-0.038,-0.030,-0.020,-0.007,0.008,0.019,0.032,0.039,0.044,0.041,NaN,0.028,0.015,0.002,-0.014,-0.026,-0.035,-0.041,-0.041,-0.039,-0.032,-0.019,-0.006,0.007,0.017,0.026,0.032,0.032,0.031,0.027,0.018,0.009,0.001,-0.008,-0.014,-0.017,-0.019,NaN,NaN,NaN,NaN,NaN,375595922.000
NaN,NaN,NaN,NaN,NaN,NaN,0.008,0.010,0.017,0.021,0.023,0.026,0.023,0.018,0.012,-0.000,-0.009,-0.022,-0.030,-0.035,-0.040,-0.037,-0.035,-0.027,-0.016,-0.003,0.010,0.020,0.033,0.038,0.042,0.046,NaN,0.030,0.018,0.006,-0.010,-0.020,-0.029,-0.038,-0.039,-0.041,-0.036,-0.028,-0.017,-0.005,0.007,0.015,0.024,0.029,0.032,0.030,0.026,0.018,0.013,0.003,-0.003,-0.010,-0.011,NaN,NaN,NaN,NaN,NaN,375595974.000
NaN,NaN,NaN,NaN,NaN,NaN,-0.007,-0.002,0.004,0.013,0.021,0.026,0.027,0.029,0.024,0.015,0.005,-0.007,-0.018,-0.029,-0.036,-0.042,-0.038,-0.031,-0.019,-0.007,0.010,0.022,0.036,0.043,0.043,0.041,NaN,0.022,0.009,-0.008,-0.023,-0.034,-0.041,-0.042,-0.040,-0.031,-0.020,-0.006,0.008,0.020,0.028,0.036,0.033,0.030,0.023,0.013,0.002,-0.006,-0.014,-0.018,-0.020,-0.020,-0.017,NaN,NaN,NaN,NaN,NaN,375596026.000
NaN,NaN,NaN,NaN,NaN,NaN,0.010,0.017,0.022,0.022,0.021,0.021,0.017,0.007,0.001,-0.008,-0.019,-0.026,-0.033,-0.037,-0.038,-0.035,-0.031,-0.022,-0.009,0.002,0.012,0.025,0.034,0.040,0.043,0.044,NaN,0.032,0.021,0.008,-0.003,-0.016,-0.027,-0.034,-0.040,-0.041,-0.040,-0.035,-0.025,-0.015,-0.005,0.006,0.014,0.022,0.028,0.029,0.029,0.027,0.022,0.014,0.008,0.002,-0.004,NaN,NaN,NaN,NaN,NaN,375596077.000
NaN,NaN,NaN,NaN,NaN,NaN,0.007,0.013,0.018,0.024,0.024,0.026,0.022,0.017,0.009,0.000,-0.010,-0.021,-0.028,-0.036,-0.039,-0.038,-0.035,-0.029,-0.017,-0.007,0.007,0.020,0.028,0.039,0.041,0.044,NaN,0.036,0.024,0.012,-0.001,-0.013,-0.025,-0.034,-0.039,-0.042,-0.040,-0.033,-0.025,-0.016,-0.004,0.006,0.016,0.025,0.028,0.029,0.028,0.024,0.020,0.012,0.005,-0.002,-0.007,NaN,NaN,NaN,NaN,NaN,375596153.000
NaN,NaN,NaN,NaN,NaN,NaN,0.003,0.008,0.015,0.020,0.024,0.026,0.023,0.018,0.013,0.003,-0.012,-0.022,-0.031,-0.035,-0.038,-0.038,-0.033,-0.021,-0.008,0.004,0.019,0.031,0.039,0.044,0.042,0.036,NaN,0.016,0.002,-0.013,-0.024,-0.035,-0.040,-0.044,-0.040,-0.030,-0.021,-0.010,0.005,0.015,0.024,0.033,0.033,0.033,0.028,0.019,0.011,0.001,-0.008,-0.013,-0.016,-0.019,-0.018,NaN,NaN,NaN,NaN,NaN,375596181.000
NaN,NaN,NaN,NaN,NaN,NaN,-0.006,-0.000,0.007,0.013,0.020,0.026,0.028,0.026,0.022,0.014,0.002,-0.009,-0.021,-0.031,-0.035,-0.041,-0.037,-0.031,-0.021,-0.008,0.007,0.019,0.033,0.040,0.043,0.043,NaN,0.024,0.014,-0.003,-0.020,-0.031,-0.038,-0.042,-0.040,-0.035,-0.026,-0.015,-0.000,0.014,0.023,0.033,0.033,0.032,0.029,0.020,0.013,0.003,-0.006,-0.013,-0.017,-0.018,-0.019,NaN,NaN,NaN,NaN,NaN,375596232.000
NaN,NaN,NaN,NaN,NaN,NaN,0.013,0.018,0.021,0.023,0.023,0.021,0.014,0.008,-0.000,-0.010,-0.021,-0.028,-0.034,-0.038,-0.037,-0.034,-0.026,-0.017,-0.005,0.009,0.021,0.030,0.041,0.042,0.044,0.041,NaN,0.022,0.009,-0.001,-0.016,-0.027,-0.036,-0.041,-0.041,-0.040,-0.034,-0.026,-0.015,-0.002,0.006,0.019,0.026,0.029,0.032,0.029,0.027,0.020,0.013,0.005,-0.002,-0.009,-0.012,NaN,NaN,NaN,NaN,NaN,375596283.000
NaN,NaN,NaN,NaN,NaN,NaN,-0.009,-0.004,0.002,0.009,0.019,0.025,0.028,0.029,0.027,0.019,0.008,-0.004,-0.017,-0.028,-0.033,-0.042,-0.038,-0.034,-0.021,-0.009,0.004,0.019,0.034,0.040,0.043,0.042,NaN,0.024,0.012,-0.005,-0.020,-0.031,-0.039,-0.043,-0.042,-0.034,-0.024,-0.011,0.006,0.018,0.026,0.033,0.035,0.033,0.026,0.016,0.006,-0.004,-0.011,-0.018,-0.021,-0.021,-0.017,NaN,NaN,NaN,NaN,NaN,375596335.000
NaN,NaN,NaN,NaN,NaN,NaN,0.007,-0.001,-0.011,-0.020,-0.025,-0.024,-0.019,-0.009,0.004,0.020,0.031,0.036,0.032,0.022,0.005,-0.011,-0.028,-0.041,-0.040,-0.035,-0.020,-0.002,0.018,0.033,0.041,0.041,NaN,0.016,-0.003,-0.020,-0.038,-0.042,-0.040,-0.028,-0.011,0.009,0.027,0.038,0.038,0.032,0.020,0.005,-0.012,-0.025,-0.031,-0.031,-0.022,-0.012,0.001,0.009,0.018,0.020,0.017,NaN,NaN,NaN,NaN,NaN,375596387.000
NaN,NaN,NaN,NaN,NaN,NaN,-0.015,-0.012,-0.009,-0.001,0.010,0.017,0.024,0.031,0.030,0.026,0.019,0.007,-0.007,-0.018,-0.029,-0.040,-0.040,-0.038,-0.029,-0.017,-0.000,0.014,0.032,0.038,0.041,0.041,NaN,0.024,0.010,-0.006,-0.023,-0.033,-0.038,-0.040,-0.038,-0.029,-0.015,-0.002,0.013,0.023,0.030,0.036,0.034,0.028,0.017,0.005,-0.004,-0.012,-0.020,-0.022,-0.022,-0.018,-0.012,NaN,NaN,NaN,NaN,NaN,375596438.000
NaN,NaN,NaN,NaN,NaN,NaN,-0.007,-0.001,0.007,0.012,0.021,0.025,0.028,0.028,0.023,0.015,0.005,-0.006,-0.019,-0.028,-0.034,-0.041,-0.039,-0.033,-0.023,-0.010,0.001,0.017,0.030,0.040,0.044,0.041,NaN,0.028,0.014,0.002,-0.015,-0.025,-0.036,-0.041,-0.041,-0.037,-0.028,-0.016,-0.004,0.011,0.020,0.029,0.031,0.034,0.030,0.023,0.013,0.005,-0.004,-0.013,-0.016,-0.019,-0.018,NaN,NaN,NaN,NaN,NaN,375596490.000
NaN,NaN,NaN,NaN,NaN,NaN,0.011,0.016,0.021,0.023,0.024,0.023,0.018,0.011,0.003,-0.005,-0.017,-0.025,-0.032,-0.037,-0.038,-0.037,-0.030,-0.021,-0.011,0.003,0.017,0.026,0.036,0.041,0.043,0.042,NaN,0.026,0.017,0.003,-0.010,-0.022,-0.033,-0.038,-0.041,-0.041,-0.037,-0.029,-0.019,-0.006,0.003,0.014,0.023,0.029,0.032,0.033,0.027,0.021,0.015,0.008,-0.000,-0.005,-0.009,NaN,NaN,NaN,NaN,NaN,375596542.000
NaN,NaN,NaN,NaN,NaN,NaN,-0.013,-0.009,-0.004,0.005,0.014,0.021,0.026,0.030,0.026,0.021,0.011,-0.001,-0.014,-0.025,-0.034,-0.041,-0.040,-0.034,-0.020,-0.006,0.011,0.022,0.038,0.042,0.045,0.035,NaN,0.015,-0.001,-0.015,-0.031,-0.036,-0.042,-0.039,-0.032,-0.021,-0.007,0.009,0.023,0.030,0.034,0.038,0.030,0.022,0.009,-0.002,-0.011,-0.019,-0.023,-0.024,-0.021,-0.014,-0.008,NaN,NaN,NaN,NaN,NaN,375596594.000
NaN,NaN,NaN,NaN,NaN,NaN,0.011,0.016,0.019,0.023,0.023,0.021,0.018,0.010,0.002,-0.008,-0.016,-0.027,-0.032,-0.038,-0.036,-0.037,-0.029,-0.022,-0.008,0.003,0.017,0.026,0.037,0.040,0.044,0.043,NaN,0.027,0.016,0.004,-0.011,-0.022,-0.031,-0.038,-0.041,-0.040,-0.036,-0.029,-0.019,-0.006,0.005,0.014,0.022,0.028,0.030,0.030,0.027,0.022,0.015,0.008,0.000,-0.007,-0.009,NaN,NaN,NaN,NaN,NaN,375596646.000
NaN,NaN,NaN,NaN,NaN,NaN,-0.011,-0.007,-0.001,0.007,0.017,0.023,0.028,0.028,0.027,0.020,0.010,-0.002,-0.015,-0.025,-0.034,-0.042,-0.039,-0.032,-0.023,-0.011,0.006,0.019,0.035,0.039,0.043,0.039,NaN,0.021,0.005,-0.009,-0.024,-0.033,-0.041,-0.041,-0.036,-0.028,-0.015,-0.003,0.012,0.025,0.033,0.037,0.032,0.029,0.019,0.008,-0.002,-0.009,-0.018,-0.023,-0.022,-0.020,-0.013,NaN,NaN,NaN,NaN,NaN,375596697.000
NaN,NaN,NaN,NaN,NaN,NaN,0.011,0.017,0.019,0.023,0.023,0.021,0.018,0.013,0.003,-0.008,-0.015,-0.025,-0.032,-0.037,-0.037,-0.037,-0.030,-0.023,-0.009,0.000,0.016,0.026,0.037,0.041,0.044,0.044,NaN,0.028,0.017,0.006,-0.009,-0.020,-0.030,-0.036,-0.042,-0.042,-0.038,-0.031,-0.021,-0.009,0.002,0.013,0.021,0.027,0.029,0.029,0.027,0.025,0.016,0.009,0.001,-0.005,-0.010,NaN,NaN,NaN,NaN,NaN,375596749.000
NaN,NaN,NaN,NaN,NaN,NaN,-0.016,-0.014,-0.012,-0.003,0.006,0.014,0.024,0.028,0.030,0.028,0.021,0.009,-0.005,-0.017,-0.029,-0.039,-0.040,-0.038,-0.030,-0.015,-0.001,0.014,0.030,0.039,0.043,0.043,NaN,0.019,0.006,-0.011,-0.026,-0.036,-0.041,-0.041,-0.034,-0.024,-0.008,0.007,0.021,0.029,0.035,0.035,0.031,0.022,0.010,0.000,-0.011,-0.021,-0.023,-0.023,-0.020,-0.015,-0.007,NaN,NaN,NaN,NaN,NaN,375596801.000
NaN,NaN,NaN,NaN,NaN,NaN,-0.001,0.005,0.011,0.016,0.022,0.025,0.026,0.023,0.017,0.009,-0.004,-0.013,-0.024,-0.032,-0.037,-0.037,-0.035,-0.026,-0.018,-0.006,0.010,0.021,0.033,0.040,0.044,0.042,NaN,0.025,0.012,-0.002,-0.016,-0.028,-0.036,-0.040,-0.040,-0.035,-0.028,-0.017,-0.005,0.008,0.018,0.027,0.033,0.031,0.030,0.025,0.017,0.008,-0.003,-0.009,-0.014,-0.017,-0.017,NaN,NaN,NaN,NaN,NaN,375596853.000
NaN,NaN,NaN,NaN,NaN,NaN,-0.015,-0.009,-0.004,0.004,0.014,0.021,0.027,0.030,0.028,0.024,0.014,0.002,-0.010,-0.022,-0.031,-0.040,-0.040,-0.037,-0.026,-0.016,0.000,0.015,0.031,0.038,0.041,0.041,NaN,0.028,0.012,-0.005,-0.021,-0.029,-0.039,-0.042,-0.040,-0.033,-0.021,-0.006,0.008,0.019,0.030,0.038,0.033,0.032,0.022,0.012,0.003,-0.009,-0.015,-0.022,-0.022,-0.019,-0.015,NaN,NaN,NaN,NaN,NaN,375596905.000
NaN,NaN,NaN,NaN,NaN,NaN,0.008,0.015,0.019,0.022,0.024,0.024,0.022,0.013,0.006,-0.005,-0.015,-0.023,-0.030,-0.036,-0.038,-0.038,-0.031,-0.022,-0.008,0.002,0.017,0.026,0.039,0.042,0.044,0.041,NaN,0.024,0.012,-0.000,-0.015,-0.024,-0.035,-0.041,-0.042,-0.040,-0.034,-0.022,-0.013,-0.000,0.011,0.022,0.027,0.032,0.032,0.029,0.024,0.016,0.007,0.002,-0.006,-0.011,-0.014,NaN,NaN,NaN,NaN,NaN,375596956.000
NaN,NaN,NaN,NaN,NaN,NaN,0.012,0.007,-0.003,-0.012,-0.021,-0.026,-0.024,-0.016,-0.004,0.012,0.025,0.033,0.031,0.026,0.011,-0.006,-0.022,-0.034,-0.039,-0.034,-0.021,-0.004,0.017,0.032,0.040,0.040,NaN,0.012,-0.006,-0.022,-0.040,-0.042,-0.032,-0.022,-0.001,0.016,0.033,0.038,0.035,0.023,0.008,-0.008,-0.021,-0.030,-0.027,-0.024,-0.014,0.000,0.009,0.018,0.019,0.017,0.011,NaN,NaN,NaN,NaN,NaN,375597008.000
NaN,NaN,NaN,NaN,NaN,NaN,0.000,0.007,0.013,0.020,0.023,0.027,0.026,0.023,0.016,0.007,-0.003,-0.012,-0.025,-0.033,-0.038,-0.039,-0.038,-0.029,-0.019,-0.009,0.007,0.018,0.030,0.040,0.042,0.042,NaN,0.029,0.021,0.004,-0.009,-0.021,-0.033,-0.038,-0.040,-0.042,-0.036,-0.026,-0.014,-0.002,0.010,0.020,0.027,0.031,0.033,0.030,0.024,0.018,0.008,0.000,-0.006,-0.013,-0.015,NaN,NaN,NaN,NaN,NaN,375597059.000
NaN,NaN,NaN,NaN,NaN,NaN,-0.016,-0.010,-0.007,0.004,0.011,0.020,0.025,0.031,0.028,0.023,0.014,0.004,-0.009,-0.023,-0.033,-0.038,-0.041,-0.035,-0.026,-0.012,0.005,0.017,0.032,0.040,0.044,0.042,NaN,0.019,0.005,-0.013,-0.027,-0.036,-0.043,-0.041,-0.036,-0.026,-0.011,0.004,0.016,0.027,0.032,0.037,0.033,0.026,0.014,0.003,-0.010,-0.019,-0.021,-0.024,-0.021,-0.016,-0.012,NaN,NaN,NaN,NaN,NaN,375597111.000
NaN,NaN,NaN,NaN,NaN,NaN,0.002,0.006,0.013,0.018,0.026,0.025,0.023,0.019,0.012,0.004,-0.007,-0.017,-0.026,-0.033,-0.035,-0.038,-0.032,-0.024,-0.010,0.001,0.014,0.026,0.038,0.041,0.041,0.039,NaN,0.020,0.005,-0.009,-0.022,-0.033,-0.039,-0.041,-0.040,-0.032,-0.023,-0.010,0.002,0.014,0.023,0.031,0.032,0.033,0.029,0.022,0.012,0.004,-0.003,-0.011,-0.016,-0.019,-0.017,NaN,NaN,NaN,NaN,NaN,375597162.000
NaN,NaN,NaN,NaN,NaN,NaN,0.013,0.008,-0.002,-0.013,-0.021,-0.026,-0.026,-0.020,-0.006,0.008,0.025,0.035,0.036,0.031,0.016,0.001,-0.018,-0.034,-0.042,-0.040,-0.028,-0.013,0.008,0.026,0.040,0.044,NaN,0.023,0.006,-0.017,-0.034,-0.042,-0.044,-0.030,-0.014,0.005,0.023,0.035,0.040,0.035,0.022,0.006,-0.012,-0.023,-0.030,-0.030,-0.021,-0.012,0.000,0.011,0.018,0.021,0.016,NaN,NaN,NaN,NaN,NaN,375597214.000
NaN,NaN,NaN,NaN,NaN,NaN,0.006,0.012,0.017,0.021,0.023,0.025,0.023,0.018,0.010,0.002,-0.010,-0.019,-0.026,-0.035,-0.040,-0.039,-0.035,-0.028,-0.017,-0.005,0.010,0.021,0.032,0.039,0.043,0.043,NaN,0.030,0.019,0.006,-0.009,-0.020,-0.031,-0.039,-0.041,-0.042,-0.037,-0.028,-0.016,-0.004,0.006,0.016,0.025,0.029,0.034,0.030,0.026,0.020,0.012,0.005,-0.004,-0.008,-0.013,NaN,NaN,NaN,NaN,NaN,375597266.000
NaN,NaN,NaN,NaN,NaN,NaN,0.012,0.017,0.020,0.022,0.024,0.023,0.018,0.011,0.002,-0.008,-0.017,-0.026,-0.033,-0.037,-0.037,-0.036,-0.030,-0.020,-0.008,0.001,0.016,0.026,0.039,0.041,0.044,0.041,NaN,0.027,0.015,0.004,-0.011,-0.020,-0.030,-0.037,-0.042,-0.039,-0.038,-0.031,-0.018,-0.008,0.003,0.015,0.023,0.028,0.030,0.032,0.026,0.021,0.014,0.007,0.002,-0.006,-0.009,NaN,NaN,NaN,NaN,NaN,375597317.000
NaN,NaN,NaN,NaN,NaN,NaN,-0.000,0.006,0.014,0.019,0.024,0.027,0.026,0.023,0.016,0.008,-0.002,-0.014,-0.024,-0.032,-0.035,-0.039,-0.036,-0.028,-0.015,-0.004,0.011,0.025,0.037,0.042,0.043,0.041,NaN,0.022,0.011,-0.004,-0.018,-0.029,-0.038,-0.042,-0.040,-0.036,-0.028,-0.016,-0.003,0.009,0.017,0.029,0.033,0.034,0.030,0.024,0.015,0.006,-0.002,-0.011,-0.015,-0.019,-0.017,NaN,NaN,NaN,NaN,NaN,375597369.000
NaN,NaN,NaN,NaN,NaN,NaN,0.006,0.011,0.019,0.021,0.024,0.025,0.023,0.016,0.011,-0.001,-0.012,-0.021,-0.030,-0.035,-0.037,-0.039,-0.034,-0.026,-0.014,-0.004,0.010,0.021,0.034,0.041,0.042,0.041,NaN,0.029,0.016,0.003,-0.009,-0.024,-0.030,-0.039,-0.040,-0.043,-0.037,-0.025,-0.016,-0.004,0.006,0.016,0.025,0.029,0.032,0.031,0.025,0.018,0.011,0.005,-0.003,-0.009,-0.012,NaN,NaN,NaN,NaN,NaN,375597420.000
NaN,NaN,NaN,NaN,NaN,NaN,0.016,0.018,0.021,0.019,0.021,0.018,0.012,0.003,-0.005,-0.017,-0.024,-0.031,-0.035,-0.038,-0.037,-0.033,-0.028,-0.018,-0.007,0.003,0.016,0.027,0.037,0.039,0.044,0.044,NaN,0.031,0.021,0.009,-0.001,-0.013,-0.024,-0.032,-0.038,-0.041,-0.042,-0.036,-0.028,-0.020,-0.008,0.000,0.010,0.019,0.024,0.028,0.029,0.027,0.024,0.018,0.013,0.005,0.002,NaN,NaN,NaN,NaN,NaN,375597472.000
NaN,NaN,NaN,NaN,NaN,NaN,0.007,0.013,0.018,0.020,0.024,0.023,0.023,0.016,0.009,-0.003,-0.013,-0.022,-0.030,-0.036,-0.036,-0.037,-0.032,-0.021,-0.010,0.000,0.015,0.025,0.038,0.041,0.043,0.042,NaN,0.026,0.014,0.001,-0.013,-0.025,-0.034,-0.040,-0.041,-0.039,-0.036,-0.026,-0.014,-0.002,0.012,0.020,0.025,0.031,0.033,0.028,0.025,0.018,0.010,0.003,-0.005,-0.011,-0.013,NaN,NaN,NaN,NaN,NaN,375597524.000
NaN,NaN,NaN,NaN,NaN,NaN,-0.012,-0.008,-0.001,0.005,0.016,0.023,0.026,0.029,0.027,0.021,0.010,-0.001,-0.014,-0.026,-0.035,-0.042,-0.039,-0.033,-0.024,-0.012,0.003,0.019,0.034,0.043,0.044,0.044,NaN,0.021,0.008,-0.008,-0.024,-0.033,-0.040,-0.042,-0.038,-0.030,-0.017,-0.002,0.013,0.023,0.030,0.037,0.035,0.030,0.020,0.009,-0.002,-0.010,-0.016,-0.023,-0.022,-0.019,-0.015,NaN,NaN,NaN,NaN,NaN,375597575.000
NaN,NaN,NaN,NaN,NaN,NaN,-0.008,-0.004,0.004,0.011,0.021,0.025,0.028,0.028,0.024,0.016,0.005,-0.007,-0.018,-0.028,-0.033,-0.041,-0.040,-0.033,-0.021,-0.010,0.008,0.018,0.034,0.042,0.043,0.041,NaN,0.023,0.008,-0.006,-0.023,-0.033,-0.040,-0.042,-0.040,-0.032,-0.020,-0.007,0.007,0.020,0.027,0.034,0.033,0.032,0.022,0.016,0.005,-0.007,-0.011,-0.019,-0.020,-0.019,-0.017,NaN,NaN,NaN,NaN,NaN,375597634.000
NaN,NaN,NaN,NaN,NaN,NaN,0.000,0.006,0.012,0.019,0.024,0.027,0.027,0.023,0.016,0.008,-0.003,-0.013,-0.023,-0.032,-0.036,-0.040,-0.039,-0.030,-0.020,-0.009,0.005,0.016,0.030,0.039,0.045,0.044,NaN,0.029,0.020,0.008,-0.008,-0.020,-0.031,-0.039,-0.041,-0.040,-0.036,-0.027,-0.016,-0.004,0.009,0.018,0.027,0.030,0.033,0.030,0.024,0.017,0.008,0.000,-0.007,-0.012,-0.014,NaN,NaN,NaN,NaN,NaN,375597686.000
NaN,NaN,NaN,NaN,NaN,NaN,-0.010,-0.002,0.001,0.010,0.018,0.024,0.029,0.028,0.026,0.018,0.007,-0.005,-0.016,-0.026,-0.033,-0.042,-0.039,-0.034,-0.022,-0.010,0.006,0.018,0.033,0.041,0.043,0.044,NaN,0.023,0.009,-0.005,-0.018,-0.029,-0.038,-0.040,-0.040,-0.034,-0.025,-0.008,0.004,0.018,0.025,0.033,0.034,0.033,0.024,0.016,0.005,-0.004,-0.013,-0.017,-0.020,-0.020,-0.016,NaN,NaN,NaN,NaN,NaN,375597738.000
NaN,NaN,NaN,NaN,NaN,NaN,-0.003,0.002,0.008,0.016,0.023,0.026,0.028,0.026,0.020,0.011,-0.001,-0.012,-0.023,-0.032,-0.038,-0.042,-0.037,-0.028,-0.017,-0.005,0.010,0.022,0.037,0.042,0.044,0.040,NaN,0.019,0.008,-0.009,-0.023,-0.031,-0.039,-0.042,-0.039,-0.033,-0.024,-0.010,0.004,0.015,0.025,0.033,0.033,0.032,0.028,0.018,0.010,-0.001,-0.011,-0.014,-0.018,-0.020,-0.018,NaN,NaN,NaN,NaN,NaN,375597788.000
NaN,NaN,NaN,NaN,NaN,NaN,-0.012,-0.006,-0.001,0.006,0.016,0.022,0.026,0.029,0.026,0.021,0.011,0.001,-0.012,-0.024,-0.034,-0.040,-0.039,-0.035,-0.023,-0.012,0.005,0.017,0.034,0.041,0.043,0.038,NaN,0.024,0.008,-0.007,-0.022,-0.033,-0.040,-0.043,-0.038,-0.031,-0.017,-0.002,0.012,0.023,0.031,0.036,0.033,0.029,0.020,0.010,-0.002,-0.010,-0.017,-0.021,-0.023,-0.019,-0.015,NaN,NaN,NaN,NaN,NaN,375597841.000
NaN,NaN,NaN,NaN,NaN,NaN,0.000,0.006,0.014,0.019,0.024,0.027,0.026,0.022,0.016,0.005,-0.006,-0.017,-0.027,-0.033,-0.038,-0.040,-0.035,-0.025,-0.015,-0.002,0.013,0.024,0.038,0.042,0.045,0.041,NaN,0.022,0.009,-0.005,-0.019,-0.030,-0.038,-0.042,-0.043,-0.037,-0.026,-0.015,-0.002,0.011,0.020,0.030,0.032,0.034,0.029,0.024,0.014,0.005,-0.003,-0.010,-0.016,-0.019,-0.018,NaN,NaN,NaN,NaN,NaN,375597893.000
NaN,NaN,NaN,NaN,NaN,NaN,0.004,0.011,0.016,0.022,0.025,0.025,0.024,0.018,0.010,-0.001,-0.010,-0.022,-0.028,-0.035,-0.037,-0.040,-0.031,-0.024,-0.011,0.002,0.015,0.026,0.036,0.041,0.044,0.043,NaN,0.023,0.009,-0.004,-0.019,-0.028,-0.036,-0.040,-0.042,-0.038,-0.030,-0.019,-0.007,0.006,0.016,0.027,0.031,0.034,0.031,0.026,0.020,0.011,0.003,-0.005,-0.010,-0.016,-0.017,NaN,NaN,NaN,NaN,NaN,375597945.000
NaN,NaN,NaN,NaN,NaN,NaN,-0.010,-0.005,0.003,0.009,0.019,0.025,0.029,0.030,0.024,0.018,0.007,-0.005,-0.019,-0.028,-0.036,-0.042,-0.038,-0.033,-0.021,-0.010,0.007,0.019,0.035,0.039,0.044,0.041,NaN,0.024,0.011,-0.005,-0.021,-0.032,-0.041,-0.043,-0.040,-0.032,-0.022,-0.006,0.005,0.019,0.028,0.035,0.034,0.031,0.023,0.016,0.006,-0.005,-0.012,-0.018,-0.020,-0.020,-0.016,NaN,NaN,NaN,NaN,NaN,375597997.000
NaN,NaN,NaN,NaN,NaN,NaN,-0.006,-0.002,0.005,0.013,0.020,0.026,0.027,0.028,0.023,0.014,0.002,-0.009,-0.019,-0.030,-0.036,-0.040,-0.038,-0.028,-0.018,-0.006,0.009,0.022,0.036,0.042,0.042,0.041,NaN,0.020,0.006,-0.009,-0.024,-0.034,-0.040,-0.042,-0.039,-0.030,-0.018,-0.003,0.009,0.022,0.030,0.036,0.036,0.030,0.024,0.014,0.002,-0.007,-0.015,-0.019,-0.021,-0.018,-0.016,NaN,NaN,NaN,NaN,NaN,375598049.000
NaN,NaN,NaN,NaN,NaN,NaN,-0.012,-0.008,-0.002,0.005,0.014,0.022,0.026,0.029,0.028,0.023,0.012,0.003,-0.013,-0.023,-0.031,-0.043,-0.040,-0.034,-0.023,-0.012,0.003,0.018,0.032,0.040,0.043,0.042,NaN,0.024,0.010,-0.007,-0.021,-0.032,-0.041,-0.042,-0.038,-0.031,-0.020,-0.004,0.008,0.022,0.030,0.036,0.035,0.029,0.021,0.010,0.000,-0.009,-0.017,-0.022,-0.021,-0.018,-0.015,NaN,NaN,NaN,NaN,NaN,375598101.000
NaN,NaN,NaN,NaN,NaN,NaN,-0.002,0.003,0.010,0.016,0.022,0.026,0.028,0.025,0.019,0.010,-0.001,-0.014,-0.026,-0.032,-0.037,-0.039,-0.036,-0.028,-0.015,-0.002,0.013,0.023,0.038,0.043,0.044,0.040,NaN,0.019,0.006,-0.008,-0.022,-0.034,-0.039,-0.042,-0.040,-0.033,-0.022,-0.008,0.006,0.015,0.026,0.033,0.035,0.033,0.024,0.017,0.009,-0.002,-0.009,-0.016,-0.020,-0.020,-0.016,NaN,NaN,NaN,NaN,NaN,375598152.000
NaN,NaN,NaN,NaN,NaN,NaN,-0.001,0.006,0.013,0.018,0.023,0.027,0.026,0.023,0.015,0.007,-0.005,-0.015,-0.026,-0.033,-0.037,-0.041,-0.036,-0.028,-0.016,-0.003,0.013,0.023,0.035,0.041,0.043,0.041,NaN,0.024,0.011,-0.004,-0.018,-0.026,-0.038,-0.043,-0.040,-0.035,-0.029,-0.016,-0.003,0.008,0.020,0.030,0.033,0.033,0.030,0.025,0.014,0.008,-0.001,-0.010,-0.016,-0.019,-0.017,NaN,NaN,NaN,NaN,NaN,375598204.000
NaN,NaN,NaN,NaN,NaN,NaN,0.011,0.016,0.021,0.023,0.023,0.021,0.018,0.010,0.000,-0.009,-0.018,-0.027,-0.034,-0.038,-0.039,-0.035,-0.029,-0.019,-0.008,0.005,0.018,0.027,0.037,0.043,0.042,0.043,NaN,0.026,0.015,0.003,-0.012,-0.023,-0.034,-0.039,-0.042,-0.041,-0.035,-0.027,-0.016,-0.005,0.006,0.015,0.024,0.030,0.031,0.031,0.027,0.021,0.015,0.007,-0.000,-0.005,-0.011,NaN,NaN,NaN,NaN,NaN,375598256.000
NaN,NaN,NaN,NaN,NaN,NaN,-0.014,-0.012,-0.007,0.001,0.012,0.019,0.025,0.032,0.028,0.025,0.016,0.005,-0.009,-0.022,-0.031,-0.040,-0.038,-0.035,-0.025,-0.014,0.002,0.016,0.033,0.040,0.045,0.040,NaN,0.021,0.006,-0.009,-0.025,-0.035,-0.041,-0.043,-0.036,-0.027,-0.013,0.002,0.015,0.027,0.032,0.037,0.034,0.026,0.015,0.005,-0.008,-0.016,-0.020,-0.023,-0.021,-0.018,-0.012,NaN,NaN,NaN,NaN,NaN,375598308.000
NaN,NaN,NaN,NaN,NaN,NaN,-0.001,0.005,0.011,0.017,0.022,0.026,0.026,0.024,0.018,0.009,-0.002,-0.012,-0.024,-0.033,-0.036,-0.040,-0.037,-0.029,-0.017,-0.006,0.007,0.021,0.033,0.040,0.043,0.043,NaN,0.025,0.013,-0.001,-0.014,-0.028,-0.036,-0.040,-0.042,-0.039,-0.032,-0.017,-0.006,0.006,0.017,0.027,0.033,0.034,0.032,0.026,0.016,0.010,-0.000,-0.007,-0.014,-0.018,-0.018,NaN,NaN,NaN,NaN,NaN,375598359.000
NaN,NaN,NaN,NaN,NaN,NaN,0.008,0.013,0.019,0.023,0.023,0.022,0.020,0.014,0.007,-0.002,-0.015,-0.022,-0.029,-0.036,-0.035,-0.036,-0.029,-0.023,-0.010,0.002,0.016,0.025,0.038,0.040,0.042,0.040,NaN,0.024,0.012,0.001,-0.013,-0.024,-0.034,-0.038,-0.040,-0.040,-0.034,-0.024,-0.011,-0.001,0.007,0.020,0.026,0.029,0.031,0.028,0.024,0.015,0.009,0.002,-0.006,-0.010,-0.013,NaN,NaN,NaN,NaN,NaN,375598411.000
NaN,NaN,NaN,NaN,NaN,NaN,-0.016,-0.013,-0.008,-0.002,0.009,0.017,0.025,0.030,0.029,0.025,0.016,0.004,-0.007,-0.022,-0.031,-0.039,-0.038,-0.035,-0.024,-0.011,0.004,0.018,0.033,0.041,0.044,0.038,NaN,0.014,0.000,-0.013,-0.032,-0.037,-0.041,-0.038,-0.032,-0.019,-0.005,0.011,0.023,0.030,0.034,0.035,0.027,0.018,0.007,-0.005,-0.015,-0.020,-0.022,-0.023,-0.019,-0.012,-0.005,NaN,NaN,NaN,NaN,NaN,375598463.000
NaN,NaN,NaN,NaN,NaN,NaN,-0.016,-0.014,-0.011,-0.003,0.007,0.016,0.022,0.029,0.030,0.027,0.019,0.008,-0.005,-0.019,-0.028,-0.038,-0.040,-0.039,-0.029,-0.016,-0.003,0.014,0.031,0.039,0.042,0.042,NaN,0.020,0.006,-0.012,-0.025,-0.036,-0.042,-0.045,-0.034,-0.024,-0.009,0.007,0.021,0.029,0.034,0.037,0.031,0.022,0.009,-0.001,-0.012,-0.017,-0.022,-0.024,-0.019,-0.014,-0.008,NaN,NaN,NaN,NaN,NaN,375598513.000
NaN,NaN,NaN,NaN,NaN,NaN,0.000,0.009,0.014,0.019,0.025,0.024,0.025,0.023,0.016,0.006,-0.004,-0.017,-0.027,-0.034,-0.037,-0.039,-0.036,-0.031,-0.017,-0.007,0.008,0.020,0.032,0.040,0.045,0.045,NaN,0.029,0.017,0.004,-0.012,-0.022,-0.032,-0.039,-0.042,-0.040,-0.033,-0.023,-0.013,-0.002,0.011,0.021,0.028,0.032,0.030,0.029,0.022,0.016,0.007,-0.001,-0.007,-0.014,-0.015,NaN,NaN,NaN,NaN,NaN,375598565.000
NaN,NaN,NaN,NaN,NaN,NaN,0.008,0.015,0.019,0.024,0.025,0.024,0.020,0.011,0.003,-0.006,-0.017,-0.026,-0.033,-0.038,-0.037,-0.037,-0.030,-0.021,-0.008,0.006,0.018,0.029,0.039,0.042,0.043,0.043,NaN,0.023,0.011,-0.002,-0.014,-0.027,-0.037,-0.040,-0.041,-0.038,-0.033,-0.022,-0.011,0.001,0.013,0.023,0.029,0.031,0.032,0.029,0.022,0.016,0.008,-0.000,-0.007,-0.011,-0.014,NaN,NaN,NaN,NaN,NaN,375598617.000
NaN,NaN,NaN,NaN,NaN,NaN,0.014,0.018,0.022,0.022,0.022,0.019,0.014,0.005,-0.002,-0.012,-0.021,-0.029,-0.037,-0.038,-0.038,-0.036,-0.028,-0.016,-0.006,0.005,0.017,0.026,0.036,0.041,0.046,0.042,NaN,0.029,0.017,0.004,-0.007,-0.019,-0.028,-0.035,-0.040,-0.042,-0.039,-0.032,-0.023,-0.013,-0.003,0.008,0.019,0.026,0.029,0.030,0.028,0.024,0.019,0.014,0.007,-0.000,-0.005,NaN,NaN,NaN,NaN,NaN,375598669.000
NaN,NaN,NaN,NaN,NaN,NaN,-0.001,0.004,0.008,0.018,0.024,0.025,0.027,0.023,0.018,0.009,-0.002,-0.013,-0.024,-0.032,-0.035,-0.042,-0.037,-0.030,-0.018,-0.008,0.008,0.020,0.035,0.040,0.044,0.042,NaN,0.028,0.013,0.001,-0.014,-0.025,-0.034,-0.039,-0.041,-0.038,-0.030,-0.019,-0.007,0.005,0.017,0.026,0.031,0.033,0.030,0.026,0.018,0.009,-0.000,-0.008,-0.013,-0.015,-0.018,NaN,NaN,NaN,NaN,NaN,375598720.000
NaN,NaN,NaN,NaN,NaN,NaN,-0.004,0.001,0.008,0.017,0.022,0.026,0.028,0.027,0.021,0.010,0.000,-0.011,-0.023,-0.031,-0.037,-0.039,-0.037,-0.027,-0.015,-0.006,0.009,0.022,0.035,0.041,0.042,0.042,NaN,0.022,0.009,-0.005,-0.022,-0.032,-0.039,-0.042,-0.041,-0.035,-0.024,-0.010,0.002,0.015,0.024,0.033,0.035,0.032,0.027,0.019,0.011,-0.001,-0.008,-0.015,-0.020,-0.020,-0.018,NaN,NaN,NaN,NaN,NaN,375598772.000
NaN,NaN,NaN,NaN,NaN,NaN,0.001,0.007,0.013,0.019,0.023,0.026,0.025,0.020,0.014,0.003,-0.007,-0.018,-0.028,-0.034,-0.038,-0.037,-0.033,-0.024,-0.012,0.002,0.016,0.025,0.037,0.043,0.042,0.041,NaN,0.020,0.006,-0.009,-0.022,-0.030,-0.040,-0.042,-0.040,-0.034,-0.026,-0.012,0.000,0.013,0.022,0.031,0.033,0.032,0.028,0.022,0.013,0.005,-0.004,-0.012,-0.017,-0.020,-0.018,NaN,NaN,NaN,NaN,NaN,375598824.000
NaN,NaN,NaN,NaN,NaN,NaN,0.012,0.017,0.021,0.022,0.024,0.020,0.014,0.008,-0.002,-0.012,-0.021,-0.029,-0.034,-0.034,-0.034,-0.036,-0.025,-0.017,-0.002,0.006,0.022,0.029,0.041,0.043,0.043,0.037,NaN,0.025,0.010,-0.003,-0.015,-0.024,-0.034,-0.040,-0.041,-0.041,-0.036,-0.026,-0.013,-0.004,0.007,0.019,0.025,0.030,0.032,0.031,0.025,0.018,0.012,0.005,-0.002,-0.008,-0.012,NaN,NaN,NaN,NaN,NaN,375598875.000
NaN,NaN,NaN,NaN,NaN,NaN,0.012,0.015,0.021,0.022,0.022,0.020,0.016,0.007,-0.002,-0.011,-0.021,-0.028,-0.033,-0.036,-0.034,-0.032,-0.026,-0.017,-0.003,0.008,0.020,0.029,0.037,0.042,0.042,0.041,NaN,0.022,0.012,-0.002,-0.017,-0.026,-0.034,-0.040,-0.043,-0.039,-0.035,-0.025,-0.015,-0.002,0.009,0.018,0.025,0.030,0.032,0.029,0.026,0.020,0.011,0.007,-0.000,-0.008,-0.011,NaN,NaN,NaN,NaN,NaN,375598927.000
NaN,NaN,NaN,NaN,NaN,NaN,0.008,0.014,0.018,0.020,0.024,0.024,0.020,0.015,0.007,-0.002,-0.012,-0.022,-0.031,-0.034,-0.036,-0.036,-0.033,-0.026,-0.014,-0.004,0.010,0.019,0.032,0.037,0.042,0.041,NaN,0.031,0.023,0.009,-0.003,-0.015,-0.024,-0.034,-0.037,-0.041,-0.038,-0.031,-0.024,-0.013,-0.001,0.009,0.018,0.023,0.031,0.030,0.029,0.023,0.016,0.011,0.005,-0.003,-0.007,NaN,NaN,NaN,NaN,NaN,375598979.000
NaN,NaN,NaN,NaN,NaN,NaN,0.001,0.005,0.014,0.017,0.024,0.026,0.024,0.023,0.015,0.006,-0.004,-0.015,-0.025,-0.033,-0.036,-0.040,-0.035,-0.026,-0.014,-0.005,0.012,0.023,0.034,0.041,0.043,0.041,NaN,0.021,0.007,-0.004,-0.021,-0.028,-0.036,-0.039,-0.040,-0.034,-0.028,-0.015,-0.001,0.010,0.020,0.029,0.032,0.033,0.029,0.024,0.014,0.007,-0.003,-0.009,-0.015,-0.018,-0.018,NaN,NaN,NaN,NaN,NaN,375599031.000
NaN,NaN,NaN,NaN,NaN,NaN,-0.014,-0.012,-0.007,-0.001,0.010,0.019,0.025,0.030,0.030,0.025,0.017,0.006,-0.007,-0.020,-0.029,-0.039,-0.039,-0.036,-0.026,-0.016,0.001,0.013,0.030,0.038,0.043,0.043,NaN,0.021,0.009,-0.007,-0.023,-0.033,-0.039,-0.042,-0.037,-0.027,-0.016,0.002,0.014,0.026,0.031,0.038,0.033,0.027,0.016,0.005,-0.005,-0.015,-0.022,-0.023,-0.021,-0.016,-0.012,NaN,NaN,NaN,NaN,NaN,375599082.000
NaN,NaN,NaN,NaN,NaN,NaN,-0.001,0.004,0.011,0.017,0.024,0.025,0.027,0.023,0.017,0.009,-0.003,-0.013,-0.022,-0.031,-0.037,-0.040,-0.037,-0.029,-0.019,-0.006,0.009,0.021,0.034,0.043,0.042,0.041,NaN,0.026,0.013,-0.001,-0.017,-0.025,-0.036,-0.040,-0.041,-0.038,-0.030,-0.019,-0.004,0.008,0.018,0.027,0.030,0.034,0.031,0.025,0.017,0.007,-0.001,-0.008,-0.013,-0.018,-0.017,NaN,NaN,NaN,NaN,NaN,375599134.000
NaN,NaN,NaN,NaN,NaN,NaN,0.004,0.008,0.016,0.020,0.024,0.025,0.022,0.020,0.012,0.004,-0.008,-0.019,-0.027,-0.035,-0.036,-0.037,-0.033,-0.024,-0.015,-0.002,0.011,0.022,0.034,0.041,0.044,0.042,NaN,0.024,0.013,0.001,-0.015,-0.025,-0.034,-0.040,-0.040,-0.037,-0.032,-0.022,-0.010,0.004,0.014,0.024,0.029,0.030,0.032,0.026,0.022,0.012,0.003,-0.005,-0.009,-0.014,-0.015,NaN,NaN,NaN,NaN,NaN,375599186.000
NaN,NaN,NaN,NaN,NaN,NaN,-0.007,-0.004,0.004,0.012,0.020,0.024,0.029,0.027,0.023,0.015,0.006,-0.008,-0.018,-0.028,-0.034,-0.041,-0.037,-0.032,-0.020,-0.007,0.008,0.020,0.035,0.042,0.043,0.041,NaN,0.020,0.008,-0.008,-0.022,-0.032,-0.039,-0.042,-0.039,-0.033,-0.019,-0.007,0.008,0.019,0.027,0.034,0.035,0.031,0.023,0.013,0.003,-0.007,-0.012,-0.019,-0.021,-0.020,-0.015,NaN,NaN,NaN,NaN,NaN,375599238.000
NaN,NaN,NaN,NaN,NaN,NaN,-0.010,-0.003,-0.000,0.009,0.019,0.024,0.027,0.027,0.023,0.016,0.006,-0.006,-0.018,-0.029,-0.034,-0.041,-0.038,-0.030,-0.019,-0.006,0.011,0.020,0.038,0.043,0.044,0.040,NaN,0.015,0.002,-0.013,-0.027,-0.037,-0.042,-0.041,-0.034,-0.025,-0.012,0.004,0.016,0.027,0.032,0.037,0.032,0.027,0.016,0.007,-0.004,-0.014,-0.019,-0.022,-0.021,-0.017,-0.011,NaN,NaN,NaN,NaN,NaN,375599290.000
NaN,NaN,NaN,NaN,NaN,NaN,0.010,0.013,0.019,0.021,0.024,0.025,0.019,0.016,0.008,-0.004,-0.013,-0.022,-0.031,-0.037,-0.037,-0.039,-0.032,-0.025,-0.013,-0.002,0.011,0.021,0.032,0.039,0.044,0.043,NaN,0.029,0.023,0.007,-0.005,-0.016,-0.027,-0.033,-0.038,-0.041,-0.037,-0.031,-0.021,-0.011,-0.002,0.009,0.019,0.027,0.031,0.031,0.030,0.024,0.019,0.010,0.003,-0.003,-0.008,NaN,NaN,NaN,NaN,NaN,375599341.000
NaN,NaN,NaN,NaN,NaN,NaN,0.010,0.014,0.019,0.023,0.024,0.026,0.020,0.014,0.005,-0.004,-0.013,-0.024,-0.031,-0.037,-0.038,-0.035,-0.033,-0.026,-0.013,-0.003,0.010,0.022,0.034,0.040,0.043,0.044,NaN,0.035,0.020,0.010,-0.004,-0.017,-0.028,-0.036,-0.040,-0.041,-0.039,-0.032,-0.023,-0.013,-0.001,0.011,0.020,0.025,0.031,0.030,0.028,0.024,0.018,0.010,0.003,-0.004,-0.008,NaN,NaN,NaN,NaN,NaN,375599393.000
NaN,NaN,NaN,NaN,NaN,NaN,-0.006,-0.018,-0.009,0.014,0.022,0.005,-0.022,-0.023,0.004,0.030,0.018,-0.019,-0.036,-0.010,0.027,0.036,0.000,-0.036,-0.029,0.012,0.040,0.020,-0.024,-0.040,-0.007,0.034,NaN,-0.006,-0.038,-0.027,0.018,0.040,0.018,-0.026,-0.036,-0.004,0.035,0.030,-0.007,-0.037,-0.019,0.018,0.033,0.009,-0.024,-0.027,0.001,0.024,0.017,-0.009,-0.021,-0.007,0.012,NaN,NaN,NaN,NaN,NaN,375599444.000
NaN,NaN,NaN,NaN,NaN,NaN,0.001,0.008,0.014,0.019,0.024,0.027,0.026,0.021,0.016,0.007,-0.005,-0.016,-0.027,-0.033,-0.036,-0.041,-0.036,-0.029,-0.019,-0.007,0.006,0.020,0.034,0.039,0.042,0.044,NaN,0.029,0.018,0.004,-0.011,-0.022,-0.032,-0.037,-0.044,-0.039,-0.034,-0.025,-0.013,-0.002,0.010,0.022,0.027,0.032,0.032,0.029,0.023,0.015,0.008,-0.001,-0.007,-0.012,-0.015,NaN,NaN,NaN,NaN,NaN,375599495.000
NaN,NaN,NaN,NaN,NaN,NaN,-0.006,-0.002,0.006,0.013,0.020,0.026,0.028,0.028,0.023,0.013,-0.000,-0.010,-0.022,-0.031,-0.034,-0.042,-0.038,-0.030,-0.014,-0.005,0.013,0.023,0.040,0.042,0.044,0.038,NaN,0.018,0.005,-0.010,-0.028,-0.036,-0.040,-0.043,-0.038,-0.029,-0.017,-0.001,0.011,0.022,0.030,0.035,0.034,0.032,0.021,0.012,0.002,-0.009,-0.014,-0.019,-0.022,-0.020,-0.016,NaN,NaN,NaN,NaN,NaN,375599547.000
NaN,NaN,NaN,NaN,NaN,NaN,-0.006,-0.000,0.007,0.014,0.023,0.025,0.026,0.027,0.020,0.010,0.000,-0.011,-0.023,-0.031,-0.035,-0.039,-0.035,-0.027,-0.015,-0.001,0.014,0.024,0.038,0.042,0.042,0.035,NaN,0.015,0.001,-0.013,-0.030,-0.036,-0.040,-0.041,-0.035,-0.026,-0.012,-0.001,0.013,0.024,0.030,0.035,0.032,0.028,0.020,0.009,0.001,-0.009,-0.016,-0.021,-0.020,-0.019,-0.014,NaN,NaN,NaN,NaN,NaN,375599599.000
NaN,NaN,NaN,NaN,NaN,NaN,0.011,0.012,0.019,0.021,0.024,0.024,0.021,0.017,0.008,-0.003,-0.013,-0.021,-0.030,-0.036,-0.037,-0.039,-0.034,-0.025,-0.015,-0.004,0.008,0.022,0.033,0.040,0.044,0.044,NaN,0.032,0.022,0.010,-0.005,-0.017,-0.026,-0.035,-0.039,-0.042,-0.040,-0.034,-0.024,-0.014,-0.003,0.009,0.018,0.025,0.031,0.031,0.028,0.024,0.018,0.011,0.005,-0.003,-0.007,NaN,NaN,NaN,NaN,NaN,375599651.000
NaN,NaN,NaN,NaN,NaN,NaN,0.010,0.016,0.019,0.022,0.024,0.023,0.018,0.009,0.002,-0.008,-0.018,-0.027,-0.033,-0.037,-0.038,-0.035,-0.027,-0.017,-0.006,0.006,0.021,0.030,0.041,0.042,0.042,0.038,NaN,0.019,0.009,-0.007,-0.019,-0.029,-0.039,-0.043,-0.043,-0.038,-0.031,-0.020,-0.008,0.005,0.014,0.024,0.031,0.032,0.032,0.027,0.022,0.015,0.007,-0.001,-0.008,-0.013,-0.016,NaN,NaN,NaN,NaN,NaN,375599703.000
NaN,NaN,NaN,NaN,NaN,NaN,-0.013,-0.009,-0.003,0.005,0.013,0.021,0.027,0.030,0.027,0.021,0.012,-0.001,-0.012,-0.026,-0.034,-0.040,-0.038,-0.032,-0.020,-0.006,0.008,0.020,0.035,0.041,0.042,0.039,NaN,0.016,0.001,-0.016,-0.030,-0.038,-0.041,-0.041,-0.035,-0.020,-0.008,0.007,0.020,0.028,0.033,0.036,0.030,0.023,0.011,-0.000,-0.011,-0.019,-0.022,-0.023,-0.020,-0.016,-0.009,NaN,NaN,NaN,NaN,NaN,375599754.000
NaN,NaN,NaN,NaN,NaN,NaN,0.006,0.012,0.017,0.021,0.025,0.022,0.022,0.018,0.007,0.002,-0.011,-0.021,-0.028,-0.034,-0.037,-0.038,-0.033,-0.026,-0.014,-0.003,0.010,0.021,0.035,0.038,0.043,0.041,NaN,0.026,0.018,0.005,-0.009,-0.021,-0.031,-0.038,-0.040,-0.039,-0.036,-0.027,-0.016,-0.004,0.006,0.017,0.023,0.030,0.031,0.028,0.024,0.017,0.011,0.004,-0.003,-0.009,-0.012,NaN,NaN,NaN,NaN,NaN,375599807.000
NaN,NaN,NaN,NaN,NaN,NaN,0.012,0.016,0.021,0.022,0.024,0.022,0.016,0.007,-0.001,-0.010,-0.022,-0.028,-0.035,-0.038,-0.036,-0.034,-0.026,-0.014,-0.001,0.013,0.022,0.033,0.043,0.042,0.043,0.038,NaN,0.018,0.006,-0.009,-0.024,-0.031,-0.041,-0.042,-0.042,-0.037,-0.031,-0.018,-0.006,0.006,0.017,0.026,0.032,0.033,0.033,0.028,0.020,0.013,0.005,-0.004,-0.010,-0.015,-0.016,NaN,NaN,NaN,NaN,NaN,375599858.000
